Order ID,Order Date,Customer Name,Region,City,Category,Sub-Category,Product Name,Quantity,Unit Price,Discount,Sales,Profit,Payment Mode,Discount_Rate,calculated_sales,sales_diff,Profit_Margin,Order_Year,Order_Month,Order_Day,Order_Weekday,Season
10001,2024-10-19,Kashvi Varty,South,Bangalore,Books,Non-Fiction,Non-Fiction Ipsum,2,36294,5,68958.6,10525.09,Debit Card,0.05,68958.59999999999,1.4551915228366852e-11,0.1526291137001041,2024,10,19,5,Fall
10002,2025-08-30,Advik Desai,North,Delhi,Groceries,Rice,Rice Nemo,1,42165,20,33732.0,6299.66,Debit Card,0.2,33732.0,0.0,0.18675619589707101,2025,8,30,5,Summer
10003,2023-11-04,Rhea Kalla,East,Patna,Kitchen,Juicer,Juicer Odio,4,64876,20,207603.2,19850.27,Credit Card,0.2,207603.2,0.0,0.09561639704975645,2023,11,4,5,Fall
10004,2025-05-23,Anika Sen,East,Kolkata,Groceries,Oil,Oil Doloribus,5,37320,15,158610.0,36311.02,Upi,0.15,158610.0,0.0,0.22893272807515286,2025,5,23,4,Spring
10005,2025-01-19,Akarsh Kaul,West,Pune,Clothing,Kids Wear,Kids Wear Quo,1,50037,10,45033.3,9050.04,Debit Card,0.1,45033.3,0.0,0.20096328716749606,2025,1,19,6,winter
10006,2025-04-06,Vardaniya Jayaraman,West,Pune,Furniture,Chair,Chair Assumenda,5,40287,15,171219.75,23722.84,Credit Card,0.15,171219.75,0.0,0.13855200699685638,2025,4,6,6,Spring
10007,2023-10-13,Drishya Khare,West,Mumbai,Clothing,Accessories,Accessories Minima,2,3636,5,6908.4,680.26,Debit Card,0.05,6908.4,0.0,0.09846853106363268,2023,10,13,4,Fall
10008,2025-08-17,Misha Dua,North,Lucknow,Books,Biography,Biography Vel,1,15885,10,14296.5,1289.03,Debit Card,0.1,14296.5,0.0,0.09016402616024902,2025,8,17,6,Summer
10009,2025-03-07,Arhaan Vala,North,Jaipur,Groceries,Spices,Spices Expedita,1,40834,20,32667.2,3700.89,Credit Card,0.2,32667.2,0.0,0.11329070137630405,2025,3,7,4,Spring
10010,2024-12-02,Lavanya Hayer,West,Goa,Kitchen,Juicer,Juicer Voluptatibus,2,16686,15,28366.2,5703.09,Upi,0.15,28366.2,0.0,0.2010523087336337,2024,12,2,0,winter
10011,2025-08-24,Divyansh Thaman,North,Lucknow,Kitchen,Cookware Set,Cookware Set Doloremque,2,10761,20,17217.6,4139.82,Credit Card,0.2,17217.600000000002,3.637978807091713e-12,0.24044117647058824,2025,8,24,6,Summer
10012,2024-05-21,Nishith Kumar,South,Hyderabad,Beauty,Perfume,Perfume Itaque,3,27066,10,73078.2,16216.55,Net Banking,0.1,73078.2,0.0,0.2219068066810622,2024,5,21,1,Spring
10013,2024-12-05,Anika Khanna,North,Chandigarh,Home Decor,Vase,Vase Ratione,1,53951,5,51253.45,6826.05,Credit Card,0.05,51253.45,0.0,0.1331822540726527,2024,12,5,3,winter
10014,2023-12-03,Amani Acharya,East,Patna,Clothing,Women'S Wear,Women's Wear Optio,5,23843,0,119215.0,21029.48,Upi,0.0,119215.0,0.0,0.17639961414251562,2023,12,3,6,winter
10015,2025-07-25,Anay Grewal,North,Jaipur,Kitchen,Juicer,Juicer Debitis,2,15444,5,29343.6,5535.44,Cod,0.05,29343.6,0.0,0.1886421570632097,2025,7,25,4,Summer
10016,2023-10-13,Stuvan Majumdar,East,Bhubaneswar,Electronics,Laptop,Laptop Numquam,5,51645,10,232402.5,35657.72,Debit Card,0.1,232402.5,0.0,0.15343087961618312,2023,10,13,4,Fall
10017,2024-05-24,Ritvik Ramanathan,South,Hyderabad,Electronics,Smartwatch,Smartwatch Ad,3,52691,15,134362.05,26225.16,Upi,0.15,134362.05,0.0,0.19518279156949453,2024,5,24,4,Spring
10018,2025-09-07,Darshit Sharma,South,Chennai,Groceries,Oil,Oil Odio,4,3775,10,13590.0,1234.71,Net Banking,0.1,13590.0,0.0,0.09085430463576159,2025,9,7,6,Fall
10019,2024-06-15,Sara Chanda,East,Patna,Sports,Dumbbells,Dumbbells Soluta,3,16579,20,39789.6,4240.62,Credit Card,0.2,39789.600000000006,7.275957614183426e-12,0.10657609023463417,2024,6,15,5,Summer
10020,2024-01-11,Gatik Ravi,West,Pune,Books,Textbook,Textbook Inventore,5,36393,5,172866.75,39437.91,Debit Card,0.05,172866.75,0.0,0.22814051863646423,2024,1,11,3,winter
10021,2023-10-15,Jivin Sunder,West,Ahmedabad,Kitchen,Refrigerator,Refrigerator Commodi,1,6574,20,5259.2,580.75,Upi,0.2,5259.200000000001,9.094947017729282e-13,0.11042554000608458,2023,10,15,6,Fall
10022,2024-03-16,Kashvi Ratti,North,Lucknow,Groceries,Wheat,Wheat Natus,5,26762,15,113738.5,27267.31,Credit Card,0.15,113738.5,0.0,0.23973685251695778,2024,3,16,5,Spring
10023,2023-11-02,Vivaan Goyal,West,Surat,Books,Comics,Comics Aperiam,1,47699,20,38159.2,8535.56,Upi,0.2,38159.200000000004,7.275957614183426e-12,0.22368288643367787,2023,11,2,3,Fall
10024,2025-07-10,Nayantara Bhagat,East,Ranchi,Beauty,Face Cream,Face Cream Repellat,1,28257,10,25431.3,3959.79,Credit Card,0.1,25431.3,0.0,0.1557053709405339,2025,7,10,3,Summer
10025,2025-06-21,Lakshay Ramakrishnan,North,Chandigarh,Electronics,Headphones,Headphones Itaque,5,24056,20,96224.0,20551.56,Cod,0.2,96224.0,0.0,0.21358039574326573,2025,6,21,5,Summer
10026,2024-01-13,Dhanush Vaidya,South,Chennai,Groceries,Rice,Rice Impedit,2,65756,5,124936.4,19544.76,Upi,0.05,124936.4,0.0,0.15643767548928894,2024,1,13,5,winter
10027,2025-04-22,Kimaya Rege,North,Lucknow,Beauty,Foundation,Foundation Illo,1,8276,0,8276.0,537.47,Net Banking,0.0,8276.0,0.0,0.06494320927984534,2025,4,22,1,Spring
10028,2024-12-12,Anika Wable,East,Bhubaneswar,Furniture,Table,Table Error,3,731,0,2193.0,214.1,Upi,0.0,2193.0,0.0,0.09762881896944824,2024,12,12,3,winter
10029,2025-08-27,Kavya Bhatnagar,North,Delhi,Toys,Rc Car,RC Car Amet,2,67085,20,107336.0,22034.77,Net Banking,0.2,107336.0,0.0,0.20528778788104643,2025,8,27,2,Summer
10030,2024-04-22,Adira Seshadri,North,Chandigarh,Groceries,Sugar,Sugar Excepturi,5,79453,15,337675.25,80309.87,Debit Card,0.15,337675.25,0.0,0.2378316740714636,2024,4,22,0,Spring
10031,2025-01-07,Zaina Sidhu,West,Goa,Groceries,Wheat,Wheat Consequuntur,2,25545,10,45981.0,9818.01,Credit Card,0.1,45981.0,0.0,0.21352319436288902,2025,1,7,1,winter
10032,2023-12-11,Bhamini Kuruvilla,North,Jaipur,Sports,Cricket Bat,Cricket Bat Voluptatum,4,76643,5,291243.4,40522.22,Upi,0.05,291243.39999999997,5.820766091346741e-11,0.1391352387727928,2023,12,11,0,winter
10033,2024-06-24,Kavya Saran,West,Ahmedabad,Furniture,Sofa,Sofa Deleniti,4,60561,20,193795.2,21970.55,Net Banking,0.2,193795.2,0.0,0.11336993898713693,2024,6,24,0,Summer
10034,2025-07-11,Mannat Batta,East,Guwahati,Toys,Rc Car,RC Car Quam,4,19080,20,61056.0,10008.03,Debit Card,0.2,61056.0,0.0,0.1639155856918239,2025,7,11,4,Summer
10035,2023-12-31,Shayak Bala,South,Thiruvananthapuram,Toys,Action Figure,Action Figure Laboriosam,2,48271,20,77233.6,13625.93,Net Banking,0.2,77233.6,0.0,0.17642489797186717,2023,12,31,6,winter
10036,2025-03-08,Hrishita Kumer,South,Thiruvananthapuram,Beauty,Lipstick,Lipstick Accusantium,4,7232,15,24588.8,4643.94,Credit Card,0.15,24588.8,0.0,0.18886403565851118,2025,3,8,5,Spring
10037,2024-12-02,Prisha Gaba,West,Surat,Sports,Dumbbells,Dumbbells Quas,2,78467,0,156934.0,9444.77,Credit Card,0.0,156934.0,0.0,0.06018307059018441,2024,12,2,0,winter
10038,2023-10-19,Arhaan Gole,North,Lucknow,Sports,Yoga Mat,Yoga Mat Quaerat,4,34124,5,129671.2,8392.19,Upi,0.05,129671.2,0.0,0.0647189969708,2023,10,19,3,Fall
10039,2025-09-30,Shaan Bala,East,Ranchi,Toys,Puzzle,Puzzle Assumenda,2,60907,0,121814.0,24378.77,Cod,0.0,121814.0,0.0,0.20013110151542515,2025,9,30,1,Fall
10040,2023-11-16,Taran Kala,North,Lucknow,Kitchen,Refrigerator,Refrigerator Libero,5,9102,10,40959.0,7785.75,Debit Card,0.1,40959.0,0.0,0.19008642789130595,2023,11,16,3,Fall
10041,2024-09-18,Nitara Hayre,East,Guwahati,Toys,Board Game,Board Game Consequuntur,5,76782,20,307128.0,47122.1,Upi,0.2,307128.0,0.0,0.1534282123414342,2024,9,18,2,Fall
10042,2025-07-01,Lavanya Tata,North,Amritsar,Toys,Doll,Doll Laborum,5,57559,5,273405.25,26969.18,Debit Card,0.05,273405.25,0.0,0.09864177809314195,2025,7,1,1,Summer
10043,2024-02-11,Badal Dada,West,Surat,Electronics,Camera,Camera A,2,68630,0,137260.0,16783.04,Net Banking,0.0,137260.0,0.0,0.12227189275826898,2024,2,11,6,winter
10044,2024-10-23,Bhamini Sane,South,Coimbatore,Groceries,Rice,Rice Incidunt,5,64105,20,256420.0,61655.17,Net Banking,0.2,256420.0,0.0,0.24044602605101006,2024,10,23,2,Fall
10045,2023-11-03,Eva Babu,East,Guwahati,Books,Textbook,Textbook Consequuntur,2,68202,0,136404.0,33860.63,Debit Card,0.0,136404.0,0.0,0.24823780827541714,2023,11,3,4,Fall
10046,2023-11-20,Prerak Saha,West,Pune,Books,Biography,Biography Magni,1,36207,15,30775.95,5230.85,Cod,0.15,30775.95,0.0,0.16996550878201974,2023,11,20,0,Fall
10047,2025-10-01,Advik Sule,North,Delhi,Beauty,Perfume,Perfume Quisquam,3,55843,10,150776.1,23835.95,Credit Card,0.1,150776.1,0.0,0.15808838403433967,2025,10,1,2,Fall
10048,2025-09-03,Divij Chawla,West,Surat,Sports,Tennis Racket,Tennis Racket Sapiente,5,60512,5,287432.0,41217.09,Credit Card,0.05,287432.0,0.0,0.14339770797962648,2025,9,3,2,Fall
10049,2025-01-22,Nirvaan Ben,North,Delhi,Toys,Puzzle,Puzzle Dolorem,1,70834,10,63750.6,4232.48,Upi,0.1,63750.6,0.0,0.06639121827872992,2025,1,22,2,winter
10050,2024-04-28,Shlok Dayal,West,Ahmedabad,Clothing,Shoes,Shoes Deleniti,1,33485,0,33485.0,6131.25,Cod,0.0,33485.0,0.0,0.18310437509332536,2024,4,28,6,Spring
10051,2024-05-04,Vritika Cherian,East,Patna,Beauty,Perfume,Perfume Rerum,5,8568,5,40698.0,3935.7,Upi,0.05,40698.0,0.0,0.09670499778858911,2024,5,4,5,Spring
10052,2025-05-06,Eshani Arya,East,Ranchi,Furniture,Sofa,Sofa Omnis,4,64645,5,245651.0,51927.61,Upi,0.05,245651.0,0.0,0.21138774114495767,2025,5,6,1,Spring
10053,2025-09-02,Elakshi Bajwa,West,Goa,Books,Biography,Biography Illum,5,12976,0,64880.0,11967.13,Cod,0.0,64880.0,0.0,0.18445021578298396,2025,9,2,1,Fall
10054,2024-04-15,Jayant Kala,West,Pune,Clothing,Women'S Wear,Women's Wear Odio,3,27698,20,66475.2,8946.95,Upi,0.2,66475.2,0.0,0.13459079476255809,2024,4,15,0,Spring
10055,2023-12-09,Biju Mannan,East,Bhubaneswar,Sports,Tennis Racket,Tennis Racket Ea,2,28261,15,48043.7,10879.68,Debit Card,0.15,48043.7,0.0,0.22645383265651897,2023,12,9,5,winter
10056,2024-05-19,Alisha Sampath,North,Jaipur,Furniture,Bed,Bed Molestias,5,42462,0,212310.0,11609.02,Net Banking,0.0,212310.0,0.0,0.05467957232348924,2024,5,19,6,Spring
10057,2023-12-05,Rhea Krishnamurthy,East,Patna,Home Decor,Wall Art,Wall Art Excepturi,4,62926,0,251704.0,40267.43,Credit Card,0.0,251704.0,0.0,0.15997930108381272,2023,12,5,1,winter
10058,2024-10-16,Samarth Chatterjee,East,Patna,Toys,Puzzle,Puzzle Ut,4,73473,15,249808.2,56964.33,Net Banking,0.15,249808.19999999998,2.9103830456733704e-11,0.22803226635474735,2024,10,16,2,Fall
10059,2024-10-09,Ojas Konda,West,Pune,Furniture,Cabinet,Cabinet Odit,3,29226,15,74526.3,17899.47,Net Banking,0.15,74526.3,0.0,0.24017655512215152,2024,10,9,2,Fall
10060,2025-05-16,Heer Saran,West,Mumbai,Home Decor,Vase,Vase Necessitatibus,2,9860,10,17748.0,4403.6,Credit Card,0.1,17748.0,0.0,0.2481180978138382,2025,5,16,4,Spring
10061,2025-04-30,Manikya Dar,West,Ahmedabad,Sports,Football,Football Eveniet,5,17665,0,88325.0,17529.47,Upi,0.0,88325.0,0.0,0.19846555335409002,2025,4,30,2,Spring
10062,2024-04-09,Azad Kunda,South,Chennai,Kitchen,Cookware Set,Cookware Set Nisi,2,13751,15,23376.7,5552.74,Debit Card,0.15,23376.7,0.0,0.23753309919706372,2024,4,9,1,Spring
10063,2025-01-26,Drishya Apte,West,Pune,Kitchen,Juicer,Juicer Totam,5,11226,10,50517.0,2567.28,Debit Card,0.1,50517.0,0.0,0.050820119959617556,2025,1,26,6,winter
10064,2023-12-27,Shray Arya,West,Pune,Toys,Action Figure,Action Figure Cum,4,70618,5,268348.4,50743.1,Cod,0.05,268348.39999999997,5.820766091346741e-11,0.18909410303918336,2023,12,27,2,winter
10065,2024-06-23,Ritvik Madan,South,Bangalore,Books,Biography,Biography Nobis,3,37492,15,95604.6,19263.79,Upi,0.15,95604.59999999999,1.4551915228366852e-11,0.20149438416143156,2024,6,23,6,Summer
10066,2024-06-22,Purab Batta,North,Chandigarh,Kitchen,Juicer,Juicer Vero,2,34997,0,69994.0,11129.92,Cod,0.0,69994.0,0.0,0.15901248678458155,2024,6,22,5,Summer
10067,2025-05-28,Purab Krishna,West,Surat,Kitchen,Mixer Grinder,Mixer Grinder Recusandae,2,71572,10,128829.6,14012.66,Credit Card,0.1,128829.6,0.0,0.10876894750895756,2025,5,28,2,Spring
10068,2024-02-23,Manikya Srinivasan,West,Goa,Books,Biography,Biography Ad,5,38936,5,184946.0,30144.65,Cod,0.05,184946.0,0.0,0.16299162998929417,2024,2,23,4,winter
10069,2023-11-24,Raghav Gara,East,Bhubaneswar,Home Decor,Vase,Vase Molestiae,1,19506,0,19506.0,2911.1,Net Banking,0.0,19506.0,0.0,0.14924125909976418,2023,11,24,4,Fall
10070,2025-01-02,Raghav Sabharwal,East,Ranchi,Sports,Tennis Racket,Tennis Racket At,5,48227,10,217021.5,52730.72,Upi,0.1,217021.5,0.0,0.24297463615356082,2025,1,2,3,winter
10071,2024-08-31,Tanya Vora,South,Bangalore,Sports,Tennis Racket,Tennis Racket Ipsa,3,2697,5,7686.45,387.48,Net Banking,0.05,7686.45,0.0,0.05041078781492107,2024,8,31,5,Summer
10072,2025-06-18,Mannat Dhaliwal,East,Ranchi,Toys,Rc Car,RC Car Eius,4,47678,20,152569.6,13719.94,Debit Card,0.2,152569.6,0.0,0.0899257781366668,2025,6,18,2,Summer
10073,2025-04-01,Drishya Korpal,North,Chandigarh,Home Decor,Cushion,Cushion Quis,1,39545,15,33613.25,4294.42,Cod,0.15,33613.25,0.0,0.1277597376034748,2025,4,1,1,Spring
10074,2024-03-14,Vritika Gade,West,Pune,Toys,Puzzle,Puzzle Nesciunt,5,60787,15,258344.75,33333.56,Credit Card,0.15,258344.75,0.0,0.129027433303754,2024,3,14,3,Spring
10075,2024-12-09,Neysa Ganguly,North,Amritsar,Toys,Action Figure,Action Figure Placeat,1,26035,20,20828.0,2957.26,Net Banking,0.2,20828.0,0.0,0.14198482811599772,2024,12,9,0,winter
10076,2025-01-17,Adah Kaul,West,Ahmedabad,Clothing,Kids Wear,Kids Wear Aut,5,41865,10,188392.5,36655.65,Cod,0.1,188392.5,0.0,0.1945706437358175,2025,1,17,4,winter
10077,2025-03-04,Shalv Subramaniam,North,Lucknow,Kitchen,Cookware Set,Cookware Set Libero,4,76576,10,275673.6,39540.52,Net Banking,0.1,275673.60000000003,5.820766091346741e-11,0.14343237800065003,2025,3,4,1,Spring
10078,2024-04-10,Chirag Hans,South,Bangalore,Electronics,Camera,Camera Nostrum,2,33749,20,53998.4,6954.99,Cod,0.2,53998.4,0.0,0.12879992740525645,2024,4,10,2,Spring
10079,2024-07-05,Saanvi Deshmukh,West,Pune,Kitchen,Refrigerator,Refrigerator Sequi,4,46014,15,156447.6,8166.96,Upi,0.15,156447.6,0.0,0.052202526596764665,2024,7,5,4,Summer
10080,2025-02-17,Yakshit Bajwa,West,Surat,Beauty,Lipstick,Lipstick At,5,55423,10,249403.5,15673.19,Debit Card,0.1,249403.5,0.0,0.06284270268861504,2025,2,17,0,winter
10081,2023-12-05,Jayan Lall,South,Coimbatore,Furniture,Cabinet,Cabinet Nobis,5,5463,5,25949.25,1306.37,Debit Card,0.05,25949.25,0.0,0.05034326618303033,2023,12,5,1,winter
10082,2024-12-13,Kashvi Bakshi,South,Hyderabad,Sports,Yoga Mat,Yoga Mat Deserunt,1,4714,0,4714.0,547.63,Cod,0.0,4714.0,0.0,0.11617098005939754,2024,12,13,4,winter
10083,2025-06-20,Myra Goda,East,Ranchi,Sports,Tennis Racket,Tennis Racket Cupiditate,4,31170,10,112212.0,22964.29,Debit Card,0.1,112212.0,0.0,0.2046509285994368,2025,6,20,4,Summer
10084,2024-07-20,Jayesh Ramachandran,West,Goa,Home Decor,Vase,Vase Similique,1,8927,20,7141.6,1373.47,Cod,0.2,7141.6,0.0,0.19231964825809342,2024,7,20,5,Summer
10085,2024-11-01,Hazel Reddy,East,Bhubaneswar,Furniture,Cabinet,Cabinet Natus,1,16256,5,15443.2,1764.79,Credit Card,0.05,15443.199999999999,1.8189894035458565e-12,0.11427618628263572,2024,11,1,4,Fall
10086,2025-06-02,Shamik Keer,East,Guwahati,Toys,Board Game,Board Game Sequi,2,22240,0,44480.0,8602.03,Upi,0.0,44480.0,0.0,0.19339096223021585,2025,6,2,0,Summer
10087,2024-03-29,Saira Trivedi,West,Goa,Groceries,Oil,Oil Modi,3,62172,0,186516.0,23035.44,Debit Card,0.0,186516.0,0.0,0.12350382808981535,2024,3,29,4,Spring
10088,2023-11-15,Baiju Dube,North,Lucknow,Sports,Tennis Racket,Tennis Racket Aperiam,5,39458,5,187425.5,44132.79,Cod,0.05,187425.5,0.0,0.23546843945994542,2023,11,15,2,Fall
10089,2024-12-25,Ehsaan Butala,South,Thiruvananthapuram,Books,Comics,Comics Voluptatibus,4,34376,5,130628.8,15353.38,Net Banking,0.05,130628.79999999999,1.4551915228366852e-11,0.11753441813750107,2024,12,25,2,winter
10090,2025-02-26,Bhavin Toor,West,Mumbai,Clothing,Kids Wear,Kids Wear Ipsa,4,53084,15,180485.6,19220.42,Credit Card,0.15,180485.6,0.0,0.10649281715549605,2025,2,26,2,winter
10091,2025-06-08,Romil Sawhney,East,Guwahati,Beauty,Lipstick,Lipstick Nostrum,3,60656,0,181968.0,26322.7,Debit Card,0.0,181968.0,0.0,0.14465565374131717,2025,6,8,6,Summer
10092,2025-01-29,Mamooty Mannan,North,Chandigarh,Electronics,Camera,Camera Ipsa,1,73564,15,62529.4,13309.3,Credit Card,0.15,62529.4,0.0,0.21284867598281768,2025,1,29,2,winter
10093,2025-01-11,Reyansh Saraf,East,Patna,Furniture,Sofa,Sofa Quaerat,5,26060,5,123785.0,24340.25,Upi,0.05,123785.0,0.0,0.19663327543725007,2025,1,11,5,winter
10094,2025-01-08,Jayesh Madan,South,Hyderabad,Beauty,Perfume,Perfume Qui,4,72702,5,276267.6,35015.76,Debit Card,0.05,276267.6,0.0,0.1267458073259405,2025,1,8,2,winter
10095,2024-01-12,Kiaan Ranganathan,East,Patna,Electronics,Camera,Camera Temporibus,2,40818,20,65308.8,5824.16,Upi,0.2,65308.8,0.0,0.08917879366945955,2024,1,12,4,winter
10096,2024-05-31,Riya Varughese,West,Pune,Groceries,Spices,Spices Reiciendis,3,24183,0,72549.0,17203.3,Credit Card,0.0,72549.0,0.0,0.23712663165584638,2024,5,31,4,Spring
10097,2024-10-17,Yasmin Warrior,East,Patna,Groceries,Oil,Oil Non,4,19526,15,66388.4,12866.73,Credit Card,0.15,66388.4,0.0,0.19380991257508842,2024,10,17,3,Fall
10098,2023-11-26,Vihaan Bhalla,West,Mumbai,Books,Fiction,Fiction Nemo,5,54037,0,270185.0,58810.96,Net Banking,0.0,270185.0,0.0,0.21766922664100524,2023,11,26,6,Fall
10099,2024-02-12,Eshani Sani,South,Thiruvananthapuram,Sports,Yoga Mat,Yoga Mat Optio,5,63813,0,319065.0,36797.04,Credit Card,0.0,319065.0,0.0,0.11532772319119929,2024,2,12,0,winter
10100,2023-12-24,Arnav Badami,North,Lucknow,Electronics,Mobile,Mobile Harum,3,74680,10,201636.0,41541.42,Credit Card,0.1,201636.0,0.0,0.20602184133785634,2023,12,24,6,winter
10101,2025-06-16,Umang Virk,South,Coimbatore,Clothing,Accessories,Accessories Natus,4,13189,10,47480.4,10986.33,Net Banking,0.1,47480.4,0.0,0.2313866353274193,2025,6,16,0,Summer
10102,2024-11-04,Ira Soni,East,Bhubaneswar,Sports,Dumbbells,Dumbbells Quos,4,1138,10,4096.8,888.13,Credit Card,0.1,4096.8,0.0,0.2167862722124585,2024,11,4,0,Fall
10103,2025-08-14,Arnav Karpe,East,Ranchi,Furniture,Sofa,Sofa Repudiandae,5,76226,20,304904.0,22939.07,Credit Card,0.2,304904.0,0.0,0.07523374570356571,2025,8,14,3,Summer
10104,2025-02-10,Hansh Kaul,West,Surat,Toys,Doll,Doll Totam,3,31343,15,79924.65,18762.37,Net Banking,0.15,79924.65,0.0,0.23475073084461429,2025,2,10,0,winter
10105,2023-11-17,Ela Srivastava,North,Lucknow,Home Decor,Lamp,Lamp Pariatur,4,61338,15,208549.2,40557.88,Net Banking,0.15,208549.19999999998,2.9103830456733704e-11,0.19447631542101335,2023,11,17,4,Fall
10106,2024-05-19,Elakshi Sachdev,West,Mumbai,Furniture,Table,Table Laudantium,1,8623,20,6898.4,677.28,Debit Card,0.2,6898.400000000001,9.094947017729282e-13,0.09817928795082918,2024,5,19,6,Spring
10107,2024-10-27,Emir Ramanathan,South,Chennai,Sports,Dumbbells,Dumbbells Aspernatur,3,41142,5,117254.7,7179.82,Net Banking,0.05,117254.7,0.0,0.06123268406298425,2024,10,27,6,Fall
10108,2024-06-08,Prisha Shenoy,South,Coimbatore,Clothing,Kids Wear,Kids Wear Architecto,5,13088,10,58896.0,11457.13,Debit Card,0.1,58896.0,0.0,0.19453154713393098,2024,6,8,5,Summer
10109,2024-09-07,Parinaaz Luthra,North,Jaipur,Furniture,Bed,Bed Officiis,1,44965,10,40468.5,3617.94,Debit Card,0.1,40468.5,0.0,0.08940138626339005,2024,9,7,5,Fall
10110,2025-01-05,Aarna Bandi,West,Goa,Toys,Rc Car,RC Car Incidunt,4,28822,10,103759.2,25441.67,Net Banking,0.1,103759.2,0.0,0.2451991726998666,2025,1,5,6,winter
10111,2024-10-22,Rasha Bansal,North,Amritsar,Electronics,Camera,Camera Dignissimos,2,30299,10,54538.2,10554.74,Credit Card,0.1,54538.200000000004,7.275957614183426e-12,0.19352930606437324,2024,10,22,1,Fall
10112,2024-04-12,Alisha Amble,North,Chandigarh,Kitchen,Microwave,Microwave Vero,2,44595,20,71352.0,5019.37,Net Banking,0.2,71352.0,0.0,0.07034659154613745,2024,4,12,4,Spring
10113,2023-10-04,Aniruddh Ratti,South,Coimbatore,Furniture,Table,Table Repudiandae,3,32301,20,77522.4,10882.22,Net Banking,0.2,77522.40000000001,1.4551915228366852e-11,0.1403751689834164,2023,10,4,2,Fall
10114,2023-11-30,Ishita Bajwa,South,Bangalore,Home Decor,Cushion,Cushion Dignissimos,3,78217,0,234651.0,18949.32,Cod,0.0,234651.0,0.0,0.08075533451807151,2023,11,30,3,Fall
10115,2024-11-23,Farhan Sarkar,South,Chennai,Toys,Board Game,Board Game Earum,5,19154,15,81404.5,8267.53,Cod,0.15,81404.5,0.0,0.10156109305996598,2024,11,23,5,Fall
10116,2025-05-15,Aniruddh Kothari,West,Pune,Kitchen,Juicer,Juicer In,4,25790,20,82528.0,4856.22,Debit Card,0.2,82528.0,0.0,0.058843301667312914,2025,5,15,3,Spring
10117,2024-05-10,Samar Kumar,East,Kolkata,Beauty,Lipstick,Lipstick Soluta,3,78010,10,210627.0,20117.45,Upi,0.1,210627.0,0.0,0.09551220878614802,2024,5,10,4,Spring
10118,2025-01-30,Ishaan Golla,East,Ranchi,Kitchen,Microwave,Microwave Aperiam,4,8753,5,33261.4,4190.2,Upi,0.05,33261.4,0.0,0.12597786022235985,2025,1,30,3,winter
10119,2024-09-26,Aniruddh Wagle,West,Surat,Kitchen,Microwave,Microwave Reiciendis,5,49477,20,197908.0,38220.91,Credit Card,0.2,197908.0,0.0,0.19312463366816907,2024,9,26,3,Fall
10120,2025-01-10,Nishith Tara,South,Coimbatore,Sports,Yoga Mat,Yoga Mat Vel,1,54160,15,46036.0,9505.54,Cod,0.15,46036.0,0.0,0.20648058041532716,2025,1,10,4,winter
10121,2025-05-16,Yakshit Bakshi,South,Thiruvananthapuram,Sports,Football,Football Eum,2,58592,5,111324.8,9680.25,Debit Card,0.05,111324.79999999999,1.4551915228366852e-11,0.08695501810917244,2025,5,16,4,Spring
10122,2025-04-25,Navya Amble,South,Hyderabad,Electronics,Laptop,Laptop Amet,1,6284,0,6284.0,888.46,Debit Card,0.0,6284.0,0.0,0.14138446849140676,2025,4,25,4,Spring
10123,2025-06-23,Heer Lata,North,Delhi,Groceries,Spices,Spices Non,4,79276,20,253683.2,28531.58,Upi,0.2,253683.2,0.0,0.11246933182804379,2025,6,23,0,Summer
10124,2024-12-02,Jiya Tandon,North,Jaipur,Clothing,Shoes,Shoes Recusandae,3,22072,20,52972.8,2832.75,Net Banking,0.2,52972.8,0.0,0.053475557267125766,2024,12,2,0,winter
10125,2024-11-22,Divyansh Kale,North,Lucknow,Kitchen,Juicer,Juicer Deleniti,1,61175,15,51998.75,10749.96,Debit Card,0.15,51998.75,0.0,0.20673496959061513,2024,11,22,4,Fall
10126,2024-06-03,Raunak Raj,East,Patna,Books,Fiction,Fiction Necessitatibus,3,53034,15,135236.7,16863.94,Net Banking,0.15,135236.69999999998,2.9103830456733704e-11,0.12469943439909431,2024,6,3,0,Summer
10127,2025-02-09,Mehul Magar,North,Lucknow,Groceries,Oil,Oil Laboriosam,3,20304,10,54820.8,8867.14,Upi,0.1,54820.8,0.0,0.1617477307883139,2025,2,9,6,winter
10128,2024-11-12,Gatik Sharma,West,Ahmedabad,Home Decor,Cushion,Cushion Id,3,19607,0,58821.0,9062.46,Upi,0.0,58821.0,0.0,0.15406844494313254,2024,11,12,1,Fall
10129,2025-07-31,Dhanuk Dhar,North,Jaipur,Furniture,Table,Table Placeat,1,26827,10,24144.3,4041.1,Credit Card,0.1,24144.3,0.0,0.1673728374813103,2025,7,31,3,Summer
10130,2024-03-07,Kavya Varty,South,Bangalore,Groceries,Spices,Spices Error,5,31262,15,132863.5,12796.17,Credit Card,0.15,132863.5,0.0,0.09631064965171021,2024,3,7,3,Spring
10131,2024-07-03,Ishaan Walia,South,Hyderabad,Electronics,Headphones,Headphones Id,4,61765,5,234707.0,30160.38,Net Banking,0.05,234707.0,0.0,0.12850226026492606,2024,7,3,2,Summer
10132,2024-08-22,Oorja Sur,East,Patna,Clothing,Women'S Wear,Women's Wear Ipsa,4,2962,20,9478.4,583.27,Credit Card,0.2,9478.4,0.0,0.06153675725860905,2024,8,22,3,Summer
10133,2024-08-01,Dharmajan Lall,East,Kolkata,Toys,Puzzle,Puzzle Placeat,3,17679,15,45081.45,2373.83,Upi,0.15,45081.45,0.0,0.05265646956785995,2024,8,1,3,Summer
10134,2024-01-23,Shanaya Kala,North,Chandigarh,Furniture,Sofa,Sofa Nulla,1,79310,15,67413.5,6655.67,Upi,0.15,67413.5,0.0,0.09872903795233892,2024,1,23,1,winter
10135,2024-08-06,Rati Goel,South,Chennai,Electronics,Camera,Camera Culpa,4,33270,5,126426.0,12467.79,Debit Card,0.05,126426.0,0.0,0.09861729391106261,2024,8,6,1,Summer
10136,2024-03-24,Ivan Sarna,West,Mumbai,Toys,Doll,Doll Adipisci,3,35928,5,102394.8,10207.76,Debit Card,0.05,102394.79999999999,1.4551915228366852e-11,0.09969021864391552,2024,3,24,6,Spring
10137,2025-03-26,Akarsh Hayre,East,Kolkata,Toys,Board Game,Board Game Animi,1,62438,5,59316.1,4810.78,Upi,0.05,59316.1,0.0,0.08110411844339058,2025,3,26,2,Spring
10138,2024-10-18,Hrishita Bajaj,West,Surat,Furniture,Bed,Bed Accusantium,4,41162,0,164648.0,22384.0,Debit Card,0.0,164648.0,0.0,0.13595063407997668,2024,10,18,4,Fall
10139,2025-01-15,Prerak Shere,East,Guwahati,Electronics,Mobile,Mobile Aspernatur,4,78576,5,298588.8,66122.26,Credit Card,0.05,298588.8,0.0,0.22144923051366963,2025,1,15,2,winter
10140,2025-08-13,Kartik Seth,East,Patna,Books,Non-Fiction,Non-Fiction Quae,3,38456,5,109599.6,26199.38,Debit Card,0.05,109599.59999999999,1.4551915228366852e-11,0.23904631038799412,2025,8,13,2,Summer
10141,2024-09-29,Riya Brahmbhatt,South,Hyderabad,Clothing,Kids Wear,Kids Wear Tempora,1,51518,10,46366.2,11129.47,Upi,0.1,46366.200000000004,7.275957614183426e-12,0.24003411968200974,2024,9,29,6,Fall
10142,2023-12-05,Yuvraj  Bhardwaj,North,Delhi,Electronics,Mobile,Mobile Ea,3,25964,0,77892.0,7594.54,Cod,0.0,77892.0,0.0,0.0975008986802239,2023,12,5,1,winter
10143,2024-04-20,Shamik Buch,East,Patna,Furniture,Cabinet,Cabinet Voluptatum,5,38240,5,181640.0,26909.05,Debit Card,0.05,181640.0,0.0,0.14814495705791675,2024,4,20,5,Spring
10144,2024-04-02,Divij Dara,South,Hyderabad,Sports,Tennis Racket,Tennis Racket Asperiores,2,40778,0,81556.0,19814.83,Cod,0.0,81556.0,0.0,0.2429598067585463,2024,4,2,1,Spring
10145,2024-08-14,Jivin Hans,East,Bhubaneswar,Sports,Football,Football Dolores,5,22147,5,105198.25,7812.18,Upi,0.05,105198.25,0.0,0.07426150149836143,2024,8,14,2,Summer
10146,2024-11-13,Vaibhav Rattan,South,Chennai,Furniture,Table,Table Tenetur,1,48776,15,41459.6,9356.05,Upi,0.15,41459.6,0.0,0.22566667309863095,2024,11,13,2,Fall
10147,2024-01-01,Nayantara Kalita,West,Ahmedabad,Electronics,Smartwatch,Smartwatch Eum,2,74802,15,127163.4,8863.77,Net Banking,0.15,127163.4,0.0,0.06970378269218974,2024,1,1,0,winter
10148,2024-01-14,Shaan Sehgal,North,Delhi,Kitchen,Mixer Grinder,Mixer Grinder Porro,1,77440,20,61952.0,5189.49,Upi,0.2,61952.0,0.0,0.08376630294421487,2024,1,14,6,winter
10149,2024-06-14,Dhruv Garg,East,Ranchi,Kitchen,Juicer,Juicer Reiciendis,1,42881,5,40736.95,3037.21,Net Banking,0.05,40736.95,0.0,0.07455663715619358,2024,6,14,4,Summer
10150,2024-03-04,Kavya Lanka,West,Surat,Books,Non-Fiction,Non-Fiction Commodi,4,11205,10,40338.0,6759.61,Upi,0.1,40338.0,0.0,0.1675742476077148,2024,3,4,0,Spring
10151,2025-08-24,Fateh Tripathi,North,Jaipur,Toys,Puzzle,Puzzle Repellendus,4,67259,5,255584.2,24050.17,Upi,0.05,255584.19999999998,2.9103830456733704e-11,0.09409881361993425,2025,8,24,6,Summer
10152,2025-08-25,Manikya Bhattacharyya,South,Coimbatore,Groceries,Spices,Spices Suscipit,3,21886,10,59092.2,14240.48,Net Banking,0.1,59092.200000000004,7.275957614183426e-12,0.24098747381211058,2025,8,25,0,Summer
10153,2025-07-11,Tiya Mani,North,Jaipur,Kitchen,Microwave,Microwave Officiis,3,8844,0,26532.0,3837.38,Upi,0.0,26532.0,0.0,0.1446321423187095,2025,7,11,4,Summer
10154,2023-12-29,Vihaan Loyal,West,Goa,Kitchen,Cookware Set,Cookware Set Quo,3,32484,5,92579.4,14375.96,Cod,0.05,92579.4,0.0,0.1552824926495527,2023,12,29,4,winter
10155,2023-12-12,Ritvik Vyas,North,Jaipur,Home Decor,Clock,Clock Itaque,2,26027,5,49451.3,8546.38,Upi,0.05,49451.299999999996,7.275957614183426e-12,0.17282417246867118,2023,12,12,1,winter
10156,2024-12-22,Ivana Hegde,West,Surat,Beauty,Foundation,Foundation Nihil,4,43826,5,166538.8,17272.57,Credit Card,0.05,166538.8,0.0,0.10371499014043575,2024,12,22,6,winter
10157,2024-04-07,Vardaniya Ramaswamy,East,Patna,Toys,Action Figure,Action Figure Enim,1,39221,15,33337.85,2238.25,Debit Card,0.15,33337.85,0.0,0.06713840274642786,2024,4,7,6,Spring
10158,2025-02-03,Ela Chakraborty,North,Lucknow,Toys,Rc Car,RC Car In,1,54312,0,54312.0,10936.17,Net Banking,0.0,54312.0,0.0,0.20135826336721166,2025,2,3,0,winter
10159,2025-06-21,Taimur Tara,East,Ranchi,Clothing,Kids Wear,Kids Wear Aliquid,1,15748,0,15748.0,2754.67,Cod,0.0,15748.0,0.0,0.1749218948437897,2025,6,21,5,Summer
10160,2024-07-31,Hrishita Chanda,West,Pune,Electronics,Headphones,Headphones Labore,2,68044,10,122479.2,10609.67,Cod,0.1,122479.2,0.0,0.0866242594660971,2024,7,31,2,Summer
10161,2025-09-26,Myra Handa,West,Pune,Home Decor,Clock,Clock Officia,5,8465,0,42325.0,8053.7,Cod,0.0,42325.0,0.0,0.19028233904311873,2025,9,26,4,Fall
10162,2024-07-22,Anvi Mammen,East,Patna,Furniture,Sofa,Sofa Dolor,1,63767,20,51013.6,4109.49,Cod,0.2,51013.600000000006,7.275957614183426e-12,0.08055675349318613,2024,7,22,0,Summer
10163,2024-09-14,Shamik Walla,East,Patna,Books,Biography,Biography Mollitia,5,43178,0,215890.0,19440.44,Credit Card,0.0,215890.0,0.0,0.09004789476122099,2024,9,14,5,Fall
10164,2024-06-21,Inaaya  Tandon,South,Hyderabad,Kitchen,Juicer,Juicer Possimus,5,44801,15,190404.25,16507.93,Upi,0.15,190404.25,0.0,0.08669937777124198,2024,6,21,4,Summer
10165,2025-08-21,Shayak Sekhon,North,Amritsar,Home Decor,Cushion,Cushion Quasi,4,71174,5,270461.2,51178.34,Credit Card,0.05,270461.2,0.0,0.1892261810566543,2025,8,21,3,Summer
10166,2025-09-18,Mehul Wable,West,Surat,Books,Comics,Comics Ad,2,56852,5,108018.8,15879.48,Debit Card,0.05,108018.79999999999,1.4551915228366852e-11,0.14700663217884294,2025,9,18,3,Fall
10167,2025-04-01,Raghav Samra,West,Pune,Furniture,Table,Table Expedita,3,8167,15,20825.85,3866.48,Net Banking,0.15,20825.85,0.0,0.18565772825598956,2025,4,1,1,Spring
10168,2024-04-07,Kiara Saha,West,Goa,Sports,Dumbbells,Dumbbells Voluptatem,2,59433,10,106979.4,24846.59,Credit Card,0.1,106979.40000000001,1.4551915228366852e-11,0.23225583617032813,2024,4,7,6,Spring
10169,2024-03-21,Yasmin Kamdar,South,Bangalore,Groceries,Wheat,Wheat Beatae,3,42341,0,127023.0,22887.76,Cod,0.0,127023.0,0.0,0.18018595057587994,2024,3,21,3,Spring
10170,2025-07-28,Inaaya  Walla,North,Lucknow,Sports,Tennis Racket,Tennis Racket Doloremque,5,23230,10,104535.0,22068.31,Debit Card,0.1,104535.0,0.0,0.21110929353804947,2025,7,28,0,Summer
10171,2024-06-29,Saira Kapoor,East,Guwahati,Sports,Football,Football Nesciunt,3,39790,0,119370.0,25753.35,Debit Card,0.0,119370.0,0.0,0.21574390550389544,2024,6,29,5,Summer
10172,2024-10-29,Uthkarsh Grewal,North,Delhi,Kitchen,Mixer Grinder,Mixer Grinder Officia,3,15794,15,40274.7,4036.0,Net Banking,0.15,40274.7,0.0,0.10021179549444192,2024,10,29,1,Fall
10173,2025-01-16,Amira Chakraborty,South,Hyderabad,Clothing,Men'S Wear,Men's Wear Quos,1,10635,0,10635.0,1958.69,Upi,0.0,10635.0,0.0,0.18417395392571698,2025,1,16,3,winter
10174,2025-04-16,Nakul Srivastava,East,Patna,Toys,Action Figure,Action Figure Dolor,1,64954,10,58458.6,6815.4,Cod,0.1,58458.6,0.0,0.1165850704601205,2025,4,16,2,Spring
10175,2024-09-28,Saanvi Vasa,East,Guwahati,Furniture,Bed,Bed Eius,1,47269,20,37815.2,3812.6,Net Banking,0.2,37815.200000000004,7.275957614183426e-12,0.1008218917260784,2024,9,28,5,Fall
10176,2023-12-23,Ritvik Agarwal,North,Jaipur,Beauty,Face Cream,Face Cream Id,5,21181,15,90019.25,4561.6,Credit Card,0.15,90019.25,0.0,0.050673605923177545,2023,12,23,5,winter
10177,2024-06-17,Yasmin Sachdeva,North,Jaipur,Electronics,Camera,Camera At,2,40371,0,80742.0,17592.37,Debit Card,0.0,80742.0,0.0,0.21788375318917044,2024,6,17,0,Summer
10178,2024-11-13,Sara Chaudry,West,Ahmedabad,Toys,Board Game,Board Game Ab,5,18936,10,85212.0,9790.15,Debit Card,0.1,85212.0,0.0,0.11489168192273388,2024,11,13,2,Fall
10179,2024-10-21,Aarush Vig,East,Kolkata,Furniture,Cabinet,Cabinet A,1,44366,20,35492.8,8735.61,Upi,0.2,35492.8,0.0,0.2461234391200469,2024,10,21,0,Fall
10180,2025-03-25,Drishya Dasgupta,West,Mumbai,Books,Biography,Biography Deserunt,1,54330,0,54330.0,8921.7,Upi,0.0,54330.0,0.0,0.16421314191054667,2025,3,25,1,Spring
10181,2024-08-03,Jayan Sidhu,South,Chennai,Groceries,Oil,Oil In,4,27952,20,89446.4,11672.93,Cod,0.2,89446.40000000001,1.4551915228366852e-11,0.130501954242988,2024,8,3,5,Summer
10182,2024-08-02,Jivin Kaul,South,Thiruvananthapuram,Clothing,Accessories,Accessories Culpa,5,10007,0,50035.0,11418.45,Upi,0.0,50035.0,0.0,0.22820925352253424,2024,8,2,4,Summer
10183,2023-12-02,Aaina Lalla,East,Ranchi,Home Decor,Lamp,Lamp Exercitationem,2,8172,0,16344.0,3724.06,Net Banking,0.0,16344.0,0.0,0.22785487028879098,2023,12,2,5,winter
10184,2025-02-27,Aayush Setty,East,Bhubaneswar,Electronics,Mobile,Mobile Magnam,5,27145,10,122152.5,24218.26,Credit Card,0.1,122152.5,0.0,0.19826249974417223,2025,2,27,3,winter
10185,2024-10-09,Jivin Cheema,South,Bangalore,Beauty,Perfume,Perfume Neque,4,73974,0,295896.0,36664.27,Net Banking,0.0,295896.0,0.0,0.12390931273150024,2024,10,9,2,Fall
10186,2025-04-20,Ritvik Shah,North,Lucknow,Sports,Cricket Bat,Cricket Bat Delectus,4,36775,5,139745.0,17301.9,Net Banking,0.05,139745.0,0.0,0.1238105120040073,2025,4,20,6,Spring
10187,2024-08-03,Samiha Halder,South,Hyderabad,Kitchen,Cookware Set,Cookware Set Minima,2,8566,15,14562.2,2893.23,Credit Card,0.15,14562.199999999999,1.8189894035458565e-12,0.19868083119308894,2024,8,3,5,Summer
10188,2024-06-23,Emir Subramaniam,South,Coimbatore,Toys,Puzzle,Puzzle Nulla,2,10036,0,20072.0,2542.42,Net Banking,0.0,20072.0,0.0,0.1266650059784775,2024,6,23,6,Summer
10189,2023-12-04,Lakshay Kari,North,Chandigarh,Furniture,Chair,Chair Veniam,4,33969,10,122288.4,16649.69,Upi,0.1,122288.40000000001,1.4551915228366852e-11,0.13615101677673433,2023,12,4,0,winter
10190,2023-10-19,Navya Vora,East,Ranchi,Clothing,Shoes,Shoes Dolores,2,29047,20,46475.2,7880.96,Debit Card,0.2,46475.200000000004,7.275957614183426e-12,0.16957344992598203,2023,10,19,3,Fall
10191,2024-08-22,Prerak Chakrabarti,East,Patna,Home Decor,Wall Art,Wall Art Quidem,4,15118,15,51401.2,2930.42,Net Banking,0.15,51401.2,0.0,0.05701073126697432,2024,8,22,3,Summer
10192,2025-05-14,Vedika Sane,East,Bhubaneswar,Sports,Football,Football Architecto,4,24282,10,87415.2,6313.56,Debit Card,0.1,87415.2,0.0,0.0722249677401642,2025,5,14,2,Spring
10193,2023-10-10,Khushi Chada,South,Thiruvananthapuram,Books,Non-Fiction,Non-Fiction Aliquid,1,57488,20,45990.4,10796.45,Debit Card,0.2,45990.4,0.0,0.23475442701085444,2023,10,10,1,Fall
10194,2024-08-16,Mehul Lala,West,Surat,Kitchen,Refrigerator,Refrigerator Quibusdam,1,68404,5,64983.8,10469.59,Cod,0.05,64983.799999999996,7.275957614183426e-12,0.16111076914554087,2024,8,16,4,Summer
10195,2025-01-02,Lagan Walla,North,Delhi,Furniture,Sofa,Sofa Voluptas,4,27157,15,92333.8,8406.91,Net Banking,0.15,92333.8,0.0,0.09104910661101351,2025,1,2,3,winter
10196,2024-08-24,Manikya Wali,West,Ahmedabad,Sports,Yoga Mat,Yoga Mat Nam,1,13561,0,13561.0,1296.86,Debit Card,0.0,13561.0,0.0,0.0956315905906644,2024,8,24,5,Summer
10197,2024-04-17,Hunar Sastry,West,Mumbai,Furniture,Table,Table Iusto,4,72077,10,259477.2,34177.07,Debit Card,0.1,259477.2,0.0,0.13171511793714438,2024,4,17,2,Spring
10198,2024-01-22,Tarini Talwar,West,Ahmedabad,Clothing,Accessories,Accessories Aspernatur,3,40130,5,114370.5,17660.94,Net Banking,0.05,114370.5,0.0,0.1544186656524191,2024,1,22,0,winter
10199,2024-06-20,Dharmajan Sampath,West,Surat,Furniture,Sofa,Sofa Dolorum,2,48439,10,87190.2,19167.89,Net Banking,0.1,87190.2,0.0,0.21983995907796977,2024,6,20,3,Summer
10200,2024-10-30,Yakshit Tank,North,Delhi,Beauty,Face Cream,Face Cream Necessitatibus,5,50870,20,203480.0,18437.07,Cod,0.2,203480.0,0.0,0.09060875761745626,2024,10,30,2,Fall
10201,2024-07-11,Nishith Bora,West,Goa,Clothing,Men'S Wear,Men's Wear Quia,1,73982,15,62884.7,6713.01,Debit Card,0.15,62884.7,0.0,0.10675108571719354,2024,7,11,3,Summer
10202,2024-05-03,Riya Thaker,East,Bhubaneswar,Toys,Board Game,Board Game Ipsa,4,27226,20,87123.2,7321.18,Debit Card,0.2,87123.20000000001,1.4551915228366852e-11,0.08403249651068832,2024,5,3,4,Spring
10203,2024-02-10,Baiju Barman,North,Jaipur,Toys,Doll,Doll Soluta,2,39988,5,75977.2,11786.61,Cod,0.05,75977.2,0.0,0.15513351373833204,2024,2,10,5,winter
10204,2025-09-06,Damini Kohli,West,Surat,Sports,Dumbbells,Dumbbells Unde,4,65084,10,234302.4,21939.1,Upi,0.1,234302.4,0.0,0.0936358313017707,2025,9,6,5,Fall
10205,2025-05-16,Hansh Bali,East,Guwahati,Groceries,Rice,Rice Odit,2,32591,5,61922.9,11144.15,Upi,0.05,61922.899999999994,7.275957614183426e-12,0.17996815394627835,2025,5,16,4,Spring
10206,2025-01-15,Stuvan Arora,West,Mumbai,Clothing,Kids Wear,Kids Wear Sed,3,19535,10,52744.5,5396.94,Debit Card,0.1,52744.5,0.0,0.1023223274464636,2025,1,15,2,winter
10207,2024-05-13,Devansh Bhatti,West,Mumbai,Books,Non-Fiction,Non-Fiction Occaecati,4,22065,10,79434.0,9292.82,Debit Card,0.1,79434.0,0.0,0.1169879396731878,2024,5,13,0,Spring
10208,2024-09-14,Devansh Bains,West,Mumbai,Beauty,Shampoo,Shampoo Provident,2,48559,5,92262.1,6636.68,Upi,0.05,92262.09999999999,1.4551915228366852e-11,0.0719328955226469,2024,9,14,5,Fall
10209,2024-12-27,Dhruv Srinivasan,West,Mumbai,Sports,Cricket Bat,Cricket Bat Minus,3,47479,0,142437.0,13234.4,Credit Card,0.0,142437.0,0.0,0.09291406025119878,2024,12,27,4,winter
10210,2023-12-24,Chirag Grewal,East,Ranchi,Electronics,Headphones,Headphones Similique,3,62485,5,178082.25,27415.31,Net Banking,0.05,178082.25,0.0,0.1539474596710228,2023,12,24,6,winter
10211,2024-03-16,Kimaya Mallick,West,Mumbai,Groceries,Spices,Spices Incidunt,5,18762,5,89119.5,6850.32,Credit Card,0.05,89119.5,0.0,0.07686667900964435,2024,3,16,5,Spring
10212,2024-05-06,Purab Boase,South,Bangalore,Electronics,Headphones,Headphones Maiores,5,76126,10,342567.0,48726.33,Cod,0.1,342567.0,0.0,0.1422388321116745,2024,5,6,0,Spring
10213,2025-03-20,Ritvik Suri,West,Surat,Clothing,Women'S Wear,Women's Wear Iste,2,60550,10,108990.0,22383.22,Debit Card,0.1,108990.0,0.0,0.20536948343884762,2025,3,20,3,Spring
10214,2024-01-11,Samarth Sibal,South,Chennai,Groceries,Oil,Oil Sunt,3,42839,5,122091.15,30284.02,Cod,0.05,122091.15,0.0,0.24804435047093915,2024,1,11,3,winter
10215,2024-03-03,Ranbir Randhawa,South,Bangalore,Furniture,Sofa,Sofa Vel,4,21265,0,85060.0,4989.48,Net Banking,0.0,85060.0,0.0,0.05865835880554902,2024,3,3,6,Spring
10216,2025-07-17,Pihu Srinivasan,South,Bangalore,Furniture,Bed,Bed Architecto,3,50927,15,129863.85,11599.47,Upi,0.15,129863.84999999999,1.4551915228366852e-11,0.08932023808011236,2025,7,17,3,Summer
10217,2025-03-08,Hunar Mand,East,Patna,Books,Fiction,Fiction Dolorem,4,29195,15,99263.0,7993.99,Upi,0.15,99263.0,0.0,0.08053343138933942,2025,3,8,5,Spring
10218,2024-12-01,Fateh Shroff,North,Delhi,Sports,Tennis Racket,Tennis Racket Rem,5,39970,20,159880.0,13769.85,Net Banking,0.2,159880.0,0.0,0.08612615711783839,2024,12,1,6,winter
10219,2025-03-07,Piya Korpal,North,Jaipur,Electronics,Headphones,Headphones Recusandae,4,19169,10,69008.4,15768.95,Upi,0.1,69008.40000000001,1.4551915228366852e-11,0.22850768891903017,2025,3,7,4,Spring
10220,2024-11-22,Dishani Ranganathan,South,Coimbatore,Toys,Rc Car,RC Car Quam,3,12676,15,32323.8,4419.76,Upi,0.15,32323.8,0.0,0.1367339236104666,2024,11,22,4,Fall
10221,2025-01-10,Raunak Krishnamurthy,West,Pune,Beauty,Shampoo,Shampoo Rem,4,16526,15,56188.4,9406.6,Debit Card,0.15,56188.4,0.0,0.16741177894369658,2025,1,10,4,winter
10222,2024-03-03,Devansh Karnik,South,Coimbatore,Furniture,Chair,Chair Sint,4,4135,15,14059.0,765.58,Debit Card,0.15,14059.0,0.0,0.054454797638523365,2024,3,3,6,Spring
10223,2024-10-02,Misha Setty,West,Ahmedabad,Beauty,Lipstick,Lipstick Atque,2,22859,5,43432.1,8765.28,Credit Card,0.05,43432.1,0.0,0.2018157077369043,2024,10,2,2,Fall
10224,2025-09-04,Hridaan Karnik,West,Pune,Books,Non-Fiction,Non-Fiction Porro,2,77443,15,131653.1,24358.19,Net Banking,0.15,131653.1,0.0,0.1850179752698569,2025,9,4,3,Fall
10225,2023-11-12,Jayesh Kalita,West,Pune,Kitchen,Mixer Grinder,Mixer Grinder Aperiam,3,70729,0,212187.0,12130.56,Upi,0.0,212187.0,0.0,0.05716919509677784,2023,11,12,6,Fall
10226,2024-05-14,Madhav Jaggi,West,Mumbai,Kitchen,Mixer Grinder,Mixer Grinder Placeat,5,57741,0,288705.0,70358.14,Net Banking,0.0,288705.0,0.0,0.24370253372820005,2024,5,14,1,Spring
10227,2024-07-18,Priyansh Gour,North,Chandigarh,Groceries,Rice,Rice Ullam,5,65635,10,295357.5,58308.1,Cod,0.1,295357.5,0.0,0.19741533565255664,2024,7,18,3,Summer
10228,2025-09-03,Shray Dugar,North,Jaipur,Groceries,Spices,Spices Cum,3,17427,10,47052.9,10506.97,Net Banking,0.1,47052.9,0.0,0.2233012205411356,2025,9,3,2,Fall
10229,2024-05-04,Rhea Ratti,South,Coimbatore,Clothing,Accessories,Accessories Est,5,41707,10,187681.5,30495.34,Net Banking,0.1,187681.5,0.0,0.16248452830992932,2024,5,4,5,Spring
10230,2024-08-07,Akarsh Kala,West,Goa,Kitchen,Cookware Set,Cookware Set Nihil,3,12925,20,31020.0,2254.01,Net Banking,0.2,31020.0,0.0,0.0726631205673759,2024,8,7,2,Summer
10231,2024-11-06,Neysa Kothari,East,Ranchi,Sports,Cricket Bat,Cricket Bat Ex,4,28451,20,91043.2,17254.47,Upi,0.2,91043.20000000001,1.4551915228366852e-11,0.18951959069979968,2024,11,6,2,Fall
10232,2024-02-16,Shaan Seth,North,Amritsar,Home Decor,Wall Art,Wall Art Earum,1,46500,20,37200.0,7575.46,Upi,0.2,37200.0,0.0,0.20364139784946236,2024,2,16,4,winter
10233,2024-11-28,Adira Dar,South,Coimbatore,Home Decor,Clock,Clock Optio,4,73548,20,235353.6,32457.28,Upi,0.2,235353.6,0.0,0.13790857671180726,2024,11,28,3,Fall
10234,2025-08-14,Mehul Bose,East,Bhubaneswar,Home Decor,Clock,Clock Maiores,3,51697,5,147336.45,21418.07,Cod,0.05,147336.44999999998,2.9103830456733704e-11,0.14536844073547311,2025,8,14,3,Summer
10235,2025-07-17,Reyansh Mahajan,East,Guwahati,Groceries,Sugar,Sugar Iusto,1,39944,15,33952.4,7336.34,Debit Card,0.15,33952.4,0.0,0.21607721398192764,2025,7,17,3,Summer
10236,2025-02-04,Dhruv Bhattacharyya,West,Surat,Beauty,Shampoo,Shampoo Libero,4,18454,20,59052.8,3756.64,Debit Card,0.2,59052.8,0.0,0.06361493443155955,2025,2,4,1,winter
10237,2024-12-14,Advika Ramakrishnan,South,Hyderabad,Electronics,Headphones,Headphones Exercitationem,2,30222,0,60444.0,5067.9,Net Banking,0.0,60444.0,0.0,0.08384455032757593,2024,12,14,5,winter
10238,2024-02-01,Eshani Anand,South,Bangalore,Books,Biography,Biography Deleniti,5,7034,15,29894.5,7348.88,Cod,0.15,29894.5,0.0,0.24582715884192746,2024,2,1,3,winter
10239,2025-07-15,Vardaniya Borra,East,Guwahati,Electronics,Headphones,Headphones Doloribus,5,57335,20,229340.0,28515.03,Net Banking,0.2,229340.0,0.0,0.12433517920990668,2025,7,15,1,Summer
10240,2024-10-26,Misha Batra,South,Thiruvananthapuram,Clothing,Women'S Wear,Women's Wear Delectus,4,9093,10,32734.8,4322.02,Cod,0.1,32734.8,0.0,0.1320313550105698,2024,10,26,5,Fall
10241,2023-10-30,Vaibhav Kunda,East,Bhubaneswar,Kitchen,Juicer,Juicer Sint,2,34565,15,58760.5,13789.31,Credit Card,0.15,58760.5,0.0,0.23466971860348362,2023,10,30,0,Fall
10242,2023-12-29,Kimaya Vala,South,Coimbatore,Home Decor,Wall Art,Wall Art Tenetur,5,52040,0,260200.0,18189.62,Cod,0.0,260200.0,0.0,0.06990630284396618,2023,12,29,4,winter
10243,2025-02-13,Onkar Verma,East,Kolkata,Electronics,Camera,Camera Minus,2,53365,20,85384.0,15861.81,Debit Card,0.2,85384.0,0.0,0.18577028483088165,2025,2,13,3,winter
10244,2024-09-19,Shanaya Bhat,South,Coimbatore,Sports,Tennis Racket,Tennis Racket Sed,4,15498,0,61992.0,5890.9,Credit Card,0.0,61992.0,0.0,0.09502677764872887,2024,9,19,3,Fall
10245,2023-10-30,Pihu Varghese,West,Goa,Kitchen,Mixer Grinder,Mixer Grinder Aliquam,1,3128,15,2658.8,362.44,Upi,0.15,2658.7999999999997,4.547473508864641e-13,0.13631713554987213,2023,10,30,0,Fall
10246,2024-03-31,Zain Sen,South,Bangalore,Clothing,Men'S Wear,Men's Wear Ex,5,23664,15,100572.0,22121.16,Cod,0.15,100572.0,0.0,0.21995346617348766,2024,3,31,6,Spring
10247,2025-02-24,Suhana Ganguly,South,Thiruvananthapuram,Groceries,Spices,Spices Pariatur,2,28416,10,51148.8,5324.04,Net Banking,0.1,51148.8,0.0,0.10408924549549549,2025,2,24,0,winter
10248,2025-03-18,Manjari Mangal,East,Bhubaneswar,Furniture,Cabinet,Cabinet Nisi,1,59778,15,50811.3,8498.57,Debit Card,0.15,50811.299999999996,7.275957614183426e-12,0.16725748012745195,2025,3,18,1,Spring
10249,2024-06-13,Yasmin Sekhon,East,Ranchi,Electronics,Smartwatch,Smartwatch Tempore,4,31095,15,105723.0,22061.05,Debit Card,0.15,105723.0,0.0,0.20866840706374204,2024,6,13,3,Summer
10250,2023-10-18,Faiyaz Issac,East,Kolkata,Furniture,Table,Table Deserunt,2,50258,15,85438.6,10418.46,Upi,0.15,85438.59999999999,1.4551915228366852e-11,0.12194090258969598,2023,10,18,2,Fall
10251,2024-09-24,Darshit Hans,West,Pune,Home Decor,Clock,Clock Perferendis,2,60360,5,114684.0,11743.67,Credit Card,0.05,114684.0,0.0,0.1024002476369851,2024,9,24,1,Fall
10252,2024-03-02,Charvi Shenoy,North,Lucknow,Toys,Doll,Doll Assumenda,2,63148,5,119981.2,23234.02,Cod,0.05,119981.2,0.0,0.19364717139018447,2024,3,2,5,Spring
10253,2024-05-21,Khushi Bhalla,South,Hyderabad,Clothing,Men'S Wear,Men's Wear Aliquid,5,57913,0,289565.0,61458.27,Cod,0.0,289565.0,0.0,0.21224343411669228,2024,5,21,1,Spring
10254,2025-01-16,Samarth Biswas,West,Goa,Clothing,Women'S Wear,Women's Wear Totam,2,58276,10,104896.8,17061.36,Cod,0.1,104896.8,0.0,0.16264900359210197,2025,1,16,3,winter
10255,2023-11-07,Badal Mangal,East,Ranchi,Home Decor,Cushion,Cushion Ipsum,5,6472,10,29124.0,7277.61,Debit Card,0.1,29124.0,0.0,0.24988360115368766,2023,11,7,1,Fall
10256,2025-01-12,Nirvi Keer,North,Amritsar,Electronics,Headphones,Headphones Deleniti,3,3517,5,10023.45,1456.11,Upi,0.05,10023.449999999999,1.8189894035458565e-12,0.14527034105023717,2025,1,12,6,winter
10257,2024-03-28,Gatik Comar,West,Pune,Groceries,Spices,Spices Reiciendis,3,7479,20,17949.6,2704.4,Net Banking,0.2,17949.600000000002,3.637978807091713e-12,0.1506663101127602,2024,3,28,3,Spring
10258,2024-10-21,Hazel Hayre,North,Jaipur,Home Decor,Vase,Vase Laboriosam,5,72191,10,324859.5,53183.45,Credit Card,0.1,324859.5,0.0,0.16371215864088937,2024,10,21,0,Fall
10259,2024-12-15,Ritvik Mangat,North,Chandigarh,Clothing,Accessories,Accessories Iure,1,59846,5,56853.7,9759.16,Cod,0.05,56853.7,0.0,0.1716539117067139,2024,12,15,6,winter
10260,2024-06-03,Damini Kapur,South,Bangalore,Clothing,Women'S Wear,Women's Wear Officia,1,59828,5,56836.6,8325.15,Net Banking,0.05,56836.6,0.0,0.14647515861258414,2024,6,3,0,Summer
10261,2025-08-30,Tushar Devan,South,Coimbatore,Clothing,Women'S Wear,Women's Wear Vero,2,27785,0,55570.0,6793.55,Upi,0.0,55570.0,0.0,0.12225211445024294,2025,8,30,5,Summer
10262,2024-10-25,Rohan Iyengar,East,Patna,Sports,Yoga Mat,Yoga Mat Quibusdam,3,24823,10,67022.1,14626.79,Cod,0.1,67022.1,0.0,0.21823831243724084,2024,10,25,4,Fall
10263,2023-11-22,Bhavin Tara,North,Jaipur,Toys,Action Figure,Action Figure Beatae,3,50511,10,136379.7,20913.92,Cod,0.1,136379.7,0.0,0.1533506819563322,2023,11,22,2,Fall
10264,2024-02-05,Drishya Mangal,South,Coimbatore,Kitchen,Juicer,Juicer Voluptate,4,39061,20,124995.2,30886.7,Credit Card,0.2,124995.20000000001,1.4551915228366852e-11,0.24710308875860834,2024,2,5,0,winter
10265,2024-03-07,Divyansh Bhavsar,East,Kolkata,Kitchen,Cookware Set,Cookware Set Ut,5,30115,10,135517.5,8531.85,Upi,0.1,135517.5,0.0,0.06295755160772594,2024,3,7,3,Spring
10266,2024-10-26,Anay Warrior,East,Guwahati,Books,Fiction,Fiction Aliquid,1,43894,20,35115.2,4820.48,Upi,0.2,35115.200000000004,7.275957614183426e-12,0.1372761653073313,2024,10,26,5,Fall
10267,2025-02-05,Khushi Taneja,East,Bhubaneswar,Toys,Rc Car,RC Car Ipsum,3,33800,5,96330.0,11891.6,Net Banking,0.05,96330.0,0.0,0.12344648603757916,2025,2,5,2,winter
10268,2025-03-27,Siya Chandra,North,Chandigarh,Kitchen,Microwave,Microwave Eius,2,9711,10,17479.8,2640.87,Credit Card,0.1,17479.8,0.0,0.15108124806919987,2025,3,27,3,Spring
10269,2025-02-20,Taran Vig,South,Chennai,Toys,Doll,Doll Eius,5,57388,20,229552.0,51151.3,Upi,0.2,229552.0,0.0,0.22283099254199484,2025,2,20,3,winter
10270,2024-06-09,Nitya Gopal,South,Thiruvananthapuram,Sports,Yoga Mat,Yoga Mat Consequuntur,4,27669,20,88540.8,16698.92,Net Banking,0.2,88540.8,0.0,0.18860141313383205,2024,6,9,6,Summer
10271,2024-09-29,Dishani Chaudhry,East,Ranchi,Electronics,Laptop,Laptop Ipsam,2,63300,0,126600.0,16591.78,Debit Card,0.0,126600.0,0.0,0.13105671406003158,2024,9,29,6,Fall
10272,2025-09-02,Advika Grover,East,Bhubaneswar,Home Decor,Wall Art,Wall Art Neque,4,32197,10,115909.2,27119.3,Credit Card,0.1,115909.2,0.0,0.23397021116529146,2025,9,2,1,Fall
10273,2024-08-27,Suhana Rastogi,East,Bhubaneswar,Toys,Rc Car,RC Car Et,4,25239,15,85812.6,9112.69,Debit Card,0.15,85812.59999999999,1.4551915228366852e-11,0.1061929133950026,2024,8,27,1,Summer
10274,2024-02-16,Onkar Rajagopal,South,Thiruvananthapuram,Furniture,Cabinet,Cabinet Provident,4,47304,15,160833.6,35806.38,Credit Card,0.15,160833.6,0.0,0.22262997284149577,2024,2,16,4,winter
10275,2025-04-16,Rhea Basak,East,Kolkata,Sports,Football,Football Temporibus,2,19112,10,34401.6,6928.02,Debit Card,0.1,34401.6,0.0,0.2013865634156551,2025,4,16,2,Spring
10276,2024-04-14,Anya Sha,South,Coimbatore,Electronics,Mobile,Mobile Laudantium,5,890,20,3560.0,448.45,Upi,0.2,3560.0,0.0,0.1259691011235955,2024,4,14,6,Spring
10277,2024-04-10,Alia Ravi,North,Lucknow,Beauty,Foundation,Foundation Doloremque,4,62321,5,236819.8,40372.4,Cod,0.05,236819.8,0.0,0.170477299617684,2024,4,10,2,Spring
10278,2025-04-22,Tarini Shukla,West,Surat,Clothing,Women'S Wear,Women's Wear Consequuntur,5,31545,5,149838.75,36850.09,Credit Card,0.05,149838.75,0.0,0.24593164318308847,2025,4,22,1,Spring
10279,2024-09-27,Aarush Kaur,South,Thiruvananthapuram,Beauty,Lipstick,Lipstick Debitis,1,77022,5,73170.9,10033.02,Cod,0.05,73170.9,0.0,0.13711762462946336,2024,9,27,4,Fall
10280,2024-02-06,Uthkarsh Dara,East,Guwahati,Groceries,Oil,Oil Sit,5,31480,10,141660.0,22581.15,Debit Card,0.1,141660.0,0.0,0.15940385429902584,2024,2,6,1,winter
10281,2025-08-17,Samiha Dutta,East,Patna,Sports,Dumbbells,Dumbbells Assumenda,3,77903,15,198652.65,24667.96,Upi,0.15,198652.65,0.0,0.12417634499212571,2025,8,17,6,Summer
10282,2024-08-25,Mahika Divan,East,Ranchi,Sports,Football,Football Distinctio,4,43141,10,155307.6,29994.41,Cod,0.1,155307.6,0.0,0.19312905485629808,2024,8,25,6,Summer
10283,2025-06-30,Vidur Sharaf,East,Patna,Toys,Board Game,Board Game A,2,41901,5,79611.9,8137.53,Debit Card,0.05,79611.9,0.0,0.10221499549690437,2025,6,30,0,Summer
10284,2025-05-10,Purab Seshadri,South,Bangalore,Beauty,Foundation,Foundation Necessitatibus,5,74119,10,333535.5,29686.68,Credit Card,0.1,333535.5,0.0,0.08900605782592858,2025,5,10,5,Spring
10285,2025-08-05,Vanya Sur,South,Hyderabad,Furniture,Cabinet,Cabinet Ratione,1,45039,0,45039.0,5713.33,Net Banking,0.0,45039.0,0.0,0.12685294966584515,2025,8,5,1,Summer
10286,2024-02-14,Rati Goyal,West,Mumbai,Kitchen,Microwave,Microwave Ea,3,23107,10,62388.9,14441.15,Credit Card,0.1,62388.9,0.0,0.2314698608246018,2024,2,14,2,winter
10287,2025-07-23,Anay Goswami,North,Jaipur,Electronics,Mobile,Mobile Beatae,1,19031,5,18079.45,3429.94,Credit Card,0.05,18079.45,0.0,0.18971484198910918,2025,7,23,2,Summer
10288,2025-03-09,Anika Deol,East,Patna,Home Decor,Vase,Vase Exercitationem,5,6383,5,30319.25,6663.92,Cod,0.05,30319.25,0.0,0.21979171648375206,2025,3,9,6,Spring
10289,2024-03-30,Sahil Saxena,North,Jaipur,Electronics,Camera,Camera Quasi,4,19136,10,68889.6,11105.93,Debit Card,0.1,68889.6,0.0,0.16121344876439983,2024,3,30,5,Spring
10290,2025-06-23,Rhea Rajagopalan,West,Ahmedabad,Electronics,Camera,Camera Atque,1,24046,20,19236.8,1484.91,Net Banking,0.2,19236.8,0.0,0.07719111286700492,2025,6,23,0,Summer
10291,2025-04-20,Zaina Bassi,South,Coimbatore,Beauty,Shampoo,Shampoo Nulla,5,52962,15,225088.5,19501.98,Credit Card,0.15,225088.5,0.0,0.0866413877208298,2025,4,20,6,Spring
10292,2024-07-16,Ishita Shroff,South,Bangalore,Furniture,Sofa,Sofa Dolorum,4,697,20,2230.4,407.92,Credit Card,0.2,2230.4,0.0,0.1828909612625538,2024,7,16,1,Summer
10293,2023-10-16,Kabir Dubey,West,Goa,Beauty,Foundation,Foundation Officia,4,64428,0,257712.0,26012.11,Net Banking,0.0,257712.0,0.0,0.10093480319115912,2023,10,16,0,Fall
10294,2025-05-10,Zoya Gera,South,Hyderabad,Beauty,Shampoo,Shampoo Saepe,1,15196,5,14436.2,906.84,Cod,0.05,14436.199999999999,1.8189894035458565e-12,0.06281708482841745,2025,5,10,5,Spring
10295,2023-11-05,Shalv Lad,North,Delhi,Furniture,Chair,Chair Assumenda,2,78645,5,149425.5,16809.48,Debit Card,0.05,149425.5,0.0,0.11249405222000261,2023,11,5,6,Fall
10296,2024-06-03,Kaira Sinha,South,Bangalore,Clothing,Accessories,Accessories Perspiciatis,4,66392,0,265568.0,59731.79,Upi,0.0,265568.0,0.0,0.2249208865525967,2024,6,3,0,Summer
10297,2024-06-09,Aaina Gala,East,Patna,Home Decor,Lamp,Lamp Ex,3,53780,5,153273.0,15727.77,Net Banking,0.05,153273.0,0.0,0.1026127889452154,2024,6,9,6,Summer
10298,2025-09-17,Pari Vohra,North,Lucknow,Books,Fiction,Fiction Rem,5,27298,15,116016.5,26646.97,Credit Card,0.15,116016.5,0.0,0.22968258825253304,2025,9,17,2,Fall
10299,2024-01-03,Lagan Kala,South,Thiruvananthapuram,Books,Textbook,Textbook Alias,1,72532,5,68905.4,5338.34,Net Banking,0.05,68905.4,0.0,0.07747346361823602,2024,1,3,2,winter
10300,2024-09-14,Keya Borah,North,Lucknow,Electronics,Camera,Camera Placeat,5,32758,5,155600.5,33651.01,Net Banking,0.05,155600.5,0.0,0.2162654361650509,2024,9,14,5,Fall
10301,2024-08-29,Hiran Balakrishnan,West,Mumbai,Electronics,Headphones,Headphones Rerum,1,50673,0,50673.0,6174.29,Cod,0.0,50673.0,0.0,0.12184575612258994,2024,8,29,3,Summer
10302,2025-04-01,Heer Lal,East,Kolkata,Beauty,Foundation,Foundation Molestias,3,51988,5,148165.8,28610.94,Upi,0.05,148165.8,0.0,0.19310083703526726,2025,4,1,1,Spring
10303,2024-05-13,Stuvan Hayer,North,Chandigarh,Furniture,Bed,Bed Optio,5,50808,20,203232.0,18444.62,Debit Card,0.2,203232.0,0.0,0.0907564753582113,2024,5,13,0,Spring
10304,2024-10-18,Mishti Lata,West,Pune,Sports,Dumbbells,Dumbbells Dolorem,1,60395,10,54355.5,8805.24,Upi,0.1,54355.5,0.0,0.16199354251179732,2024,10,18,4,Fall
10305,2025-08-31,Vedika Shetty,South,Chennai,Kitchen,Cookware Set,Cookware Set Eligendi,4,18577,0,74308.0,9828.04,Upi,0.0,74308.0,0.0,0.13226086020347744,2025,8,31,6,Summer
10306,2024-03-26,Shalv Ahluwalia,North,Lucknow,Toys,Rc Car,RC Car Nobis,5,42091,15,178886.75,33710.88,Net Banking,0.15,178886.75,0.0,0.18844816622807445,2024,3,26,1,Spring
10307,2023-11-05,Rania Bawa,East,Guwahati,Home Decor,Vase,Vase Quisquam,2,48342,10,87015.6,8010.29,Net Banking,0.1,87015.6,0.0,0.09205579229471496,2023,11,5,6,Fall
10308,2024-05-27,Piya Yadav,North,Chandigarh,Furniture,Sofa,Sofa Temporibus,5,14484,10,65178.0,14017.38,Upi,0.1,65178.0,0.0,0.2150630580870846,2024,5,27,0,Spring
10309,2025-06-11,Emir Doctor,South,Chennai,Beauty,Shampoo,Shampoo Commodi,3,75112,0,225336.0,41756.57,Upi,0.0,225336.0,0.0,0.18530802889906628,2025,6,11,2,Summer
10310,2024-09-13,Tiya Bedi,North,Delhi,Furniture,Bed,Bed Aspernatur,1,61423,5,58351.85,7117.79,Net Banking,0.05,58351.85,0.0,0.12198053703524396,2024,9,13,4,Fall
10311,2024-07-17,Lavanya Cherian,South,Coimbatore,Toys,Board Game,Board Game Consectetur,5,68955,5,327536.25,66432.74,Net Banking,0.05,327536.25,0.0,0.20282561090566312,2024,7,17,2,Summer
10312,2025-04-13,Nirvi Vyas,East,Ranchi,Home Decor,Vase,Vase A,2,54662,20,87459.2,6642.63,Debit Card,0.2,87459.20000000001,1.4551915228366852e-11,0.0759511863817643,2025,4,13,6,Spring
10313,2023-12-06,Alia Bandi,East,Ranchi,Toys,Puzzle,Puzzle Veniam,1,25673,0,25673.0,5287.23,Net Banking,0.0,25673.0,0.0,0.20594515638998168,2023,12,6,2,winter
10314,2025-01-09,Adira Dhingra,North,Delhi,Beauty,Perfume,Perfume Mollitia,5,70511,0,352555.0,50630.69,Cod,0.0,352555.0,0.0,0.1436107557686035,2025,1,9,3,winter
10315,2024-05-25,Saira Chacko,North,Jaipur,Books,Comics,Comics Reprehenderit,5,27101,10,121954.5,16875.23,Upi,0.1,121954.5,0.0,0.1383731637618948,2024,5,25,5,Spring
10316,2023-12-27,Biju Handa,East,Kolkata,Electronics,Headphones,Headphones Perferendis,4,58124,15,197621.6,24989.09,Debit Card,0.15,197621.6,0.0,0.12644918369247085,2023,12,27,2,winter
10317,2024-05-11,Badal Sanghvi,South,Bangalore,Toys,Action Figure,Action Figure Ipsum,4,76344,10,274838.4,62452.3,Upi,0.1,274838.4,0.0,0.22723280298531792,2024,5,11,5,Spring
10318,2025-06-01,Manikya Sur,West,Pune,Sports,Cricket Bat,Cricket Bat Accusamus,3,79811,5,227461.35,38212.89,Net Banking,0.05,227461.34999999998,2.9103830456733704e-11,0.16799728833052296,2025,6,1,6,Summer
10319,2024-10-27,Ritvik Sankar,West,Surat,Groceries,Wheat,Wheat Repellendus,3,47051,10,127037.7,28041.84,Credit Card,0.1,127037.7,0.0,0.22073636408719616,2024,10,27,6,Fall
10320,2025-05-26,Gokul Kari,North,Delhi,Groceries,Wheat,Wheat Facere,1,79212,0,79212.0,6199.67,Credit Card,0.0,79212.0,0.0,0.078266803009645,2025,5,26,0,Spring
10321,2024-01-22,Veer Sood,North,Chandigarh,Furniture,Chair,Chair Odit,3,27980,15,71349.0,15172.76,Debit Card,0.15,71349.0,0.0,0.21265553826963238,2024,1,22,0,winter
10322,2025-02-25,Nitya Mani,West,Goa,Electronics,Mobile,Mobile Mollitia,2,33835,15,57519.5,7514.18,Upi,0.15,57519.5,0.0,0.1306370882917967,2025,2,25,1,winter
10323,2024-03-18,Mamooty Jhaveri,West,Pune,Kitchen,Refrigerator,Refrigerator Unde,2,55696,15,94683.2,11283.19,Cod,0.15,94683.2,0.0,0.11916781435354953,2024,3,18,0,Spring
10324,2025-02-21,Abram Gera,West,Mumbai,Electronics,Mobile,Mobile Asperiores,4,67835,0,271340.0,43514.49,Upi,0.0,271340.0,0.0,0.16036887300066335,2025,2,21,4,winter
10325,2024-07-10,Aniruddh Batra,East,Guwahati,Home Decor,Cushion,Cushion Earum,4,37394,20,119660.8,26431.65,Net Banking,0.2,119660.8,0.0,0.22088812710595285,2024,7,10,2,Summer
10326,2025-07-10,Navya Balakrishnan,East,Kolkata,Kitchen,Mixer Grinder,Mixer Grinder Maxime,4,40507,5,153926.6,19586.78,Cod,0.05,153926.6,0.0,0.1272475322653784,2025,7,10,3,Summer
10327,2023-11-12,Vedika Suri,East,Patna,Kitchen,Microwave,Microwave Quia,2,5015,0,10030.0,1721.21,Net Banking,0.0,10030.0,0.0,0.1716061814556331,2023,11,12,6,Fall
10328,2024-09-19,Taran Ganesan,South,Hyderabad,Clothing,Men'S Wear,Men's Wear Debitis,4,58878,20,188409.6,41098.05,Credit Card,0.2,188409.6,0.0,0.21813140094772243,2024,9,19,3,Fall
10329,2024-11-24,Dhanuk Ramachandran,North,Chandigarh,Clothing,Kids Wear,Kids Wear Pariatur,1,5141,0,5141.0,929.63,Debit Card,0.0,5141.0,0.0,0.18082668741489982,2024,11,24,6,Fall
10330,2024-10-16,Tarini Walia,South,Bangalore,Sports,Dumbbells,Dumbbells Ab,1,7226,10,6503.4,1113.73,Credit Card,0.1,6503.400000000001,9.094947017729282e-13,0.17125349817018792,2024,10,16,2,Fall
10331,2024-10-25,Ira Walia,West,Surat,Electronics,Laptop,Laptop Tempore,5,27669,0,138345.0,18153.21,Upi,0.0,138345.0,0.0,0.13121695760598504,2024,10,25,4,Fall
10332,2024-03-08,Fateh Dhar,South,Thiruvananthapuram,Groceries,Wheat,Wheat Itaque,3,43125,10,116437.5,20639.6,Credit Card,0.1,116437.5,0.0,0.17725904455179817,2024,3,8,4,Spring
10333,2024-03-23,Indrajit Kaul,North,Jaipur,Books,Fiction,Fiction Sunt,5,54056,10,243252.0,34303.11,Cod,0.1,243252.0,0.0,0.14101881998914706,2024,3,23,5,Spring
10334,2023-11-22,Krish Ahuja,South,Hyderabad,Beauty,Face Cream,Face Cream Doloribus,2,21407,15,36391.9,6661.9,Credit Card,0.15,36391.9,0.0,0.18305996664092833,2023,11,22,2,Fall
10335,2025-06-01,Mohanlal Dyal,West,Goa,Furniture,Cabinet,Cabinet Iusto,4,26792,0,107168.0,8763.99,Net Banking,0.0,107168.0,0.0,0.08177804941773664,2025,6,1,6,Summer
10336,2025-08-26,Jivin Bobal,South,Thiruvananthapuram,Furniture,Sofa,Sofa Occaecati,1,17266,5,16402.7,1077.72,Debit Card,0.05,16402.7,0.0,0.06570381705450931,2025,8,26,1,Summer
10337,2023-11-21,Prisha Dhillon,South,Bangalore,Electronics,Mobile,Mobile Quo,4,28866,15,98144.4,12724.88,Upi,0.15,98144.4,0.0,0.1296546720954023,2023,11,21,1,Fall
10338,2024-07-19,Veer Goel,East,Bhubaneswar,Groceries,Sugar,Sugar Est,2,72768,15,123705.6,15183.16,Credit Card,0.15,123705.59999999999,1.4551915228366852e-11,0.1227362382947902,2024,7,19,4,Summer
10339,2023-10-08,Hunar Ganesan,West,Surat,Furniture,Chair,Chair Ipsum,5,44620,0,223100.0,17960.38,Net Banking,0.0,223100.0,0.0,0.08050372030479606,2023,10,8,6,Fall
10340,2024-07-27,Hrishita Lata,East,Guwahati,Books,Comics,Comics Unde,4,39237,5,149100.6,21260.28,Credit Card,0.05,149100.6,0.0,0.14259017066329713,2024,7,27,5,Summer
10341,2024-05-18,Mishti Bhagat,East,Kolkata,Furniture,Chair,Chair Voluptatum,5,28761,15,122234.25,21318.01,Credit Card,0.15,122234.25,0.0,0.17440291898547255,2024,5,18,5,Spring
10342,2024-08-27,Dharmajan Goel,East,Bhubaneswar,Sports,Football,Football Fugiat,3,28696,20,68870.4,11659.91,Upi,0.2,68870.40000000001,1.4551915228366852e-11,0.1693021965895363,2024,8,27,1,Summer
10343,2023-10-16,Taimur Bumb,East,Bhubaneswar,Kitchen,Mixer Grinder,Mixer Grinder Labore,3,13698,20,32875.2,5197.07,Debit Card,0.2,32875.200000000004,7.275957614183426e-12,0.15808481773494915,2023,10,16,0,Fall
10344,2024-10-19,Divij Bose,West,Ahmedabad,Kitchen,Juicer,Juicer Officia,1,67733,5,64346.35,11812.56,Upi,0.05,64346.35,0.0,0.18357777869296393,2024,10,19,5,Fall
10345,2025-08-21,Biju Vig,South,Bangalore,Sports,Yoga Mat,Yoga Mat Aliquid,5,22546,5,107093.5,24660.13,Net Banking,0.05,107093.5,0.0,0.23026728979816702,2025,8,21,3,Summer
10346,2025-02-02,Dhruv Bhalla,West,Mumbai,Clothing,Kids Wear,Kids Wear Labore,3,72254,15,184247.7,45928.61,Cod,0.15,184247.69999999998,2.9103830456733704e-11,0.24927643601521213,2025,2,2,6,winter
10347,2024-07-01,Badal Balan,East,Kolkata,Kitchen,Mixer Grinder,Mixer Grinder Doloribus,1,8062,5,7658.9,1392.85,Net Banking,0.05,7658.9,0.0,0.18186031936701091,2024,7,1,0,Summer
10348,2024-11-07,Mahika Sachdeva,South,Coimbatore,Electronics,Camera,Camera Voluptatum,1,70715,15,60107.75,5835.25,Upi,0.15,60107.75,0.0,0.09707982747649013,2024,11,7,3,Fall
10349,2025-06-26,Elakshi Baral,East,Kolkata,Home Decor,Clock,Clock Nam,1,25415,10,22873.5,5134.3,Upi,0.1,22873.5,0.0,0.2244649922399283,2025,6,26,3,Summer
10350,2025-06-03,Rania Balakrishnan,East,Guwahati,Home Decor,Vase,Vase Vel,2,20517,20,32827.2,5810.64,Credit Card,0.2,32827.200000000004,7.275957614183426e-12,0.17700687234975876,2025,6,3,1,Summer
10351,2024-08-05,Samaira Goel,North,Amritsar,Sports,Football,Football Iusto,2,69618,0,139236.0,30309.19,Net Banking,0.0,139236.0,0.0,0.2176821368037002,2024,8,5,0,Summer
10352,2024-07-28,Suhana Talwar,West,Mumbai,Home Decor,Cushion,Cushion Voluptate,2,33205,20,53128.0,12431.54,Credit Card,0.2,53128.0,0.0,0.23399224514380365,2024,7,28,6,Summer
10353,2024-09-07,Tara Chaudhry,South,Chennai,Toys,Board Game,Board Game Dolore,4,71919,20,230140.8,41478.59,Upi,0.2,230140.80000000002,2.9103830456733704e-11,0.18023136271360835,2024,9,7,5,Fall
10354,2024-01-22,Shanaya Roy,West,Pune,Kitchen,Microwave,Microwave Quos,1,52774,5,50135.3,3969.6,Cod,0.05,50135.299999999996,7.275957614183426e-12,0.07917774502197054,2024,1,22,0,winter
10355,2025-07-20,Onkar Sunder,North,Delhi,Groceries,Oil,Oil Quibusdam,4,12610,20,40352.0,7659.18,Cod,0.2,40352.0,0.0,0.18980917922283902,2025,7,20,6,Summer
10356,2023-10-08,Yasmin Baral,North,Amritsar,Home Decor,Cushion,Cushion Consequatur,1,34831,10,31347.9,4061.3,Upi,0.1,31347.9,0.0,0.12955572781589836,2023,10,8,6,Fall
10357,2025-01-26,Shayak Koshy,South,Chennai,Kitchen,Cookware Set,Cookware Set Natus,4,44710,20,143072.0,19431.3,Net Banking,0.2,143072.0,0.0,0.13581483448892864,2025,1,26,6,winter
10358,2025-05-08,Yakshit Arora,South,Bangalore,Clothing,Shoes,Shoes Quisquam,3,1260,0,3780.0,362.71,Credit Card,0.0,3780.0,0.0,0.09595502645502645,2025,5,8,3,Spring
10359,2024-01-14,Riaan Sura,East,Kolkata,Kitchen,Cookware Set,Cookware Set Incidunt,1,17584,10,15825.6,3032.16,Net Banking,0.1,15825.6,0.0,0.1915984228086139,2024,1,14,6,winter
10360,2024-07-28,Aarna Ramesh,East,Patna,Books,Biography,Biography Quas,3,31082,10,83921.4,4318.57,Debit Card,0.1,83921.40000000001,1.4551915228366852e-11,0.05145969919472268,2024,7,28,6,Summer
10361,2025-04-28,Yuvaan Sheth,West,Ahmedabad,Home Decor,Lamp,Lamp Veritatis,2,35165,15,59780.5,11479.28,Debit Card,0.15,59780.5,0.0,0.19202382047657682,2025,4,28,0,Spring
10362,2024-11-14,Riya Hari,West,Mumbai,Clothing,Accessories,Accessories Velit,4,67674,5,257161.2,13974.84,Upi,0.05,257161.19999999998,2.9103830456733704e-11,0.0543427235523866,2024,11,14,3,Fall
10363,2024-10-20,Lavanya Anne,West,Mumbai,Beauty,Face Cream,Face Cream Maxime,4,67151,5,255173.8,16707.86,Debit Card,0.05,255173.8,0.0,0.06547639295256802,2024,10,20,6,Fall
10364,2023-11-19,Taimur Goda,South,Coimbatore,Clothing,Women'S Wear,Women's Wear Ab,1,7087,0,7087.0,604.61,Net Banking,0.0,7087.0,0.0,0.0853125440948215,2023,11,19,6,Fall
10365,2025-05-14,Mamooty Vora,North,Jaipur,Groceries,Wheat,Wheat Animi,3,44103,15,112462.65,21743.77,Upi,0.15,112462.65,0.0,0.19334214514774462,2025,5,14,2,Spring
10366,2025-10-03,Rasha Sule,West,Surat,Toys,Action Figure,Action Figure Veritatis,1,54671,0,54671.0,12774.27,Upi,0.0,54671.0,0.0,0.23365714912842275,2025,10,3,4,Fall
10367,2023-11-14,Anahi Issac,East,Patna,Toys,Rc Car,RC Car Veritatis,1,28783,5,27343.85,6205.0,Upi,0.05,27343.85,0.0,0.22692488438899425,2023,11,14,1,Fall
10368,2025-01-06,Ela Chandra,North,Lucknow,Home Decor,Clock,Clock Earum,5,26170,15,111222.5,9145.67,Upi,0.15,111222.5,0.0,0.08222859583267775,2025,1,6,0,winter
10369,2023-10-13,Samiha Sabharwal,East,Patna,Home Decor,Clock,Clock Saepe,2,20101,15,34171.7,6720.07,Debit Card,0.15,34171.7,0.0,0.19665600482270418,2023,10,13,4,Fall
10370,2024-04-08,Tara Hari,West,Surat,Sports,Dumbbells,Dumbbells Voluptatibus,5,41691,20,166764.0,17579.02,Cod,0.2,166764.0,0.0,0.10541255906550574,2024,4,8,0,Spring
10371,2024-04-25,Sumer Mann,West,Mumbai,Furniture,Cabinet,Cabinet Iure,4,51848,0,207392.0,47871.61,Debit Card,0.0,207392.0,0.0,0.23082669534022526,2024,4,25,3,Spring
10372,2025-06-28,Suhana Sunder,North,Lucknow,Electronics,Laptop,Laptop Deserunt,1,14010,20,11208.0,2672.37,Upi,0.2,11208.0,0.0,0.23843415417558886,2025,6,28,5,Summer
10373,2024-10-25,Anay Mandal,South,Chennai,Clothing,Kids Wear,Kids Wear Ipsa,2,78959,10,142126.2,11846.26,Debit Card,0.1,142126.2,0.0,0.08335029009429647,2024,10,25,4,Fall
10374,2023-11-04,Emir Jha,East,Ranchi,Furniture,Table,Table Libero,3,59052,5,168298.2,12144.65,Debit Card,0.05,168298.19999999998,2.9103830456733704e-11,0.07216149667673212,2023,11,4,5,Fall
10375,2023-10-17,Nehmat Iyengar,West,Surat,Groceries,Wheat,Wheat Laboriosam,1,24888,20,19910.4,3164.1,Net Banking,0.2,19910.4,0.0,0.15891694792671165,2023,10,17,1,Fall
10376,2025-09-23,Ritvik Sood,South,Bangalore,Beauty,Perfume,Perfume Quas,3,34836,0,104508.0,10965.21,Debit Card,0.0,104508.0,0.0,0.10492220691238947,2025,9,23,1,Fall
10377,2024-10-03,Taimur Bahl,South,Chennai,Kitchen,Juicer,Juicer Facere,3,76943,0,230829.0,19570.6,Debit Card,0.0,230829.0,0.0,0.08478397428399377,2024,10,3,3,Fall
10378,2024-06-23,Mahika Kothari,East,Patna,Books,Textbook,Textbook Odio,4,24517,10,88261.2,20015.42,Cod,0.1,88261.2,0.0,0.22677484557200672,2024,6,23,6,Summer
10379,2025-01-30,Jiya Bahl,West,Ahmedabad,Sports,Tennis Racket,Tennis Racket Veritatis,2,10782,5,20485.8,2609.18,Credit Card,0.05,20485.8,0.0,0.12736529693739077,2025,1,30,3,winter
10380,2025-08-28,Ranbir Khalsa,North,Chandigarh,Beauty,Shampoo,Shampoo Molestiae,2,64665,20,103464.0,11392.29,Credit Card,0.2,103464.0,0.0,0.11010873347251218,2025,8,28,3,Summer
10381,2025-02-23,Darshit Upadhyay,North,Jaipur,Furniture,Bed,Bed Recusandae,2,22136,5,42058.4,7357.3,Cod,0.05,42058.4,0.0,0.17493057272744564,2025,2,23,6,winter
10382,2024-04-09,Ayesha Sarna,North,Chandigarh,Furniture,Bed,Bed Veritatis,1,68628,5,65196.6,7225.16,Credit Card,0.05,65196.6,0.0,0.11082111643858729,2024,4,9,1,Spring
10383,2025-08-12,Sara Koshy,East,Ranchi,Furniture,Sofa,Sofa Laboriosam,5,46409,5,220442.75,50160.42,Net Banking,0.05,220442.75,0.0,0.22754397683752356,2025,8,12,1,Summer
10384,2024-06-30,Samar Jayaraman,North,Chandigarh,Furniture,Bed,Bed Illum,4,34390,0,137560.0,18865.74,Net Banking,0.0,137560.0,0.0,0.13714553649316663,2024,6,30,6,Summer
10385,2025-08-26,Seher Lall,North,Amritsar,Sports,Cricket Bat,Cricket Bat Eligendi,3,38240,20,91776.0,19045.63,Net Banking,0.2,91776.0,0.0,0.20752299076011158,2025,8,26,1,Summer
10386,2024-11-23,Anahita Hegde,South,Coimbatore,Toys,Doll,Doll Hic,3,18812,20,45148.8,2803.69,Debit Card,0.2,45148.8,0.0,0.062098881919342264,2024,11,23,5,Fall
10387,2025-03-06,Indranil Varty,West,Mumbai,Beauty,Lipstick,Lipstick Esse,3,13633,15,34764.15,8080.86,Upi,0.15,34764.15,0.0,0.23244808229167113,2025,3,6,3,Spring
10388,2024-08-18,Myra Sarkar,South,Thiruvananthapuram,Clothing,Accessories,Accessories Voluptas,2,29494,10,53089.2,10186.48,Cod,0.1,53089.200000000004,7.275957614183426e-12,0.1918748069287162,2024,8,18,6,Summer
10389,2024-06-11,Nitara Char,North,Amritsar,Toys,Board Game,Board Game Impedit,1,47491,15,40367.35,7957.7,Debit Card,0.15,40367.35,0.0,0.1971320881851298,2024,6,11,1,Summer
10390,2023-12-31,Anay Deol,East,Bhubaneswar,Home Decor,Lamp,Lamp Cum,4,28562,15,97110.8,14603.15,Upi,0.15,97110.8,0.0,0.1503761682531706,2023,12,31,6,winter
10391,2024-12-29,Anvi Jayaraman,East,Kolkata,Furniture,Table,Table Exercitationem,4,45176,15,153598.4,34231.1,Credit Card,0.15,153598.4,0.0,0.22286104542755653,2024,12,29,6,winter
10392,2025-01-02,Aaina Sharaf,South,Chennai,Beauty,Foundation,Foundation Magni,1,62507,0,62507.0,15215.42,Cod,0.0,62507.0,0.0,0.24341945702081366,2025,1,2,3,winter
10393,2024-08-20,Alia Borde,East,Kolkata,Sports,Football,Football Commodi,3,54885,15,139956.75,25632.64,Credit Card,0.15,139956.75,0.0,0.183146865013656,2024,8,20,1,Summer
10394,2024-02-01,Kanav Shan,South,Hyderabad,Beauty,Foundation,Foundation Sequi,2,48780,5,92682.0,7015.32,Net Banking,0.05,92682.0,0.0,0.07569236744999029,2024,2,1,3,winter
10395,2024-05-22,Suhana Ram,East,Bhubaneswar,Groceries,Oil,Oil Accusamus,5,78992,20,315968.0,58414.79,Upi,0.2,315968.0,0.0,0.18487565196475592,2024,5,22,2,Spring
10396,2024-09-10,Ivana Sen,South,Hyderabad,Kitchen,Juicer,Juicer Nesciunt,2,32994,15,56089.8,9486.42,Debit Card,0.15,56089.799999999996,7.275957614183426e-12,0.16912914647582983,2024,9,10,1,Fall
10397,2023-11-12,Anaya Krish,West,Surat,Home Decor,Vase,Vase Accusamus,2,39486,5,75023.4,7928.62,Credit Card,0.05,75023.4,0.0,0.1056819605616381,2023,11,12,6,Fall
10398,2025-05-14,Vihaan Lall,East,Guwahati,Electronics,Laptop,Laptop Sunt,3,78278,15,199608.9,41771.64,Credit Card,0.15,199608.9,0.0,0.2092674224445904,2025,5,14,2,Spring
10399,2025-03-06,Yakshit Gole,South,Chennai,Sports,Football,Football Maiores,1,35049,15,29791.65,3805.26,Upi,0.15,29791.649999999998,3.637978807091713e-12,0.1277290784498341,2025,3,6,3,Spring
10400,2024-07-14,Elakshi Barman,East,Kolkata,Books,Non-Fiction,Non-Fiction Repellendus,2,67709,10,121876.2,25358.5,Net Banking,0.1,121876.2,0.0,0.20806769492320898,2024,7,14,6,Summer
10401,2024-05-22,Eshani Kala,South,Bangalore,Furniture,Table,Table Explicabo,4,63345,10,228042.0,56417.79,Upi,0.1,228042.0,0.0,0.24740087352329834,2024,5,22,2,Spring
10402,2024-06-14,Mahika Tiwari,South,Coimbatore,Kitchen,Cookware Set,Cookware Set Ipsum,1,66151,10,59535.9,10175.19,Debit Card,0.1,59535.9,0.0,0.1709084770701375,2024,6,14,4,Summer
10403,2024-02-02,Neysa Chacko,South,Coimbatore,Kitchen,Microwave,Microwave Soluta,2,58390,5,110941.0,6648.65,Net Banking,0.05,110941.0,0.0,0.05992960222100035,2024,2,2,4,winter
10404,2024-06-18,Kabir Koshy,West,Goa,Toys,Board Game,Board Game Vel,3,34017,20,81640.8,7899.14,Credit Card,0.2,81640.8,0.0,0.09675480887007477,2024,6,18,1,Summer
10405,2025-09-17,Shayak Tiwari,West,Surat,Furniture,Sofa,Sofa Laboriosam,2,40744,0,81488.0,17473.05,Debit Card,0.0,81488.0,0.0,0.21442482328686432,2025,9,17,2,Fall
10406,2024-01-28,Indrans Wable,East,Patna,Home Decor,Lamp,Lamp Impedit,2,54055,20,86488.0,10828.96,Upi,0.2,86488.0,0.0,0.12520765886596982,2024,1,28,6,winter
10407,2023-11-21,Jiya Banerjee,North,Chandigarh,Kitchen,Refrigerator,Refrigerator Facere,1,31617,15,26874.45,1408.57,Debit Card,0.15,26874.45,0.0,0.052412979614466525,2023,11,21,1,Fall
10408,2025-02-11,Yashvi Chopra,West,Pune,Kitchen,Juicer,Juicer Ad,4,27630,5,104994.0,21539.17,Debit Card,0.05,104994.0,0.0,0.20514667504809797,2025,2,11,1,winter
10409,2025-01-02,Anay Kamdar,South,Bangalore,Clothing,Kids Wear,Kids Wear Officia,2,31337,5,59540.3,3887.55,Upi,0.05,59540.299999999996,7.275957614183426e-12,0.06529275129618091,2025,1,2,3,winter
10410,2025-05-05,Bhavin Suresh,East,Kolkata,Clothing,Accessories,Accessories Dignissimos,2,74144,5,140873.6,26268.05,Cod,0.05,140873.6,0.0,0.18646538457170114,2025,5,5,0,Spring
10411,2024-07-12,Eva Dar,South,Thiruvananthapuram,Toys,Action Figure,Action Figure Ducimus,1,12174,5,11565.3,969.43,Credit Card,0.05,11565.3,0.0,0.08382229600615634,2024,7,12,4,Summer
10412,2024-05-15,Sumer Bhandari,North,Amritsar,Clothing,Kids Wear,Kids Wear Reprehenderit,5,55124,5,261839.0,41134.24,Upi,0.05,261839.0,0.0,0.15709745301502068,2024,5,15,2,Spring
10413,2024-03-14,Vihaan Majumdar,South,Chennai,Kitchen,Cookware Set,Cookware Set Accusantium,3,68890,20,165336.0,28997.73,Net Banking,0.2,165336.0,0.0,0.17538666715052983,2024,3,14,3,Spring
10414,2024-03-07,Nakul Maharaj,South,Chennai,Clothing,Kids Wear,Kids Wear Adipisci,2,34522,15,58687.4,12643.62,Upi,0.15,58687.4,0.0,0.2154401115060473,2024,3,7,3,Spring
10415,2024-02-07,Darshit Tripathi,East,Bhubaneswar,Groceries,Oil,Oil Optio,3,15297,10,41301.9,5876.6,Debit Card,0.1,41301.9,0.0,0.14228401114718695,2024,2,7,2,winter
10416,2025-10-02,Faiyaz Chada,North,Chandigarh,Books,Biography,Biography Facilis,1,74394,5,70674.3,17235.76,Debit Card,0.05,70674.3,0.0,0.24387592095004829,2025,10,2,3,Fall
10417,2024-05-11,Azad Bhardwaj,North,Amritsar,Furniture,Cabinet,Cabinet Temporibus,3,51264,20,123033.6,27145.18,Upi,0.2,123033.6,0.0,0.2206322500520183,2024,5,11,5,Spring
10418,2025-01-09,Priyansh Rama,South,Bangalore,Clothing,Men'S Wear,Men's Wear Repellat,5,71207,10,320431.5,33894.31,Debit Card,0.1,320431.5,0.0,0.10577708496199655,2025,1,9,3,winter
10419,2024-07-31,Sana Borde,North,Lucknow,Clothing,Kids Wear,Kids Wear Accusamus,5,59662,5,283394.5,63463.71,Cod,0.05,283394.5,0.0,0.22394121974844253,2024,7,31,2,Summer
10420,2024-09-23,Trisha Lad,South,Thiruvananthapuram,Toys,Doll,Doll Ab,4,75843,5,288203.4,38958.84,Credit Card,0.05,288203.39999999997,5.820766091346741e-11,0.1351782803395102,2024,9,23,0,Fall
10421,2025-07-03,Pihu Mane,West,Surat,Electronics,Mobile,Mobile Rem,1,47539,10,42785.1,7439.24,Credit Card,0.1,42785.1,0.0,0.173874549784855,2025,7,3,3,Summer
10422,2024-11-03,Hansh Dara,South,Bangalore,Sports,Tennis Racket,Tennis Racket Ipsum,3,78549,5,223864.65,42668.77,Credit Card,0.05,223864.65,0.0,0.1906007491580292,2024,11,3,6,Fall
10423,2024-01-09,Hazel Chakrabarti,South,Bangalore,Home Decor,Clock,Clock Provident,4,34292,0,137168.0,33083.87,Cod,0.0,137168.0,0.0,0.2411923334888604,2024,1,9,1,winter
10424,2024-05-02,Kismat Rajan,East,Patna,Clothing,Accessories,Accessories Laudantium,2,53535,10,96363.0,8393.35,Upi,0.1,96363.0,0.0,0.08710137708456565,2024,5,2,3,Spring
10425,2025-06-19,Onkar Dugar,West,Goa,Sports,Cricket Bat,Cricket Bat Doloremque,1,38686,15,32883.1,6950.81,Credit Card,0.15,32883.1,0.0,0.21137940157710194,2025,6,19,3,Summer
10426,2024-11-12,Ivana Kadakia,East,Kolkata,Toys,Action Figure,Action Figure Quae,5,50771,5,241162.25,41029.54,Debit Card,0.05,241162.25,0.0,0.1701325145208257,2024,11,12,1,Fall
10427,2024-08-17,Adira Issac,West,Ahmedabad,Sports,Yoga Mat,Yoga Mat A,2,11405,5,21669.5,2977.36,Credit Card,0.05,21669.5,0.0,0.1373986478691248,2024,8,17,5,Summer
10428,2024-10-16,Chirag Ramanathan,East,Ranchi,Beauty,Foundation,Foundation Occaecati,2,63889,15,108611.3,20674.53,Upi,0.15,108611.3,0.0,0.19035339785086816,2024,10,16,2,Fall
10429,2024-02-24,Priyansh Khurana,East,Patna,Groceries,Rice,Rice Id,5,22292,10,100314.0,9395.84,Upi,0.1,100314.0,0.0,0.09366429411647427,2024,2,24,5,winter
10430,2025-08-03,Jiya Savant,West,Mumbai,Kitchen,Mixer Grinder,Mixer Grinder Rem,2,60140,20,96224.0,14747.44,Credit Card,0.2,96224.0,0.0,0.15326155636847358,2025,8,3,6,Summer
10431,2023-12-11,Advik Talwar,West,Ahmedabad,Toys,Action Figure,Action Figure Atque,2,25502,20,40803.2,3958.24,Debit Card,0.2,40803.200000000004,7.275957614183426e-12,0.09700807779781978,2023,12,11,0,winter
10432,2024-04-16,Zara Ramachandran,East,Kolkata,Groceries,Rice,Rice Illum,4,42773,20,136873.6,20500.48,Upi,0.2,136873.6,0.0,0.14977672830991512,2024,4,16,1,Spring
10433,2025-04-28,Dhanuk Saraf,East,Kolkata,Sports,Cricket Bat,Cricket Bat Iusto,5,21146,10,95157.0,20223.31,Cod,0.1,95157.0,0.0,0.21252572065113445,2025,4,28,0,Spring
10434,2025-02-17,Dhanuk Soni,North,Amritsar,Sports,Cricket Bat,Cricket Bat Totam,2,79849,0,159698.0,38482.39,Credit Card,0.0,159698.0,0.0,0.24096976793698105,2025,2,17,0,winter
10435,2025-09-20,Indrajit Wason,North,Lucknow,Clothing,Women'S Wear,Women's Wear Non,3,41591,10,112295.7,26273.46,Upi,0.1,112295.7,0.0,0.23396675028518457,2025,9,20,5,Fall
10436,2024-07-17,Hazel Kade,North,Jaipur,Toys,Puzzle,Puzzle Tempore,1,17173,10,15455.7,3606.43,Cod,0.1,15455.7,0.0,0.2333398034382137,2024,7,17,2,Summer
10437,2025-05-25,Armaan Kunda,West,Mumbai,Groceries,Rice,Rice Accusantium,4,8489,10,30560.4,1975.66,Net Banking,0.1,30560.4,0.0,0.06464771403515661,2025,5,25,6,Spring
10438,2024-06-19,Rasha Tank,South,Coimbatore,Home Decor,Vase,Vase Est,4,53664,0,214656.0,51499.02,Cod,0.0,214656.0,0.0,0.23991418828264757,2024,6,19,2,Summer
10439,2024-10-14,Rasha Bose,South,Coimbatore,Sports,Tennis Racket,Tennis Racket Rerum,1,62470,5,59346.5,13481.71,Credit Card,0.05,59346.5,0.0,0.22716942026909756,2024,10,14,0,Fall
10440,2024-05-20,Anvi Raju,West,Pune,Sports,Dumbbells,Dumbbells Accusamus,5,18345,20,73380.0,13731.52,Credit Card,0.2,73380.0,0.0,0.18712891796129735,2024,5,20,0,Spring
10441,2024-08-22,Sara Chowdhury,East,Bhubaneswar,Sports,Football,Football Exercitationem,1,11787,15,10018.95,2342.42,Cod,0.15,10018.949999999999,1.8189894035458565e-12,0.23379895098787795,2024,8,22,3,Summer
10442,2023-10-11,Indrajit Dave,South,Hyderabad,Groceries,Spices,Spices Eius,2,14992,20,23987.2,3757.96,Upi,0.2,23987.2,0.0,0.15666522145144077,2023,10,11,2,Fall
10443,2025-04-19,Nitya Sastry,West,Ahmedabad,Furniture,Sofa,Sofa Ad,2,52604,20,84166.4,15279.28,Upi,0.2,84166.40000000001,1.4551915228366852e-11,0.18153657516538668,2025,4,19,5,Spring
10444,2024-02-10,Hunar Bedi,North,Jaipur,Sports,Tennis Racket,Tennis Racket Placeat,4,48951,15,166433.4,32499.26,Upi,0.15,166433.4,0.0,0.19526885829406837,2024,2,10,5,winter
10445,2025-02-09,Hrishita Jani,East,Guwahati,Books,Non-Fiction,Non-Fiction Nam,1,62525,0,62525.0,11292.2,Upi,0.0,62525.0,0.0,0.18060295881647342,2025,2,9,6,winter
10446,2025-04-15,Shray Raja,West,Surat,Toys,Rc Car,RC Car Itaque,2,72207,5,137193.3,20208.54,Net Banking,0.05,137193.3,0.0,0.14729975880746365,2025,4,15,1,Spring
10447,2025-02-17,Ehsaan Sawhney,East,Ranchi,Furniture,Chair,Chair Voluptate,2,6537,5,12420.3,667.01,Debit Card,0.05,12420.3,0.0,0.053703211677656744,2025,2,17,0,winter
10448,2024-10-05,Miraan Khanna,East,Kolkata,Clothing,Women'S Wear,Women's Wear In,4,12606,5,47902.8,3219.93,Credit Card,0.05,47902.799999999996,7.275957614183426e-12,0.06721799143265111,2024,10,5,5,Fall
10449,2025-08-17,Ranbir Suresh,South,Thiruvananthapuram,Furniture,Sofa,Sofa Expedita,5,21916,0,109580.0,6333.31,Upi,0.0,109580.0,0.0,0.05779622193830992,2025,8,17,6,Summer
10450,2025-06-09,Aarav Singhal,East,Patna,Toys,Action Figure,Action Figure Minus,4,33930,5,128934.0,25079.01,Credit Card,0.05,128934.0,0.0,0.194510447205547,2025,6,9,0,Summer
10451,2024-11-29,Aniruddh Doctor,West,Ahmedabad,Clothing,Shoes,Shoes Hic,4,31978,10,115120.8,25070.07,Credit Card,0.1,115120.8,0.0,0.21777185356599327,2024,11,29,4,Fall
10452,2025-02-24,Siya Thaker,North,Delhi,Sports,Tennis Racket,Tennis Racket Illo,4,71504,15,243113.6,37085.57,Net Banking,0.15,243113.6,0.0,0.1525442015584484,2025,2,24,0,winter
10453,2025-09-29,Taran Kakar,South,Bangalore,Books,Textbook,Textbook Quam,3,6748,5,19231.8,2133.85,Cod,0.05,19231.8,0.0,0.11095425285204713,2025,9,29,0,Fall
10454,2025-08-30,Trisha Mandal,East,Kolkata,Furniture,Bed,Bed Ab,1,27172,20,21737.6,4453.6,Cod,0.2,21737.600000000002,3.637978807091713e-12,0.2048800235536582,2025,8,30,5,Summer
10455,2024-07-06,Sumer Vasa,North,Lucknow,Sports,Yoga Mat,Yoga Mat Distinctio,2,9422,20,15075.2,2185.72,Net Banking,0.2,15075.2,0.0,0.14498779452345573,2024,7,6,5,Summer
10456,2024-05-02,Krish Kannan,East,Ranchi,Clothing,Men'S Wear,Men's Wear Recusandae,3,15194,10,41023.8,3097.88,Upi,0.1,41023.8,0.0,0.0755142137003398,2024,5,2,3,Spring
10457,2025-04-01,Ojas Chaudhary,East,Ranchi,Beauty,Perfume,Perfume Quibusdam,5,27257,5,129470.75,24295.16,Net Banking,0.05,129470.75,0.0,0.18764979734804965,2025,4,1,1,Spring
10458,2024-10-03,Reyansh Handa,North,Jaipur,Electronics,Mobile,Mobile Nihil,4,35540,10,127944.0,17284.96,Net Banking,0.1,127944.0,0.0,0.13509785531169885,2024,10,3,3,Fall
10459,2025-02-27,Hiran Sinha,West,Ahmedabad,Toys,Puzzle,Puzzle Doloribus,2,19081,0,38162.0,5166.01,Cod,0.0,38162.0,0.0,0.13537052565379173,2025,2,27,3,winter
10460,2025-01-17,Tanya Tak,South,Hyderabad,Clothing,Men'S Wear,Men's Wear Repudiandae,5,7721,0,38605.0,2916.53,Upi,0.0,38605.0,0.0,0.07554798601217459,2025,1,17,4,winter
10461,2024-07-08,Ivana Sahota,East,Kolkata,Toys,Action Figure,Action Figure Numquam,3,5314,10,14347.8,1830.28,Credit Card,0.1,14347.800000000001,1.8189894035458565e-12,0.12756520163369994,2024,7,8,0,Summer
10462,2023-12-27,Armaan Hora,South,Thiruvananthapuram,Books,Textbook,Textbook Iste,5,33808,15,143684.0,23355.51,Credit Card,0.15,143684.0,0.0,0.16254774365969765,2023,12,27,2,winter
10463,2025-04-09,Vanya Upadhyay,North,Jaipur,Electronics,Mobile,Mobile Quo,5,18349,10,82570.5,15016.28,Net Banking,0.1,82570.5,0.0,0.18186010742335337,2025,4,9,2,Spring
10464,2024-02-25,Shalv Mallick,East,Ranchi,Clothing,Women'S Wear,Women's Wear Voluptatum,3,4938,20,11851.2,654.08,Upi,0.2,11851.2,0.0,0.05519103550695288,2024,2,25,6,winter
10465,2025-03-04,Hridaan Dyal,North,Chandigarh,Kitchen,Cookware Set,Cookware Set Repellat,4,22056,20,70579.2,8812.38,Debit Card,0.2,70579.2,0.0,0.12485803182807399,2025,3,4,1,Spring
10466,2024-03-09,Heer Varghese,South,Bangalore,Clothing,Women'S Wear,Women's Wear Fugiat,2,61626,15,104764.2,7899.96,Net Banking,0.15,104764.2,0.0,0.0754070569908423,2024,3,9,5,Spring
10467,2024-01-31,Kiaan Bhat,North,Jaipur,Groceries,Sugar,Sugar Fugit,4,46513,0,186052.0,21722.39,Upi,0.0,186052.0,0.0,0.11675440199514114,2024,1,31,2,winter
10468,2024-03-22,Urvi Vora,North,Chandigarh,Electronics,Laptop,Laptop Magni,3,71994,15,183584.7,12294.89,Net Banking,0.15,183584.69999999998,2.9103830456733704e-11,0.06697121274267408,2024,3,22,4,Spring
10469,2025-05-19,Urvi Shroff,East,Ranchi,Electronics,Laptop,Laptop Sit,1,9724,20,7779.2,1282.53,Cod,0.2,7779.200000000001,9.094947017729282e-13,0.16486656725627313,2025,5,19,0,Spring
10470,2025-07-13,Aradhya Jayaraman,North,Jaipur,Clothing,Men'S Wear,Men's Wear Explicabo,5,35560,20,142240.0,33226.84,Upi,0.2,142240.0,0.0,0.23359701912260966,2025,7,13,6,Summer
10471,2024-10-01,Aayush Boase,East,Guwahati,Furniture,Sofa,Sofa Suscipit,5,26114,15,110984.5,24940.13,Credit Card,0.15,110984.5,0.0,0.22471723528961252,2024,10,1,1,Fall
10472,2025-08-30,Vedika Arora,East,Kolkata,Sports,Tennis Racket,Tennis Racket Molestiae,5,59190,0,295950.0,41811.64,Upi,0.0,295950.0,0.0,0.14127940530495015,2025,8,30,5,Summer
10473,2024-11-26,Charvi Gulati,South,Bangalore,Groceries,Sugar,Sugar Temporibus,2,21758,0,43516.0,5432.05,Debit Card,0.0,43516.0,0.0,0.12482879860281276,2024,11,26,1,Fall
10474,2024-10-19,Kavya Chokshi,East,Ranchi,Toys,Board Game,Board Game Nulla,5,11362,5,53969.5,6503.05,Debit Card,0.05,53969.5,0.0,0.12049490916165613,2024,10,19,5,Fall
10475,2024-06-18,Amani Sanghvi,West,Surat,Groceries,Oil,Oil Aliquam,3,4902,5,13970.7,1271.72,Debit Card,0.05,13970.699999999999,1.8189894035458565e-12,0.0910276507261626,2024,6,18,1,Summer
10476,2025-02-25,Priyansh Ghose,East,Patna,Home Decor,Cushion,Cushion Labore,5,35330,0,176650.0,21281.71,Cod,0.0,176650.0,0.0,0.12047387489385791,2025,2,25,1,winter
10477,2024-08-19,Kavya Kade,North,Jaipur,Kitchen,Microwave,Microwave Cumque,1,60344,0,60344.0,3392.64,Cod,0.0,60344.0,0.0,0.05622166246851385,2024,8,19,0,Summer
10478,2025-02-12,Khushi Kunda,South,Bangalore,Beauty,Perfume,Perfume Maxime,5,65116,0,325580.0,68224.67,Cod,0.0,325580.0,0.0,0.2095480987775662,2025,2,12,2,winter
10479,2024-05-20,Mamooty Boase,North,Delhi,Books,Biography,Biography Eaque,1,51511,15,43784.35,2675.16,Upi,0.15,43784.35,0.0,0.061098543200938236,2024,5,20,0,Spring
10480,2024-08-14,Zain Hari,North,Amritsar,Clothing,Accessories,Accessories Repellendus,5,74352,5,353172.0,60835.67,Cod,0.05,353172.0,0.0,0.17225507684640912,2024,8,14,2,Summer
10481,2024-02-26,Raghav Hegde,North,Jaipur,Books,Non-Fiction,Non-Fiction Architecto,3,34819,15,88788.45,13087.72,Upi,0.15,88788.45,0.0,0.14740340663678664,2024,2,26,0,winter
10482,2024-05-08,Piya Bhattacharyya,East,Ranchi,Furniture,Table,Table Tenetur,3,50549,0,151647.0,15286.16,Upi,0.0,151647.0,0.0,0.1008009390228623,2024,5,8,2,Spring
10483,2025-02-24,Aarav Bal,North,Chandigarh,Books,Comics,Comics Eos,2,47370,15,80529.0,6489.76,Net Banking,0.15,80529.0,0.0,0.08058910454618834,2025,2,24,0,winter
10484,2024-04-04,Lagan Thakur,West,Surat,Furniture,Bed,Bed Iure,4,62566,5,237750.8,37337.17,Net Banking,0.05,237750.8,0.0,0.15704329911823642,2024,4,4,3,Spring
10485,2024-02-17,Kiara Chahal,South,Hyderabad,Electronics,Mobile,Mobile Sequi,4,27771,10,99975.6,20888.92,Cod,0.1,99975.6,0.0,0.2089401814042626,2024,2,17,5,winter
10486,2025-07-02,Farhan Ramachandran,West,Ahmedabad,Home Decor,Vase,Vase Perferendis,2,20696,15,35183.2,6698.47,Upi,0.15,35183.2,0.0,0.19038831032993023,2025,7,2,2,Summer
10487,2024-08-19,Suhana Sheth,North,Chandigarh,Books,Non-Fiction,Non-Fiction Optio,4,16614,10,59810.4,12464.49,Cod,0.1,59810.4,0.0,0.20840004413948074,2024,8,19,0,Summer
10488,2024-01-04,Ritvik Dara,East,Kolkata,Home Decor,Lamp,Lamp At,1,52459,0,52459.0,7058.33,Cod,0.0,52459.0,0.0,0.1345494576717055,2024,1,4,3,winter
10489,2023-11-26,Suhana Bumb,East,Guwahati,Furniture,Chair,Chair Tempora,5,37036,15,157403.0,34631.43,Net Banking,0.15,157403.0,0.0,0.22001759813980673,2023,11,26,6,Fall
10490,2025-04-25,Nayantara Rajagopalan,West,Pune,Groceries,Oil,Oil Explicabo,5,12910,20,51640.0,10631.27,Upi,0.2,51640.0,0.0,0.20587277304415183,2025,4,25,4,Spring
10491,2023-10-16,Damini Madan,South,Chennai,Electronics,Smartwatch,Smartwatch Ipsa,2,25197,5,47874.3,7675.19,Net Banking,0.05,47874.299999999996,7.275957614183426e-12,0.16031962869430988,2023,10,16,0,Fall
10492,2024-01-30,Neelofar Hans,East,Bhubaneswar,Furniture,Table,Table Ipsum,4,13131,5,49897.8,11710.24,Upi,0.05,49897.799999999996,7.275957614183426e-12,0.23468449510800074,2024,1,30,1,winter
10493,2024-12-23,Suhana Mann,East,Ranchi,Electronics,Smartwatch,Smartwatch Consectetur,3,42650,5,121552.5,18972.93,Cod,0.05,121552.5,0.0,0.1560883568828284,2024,12,23,0,winter
10494,2024-01-05,Vidur Bahl,West,Pune,Sports,Yoga Mat,Yoga Mat Et,1,9722,0,9722.0,2292.47,Upi,0.0,9722.0,0.0,0.23580230405266403,2024,1,5,4,winter
10495,2024-05-05,Kiaan Gour,West,Ahmedabad,Toys,Doll,Doll Recusandae,3,52458,15,133767.9,22537.56,Upi,0.15,133767.9,0.0,0.16848257317338466,2024,5,5,6,Spring
10496,2025-05-21,Divyansh Ratta,South,Bangalore,Furniture,Sofa,Sofa Voluptatibus,3,37296,0,111888.0,14864.2,Upi,0.0,111888.0,0.0,0.13284892034892035,2025,5,21,2,Spring
10497,2024-07-07,Heer Kuruvilla,West,Pune,Beauty,Face Cream,Face Cream Corrupti,1,26200,20,20960.0,2875.86,Credit Card,0.2,20960.0,0.0,0.13720706106870229,2024,7,7,6,Summer
10498,2024-06-22,Aniruddh Dhingra,East,Bhubaneswar,Kitchen,Refrigerator,Refrigerator Perferendis,4,63437,0,253748.0,16868.36,Credit Card,0.0,253748.0,0.0,0.06647681952173022,2024,6,22,5,Summer
10499,2024-02-15,Yashvi Sarraf,South,Coimbatore,Sports,Cricket Bat,Cricket Bat Consequuntur,1,21457,15,18238.45,1272.49,Cod,0.15,18238.45,0.0,0.06976963502929251,2024,2,15,3,winter
10500,2024-10-11,Purab Kulkarni,West,Surat,Books,Non-Fiction,Non-Fiction Explicabo,3,43770,15,111613.5,18435.46,Net Banking,0.15,111613.5,0.0,0.16517231338502958,2024,10,11,4,Fall
10501,2024-08-29,Anahi Rattan,South,Chennai,Toys,Rc Car,RC Car Magnam,1,66334,15,56383.9,3173.68,Credit Card,0.15,56383.9,0.0,0.056286989725790514,2024,8,29,3,Summer
10502,2024-01-20,Taimur Krishnamurthy,South,Thiruvananthapuram,Clothing,Shoes,Shoes Totam,2,15293,0,30586.0,6365.59,Cod,0.0,30586.0,0.0,0.20812103576799842,2024,1,20,5,winter
10503,2023-10-30,Heer Korpal,East,Kolkata,Kitchen,Cookware Set,Cookware Set Quam,4,8479,5,32220.2,5866.21,Cod,0.05,32220.199999999997,3.637978807091713e-12,0.18206621932824749,2023,10,30,0,Fall
10504,2024-04-24,Dhruv Aurora,North,Amritsar,Kitchen,Refrigerator,Refrigerator Impedit,1,71520,0,71520.0,9228.81,Debit Card,0.0,71520.0,0.0,0.1290381711409396,2024,4,24,2,Spring
10505,2024-07-11,Mahika Bail,North,Delhi,Clothing,Kids Wear,Kids Wear Distinctio,4,67045,10,241362.0,46924.56,Net Banking,0.1,241362.0,0.0,0.19441569095383696,2024,7,11,3,Summer
10506,2024-03-02,Aarav Bakshi,East,Bhubaneswar,Home Decor,Clock,Clock Necessitatibus,4,5980,10,21528.0,1168.16,Cod,0.1,21528.0,0.0,0.05426235600148644,2024,3,2,5,Spring
10507,2024-07-19,Parinaaz Bhandari,North,Amritsar,Electronics,Mobile,Mobile Nulla,5,55578,10,250101.0,15998.66,Net Banking,0.1,250101.0,0.0,0.06396879660617111,2024,7,19,4,Summer
10508,2025-10-02,Amani Sankaran,East,Guwahati,Books,Textbook,Textbook Doloribus,4,5207,10,18745.2,3954.92,Cod,0.1,18745.2,0.0,0.21098307833472035,2025,10,2,3,Fall
10509,2024-07-25,Shaan Master,North,Chandigarh,Electronics,Camera,Camera Eius,4,18731,0,74924.0,17324.15,Credit Card,0.0,74924.0,0.0,0.23122297261224709,2024,7,25,3,Summer
10510,2023-12-17,Advik Dey,South,Hyderabad,Home Decor,Vase,Vase Beatae,2,54308,10,97754.4,4988.07,Credit Card,0.1,97754.40000000001,1.4551915228366852e-11,0.05102655225749429,2023,12,17,6,winter
10511,2025-05-12,Samarth Sandhu,East,Guwahati,Books,Non-Fiction,Non-Fiction Pariatur,1,12977,20,10381.6,1938.25,Cod,0.2,10381.6,0.0,0.18670050859212453,2025,5,12,0,Spring
10512,2024-09-02,Trisha Dutt,West,Ahmedabad,Beauty,Lipstick,Lipstick Illo,2,44567,5,84677.3,19553.67,Net Banking,0.05,84677.3,0.0,0.23091985691560782,2024,9,2,0,Fall
10513,2025-01-11,Parinaaz Rama,North,Delhi,Toys,Rc Car,RC Car Illo,3,65153,20,156367.2,11129.02,Debit Card,0.2,156367.2,0.0,0.07117234304892586,2025,1,11,5,winter
10514,2023-10-20,Samaira Loyal,South,Bangalore,Beauty,Face Cream,Face Cream Ab,3,45532,0,136596.0,17650.23,Credit Card,0.0,136596.0,0.0,0.12921483791619082,2023,10,20,4,Fall
10515,2024-02-24,Raunak Mane,South,Coimbatore,Beauty,Lipstick,Lipstick Tenetur,4,79338,0,317352.0,24679.03,Cod,0.0,317352.0,0.0,0.07776547808112128,2024,2,24,5,winter
10516,2023-11-13,Riya Date,West,Goa,Home Decor,Vase,Vase Inventore,1,56926,5,54079.7,12005.1,Cod,0.05,54079.7,0.0,0.22198902730599468,2023,11,13,0,Fall
10517,2025-04-24,Charvi Brar,South,Chennai,Electronics,Smartwatch,Smartwatch Similique,5,10963,0,54815.0,8558.02,Debit Card,0.0,54815.0,0.0,0.1561255130894828,2025,4,24,3,Spring
10518,2025-02-23,Heer Dhawan,West,Pune,Furniture,Table,Table Consequuntur,1,45870,15,38989.5,5105.08,Net Banking,0.15,38989.5,0.0,0.13093473883994408,2025,2,23,6,winter
10519,2024-06-26,Samaira Dugar,West,Pune,Groceries,Spices,Spices Accusantium,4,26461,20,84675.2,13612.85,Upi,0.2,84675.20000000001,1.4551915228366852e-11,0.16076548977740826,2024,6,26,2,Summer
10520,2024-08-27,Sumer Goda,North,Delhi,Home Decor,Clock,Clock Rerum,2,32782,10,59007.6,4037.99,Debit Card,0.1,59007.6,0.0,0.06843169354456036,2024,8,27,1,Summer
10521,2024-07-25,Akarsh Balan,North,Chandigarh,Groceries,Wheat,Wheat Voluptatem,5,20811,20,83244.0,8272.34,Debit Card,0.2,83244.0,0.0,0.09937460958147135,2024,7,25,3,Summer
10522,2025-08-10,Abram Bansal,West,Pune,Groceries,Rice,Rice Rem,4,53463,5,203159.4,27827.34,Debit Card,0.05,203159.4,0.0,0.136972938490663,2025,8,10,6,Summer
10523,2024-04-23,Bhamini Gulati,North,Jaipur,Clothing,Kids Wear,Kids Wear Quidem,5,40998,10,184491.0,32778.89,Cod,0.1,184491.0,0.0,0.17767202736176832,2024,4,23,1,Spring
10524,2024-09-14,Nishith Sankar,West,Surat,Books,Non-Fiction,Non-Fiction Ipsam,3,67236,0,201708.0,45297.6,Credit Card,0.0,201708.0,0.0,0.22457017074186447,2024,9,14,5,Fall
10525,2024-02-15,Alia Suri,North,Jaipur,Clothing,Kids Wear,Kids Wear Voluptatum,2,74055,15,125893.5,12613.24,Credit Card,0.15,125893.5,0.0,0.10018976357000163,2024,2,15,3,winter
10526,2024-03-22,Raghav Sachdeva,North,Jaipur,Sports,Football,Football Deleniti,4,41803,15,142130.2,8563.29,Cod,0.15,142130.19999999998,2.9103830456733704e-11,0.06024961619697995,2024,3,22,4,Spring
10527,2025-03-10,Zain Sarkar,North,Delhi,Kitchen,Refrigerator,Refrigerator Laboriosam,2,59562,0,119124.0,11694.87,Debit Card,0.0,119124.0,0.0,0.09817391961317619,2025,3,10,0,Spring
10528,2023-10-13,Mohanlal Kapoor,South,Chennai,Toys,Action Figure,Action Figure Voluptatum,2,17386,20,27817.6,6886.36,Credit Card,0.2,27817.600000000002,3.637978807091713e-12,0.24755406649027953,2023,10,13,4,Fall
10529,2023-11-12,Faiyaz Rattan,West,Ahmedabad,Kitchen,Mixer Grinder,Mixer Grinder Provident,5,49633,5,235756.75,32490.83,Net Banking,0.05,235756.75,0.0,0.1378150572571093,2023,11,12,6,Fall
10530,2025-04-02,Aayush Sood,North,Chandigarh,Kitchen,Cookware Set,Cookware Set Nulla,1,55908,20,44726.4,9396.33,Debit Card,0.2,44726.4,0.0,0.21008464799313156,2025,4,2,2,Spring
10531,2024-08-19,Shamik Ahluwalia,East,Bhubaneswar,Kitchen,Cookware Set,Cookware Set Recusandae,5,24980,15,106165.0,19708.64,Cod,0.15,106165.0,0.0,0.18564159562944474,2024,8,19,0,Summer
10532,2025-01-23,Ishaan Chopra,East,Bhubaneswar,Clothing,Shoes,Shoes Quos,2,38692,10,69645.6,12769.57,Debit Card,0.1,69645.6,0.0,0.18335070700805217,2025,1,23,3,winter
10533,2024-12-11,Seher Dhar,East,Patna,Books,Biography,Biography Eaque,1,58312,0,58312.0,11072.97,Credit Card,0.0,58312.0,0.0,0.18989178899711895,2024,12,11,2,winter
10534,2024-12-27,Ishita De,West,Mumbai,Beauty,Lipstick,Lipstick Autem,3,3838,15,9786.9,2213.15,Cod,0.15,9786.9,0.0,0.22613391370096764,2024,12,27,4,winter
10535,2024-03-21,Miraya Aurora,North,Amritsar,Clothing,Shoes,Shoes Autem,5,12918,20,51672.0,11810.45,Net Banking,0.2,51672.0,0.0,0.228565760953708,2024,3,21,3,Spring
10536,2024-06-07,Indranil Lall,East,Guwahati,Furniture,Bed,Bed Iure,2,42366,0,84732.0,5238.39,Upi,0.0,84732.0,0.0,0.061823042062030875,2024,6,7,4,Summer
10537,2025-05-04,Tiya Sandhu,South,Bangalore,Groceries,Wheat,Wheat Minima,3,21031,0,63093.0,8195.06,Credit Card,0.0,63093.0,0.0,0.12988857717971883,2025,5,4,6,Spring
10538,2023-10-11,Madhav Mandal,East,Bhubaneswar,Toys,Doll,Doll Culpa,2,75125,5,142737.5,11387.13,Net Banking,0.05,142737.5,0.0,0.07977672300551711,2023,10,11,2,Fall
10539,2023-10-31,Navya Kale,South,Chennai,Furniture,Cabinet,Cabinet Deleniti,4,78412,20,250918.4,33576.83,Upi,0.2,250918.40000000002,2.9103830456733704e-11,0.13381573451767587,2023,10,31,1,Fall
10540,2024-04-07,Pari Agate,South,Chennai,Kitchen,Juicer,Juicer Excepturi,3,43921,10,118586.7,28062.77,Debit Card,0.1,118586.7,0.0,0.23664348531496365,2024,4,7,6,Spring
10541,2024-11-22,Shanaya Gokhale,North,Delhi,Sports,Football,Football Dolorem,3,59907,0,179721.0,40380.73,Credit Card,0.0,179721.0,0.0,0.22468565164894477,2024,11,22,4,Fall
10542,2025-07-29,Vivaan Ranganathan,East,Kolkata,Electronics,Smartwatch,Smartwatch At,1,60217,0,60217.0,4724.86,Credit Card,0.0,60217.0,0.0,0.07846388893501835,2025,7,29,1,Summer
10543,2025-09-01,Prerak Barad,East,Guwahati,Furniture,Cabinet,Cabinet Ullam,1,26901,20,21520.8,1786.22,Credit Card,0.2,21520.800000000003,3.637978807091713e-12,0.08299970261328575,2025,9,1,0,Fall
10544,2024-11-27,Akarsh Chacko,North,Delhi,Kitchen,Cookware Set,Cookware Set Minus,1,38082,10,34273.8,2233.56,Net Banking,0.1,34273.8,0.0,0.06516814593071092,2024,11,27,2,Fall
10545,2024-05-13,Faiyaz Srinivas,South,Bangalore,Beauty,Foundation,Foundation Ullam,3,43323,0,129969.0,13215.51,Cod,0.0,129969.0,0.0,0.10168201648085312,2024,5,13,0,Spring
10546,2024-03-04,Yasmin Vala,South,Chennai,Kitchen,Juicer,Juicer Inventore,5,68608,0,343040.0,77964.03,Net Banking,0.0,343040.0,0.0,0.22727387476679103,2024,3,4,0,Spring
10547,2024-09-05,Parinaaz Swaminathan,South,Chennai,Books,Textbook,Textbook Quibusdam,1,43488,20,34790.4,7099.43,Upi,0.2,34790.4,0.0,0.2040629024098602,2024,9,5,3,Fall
10548,2025-01-18,Romil Chana,North,Lucknow,Books,Fiction,Fiction Dicta,2,48760,15,82892.0,14454.55,Cod,0.15,82892.0,0.0,0.17437810645176854,2025,1,18,5,winter
10549,2025-01-17,Rohan Varty,East,Bhubaneswar,Sports,Dumbbells,Dumbbells Illum,3,50155,10,135418.5,26701.56,Credit Card,0.1,135418.5,0.0,0.19717808128136113,2025,1,17,4,winter
10550,2025-09-29,Dhanuk Kapur,West,Pune,Groceries,Oil,Oil Omnis,3,52170,20,125208.0,7746.81,Credit Card,0.2,125208.0,0.0,0.06187152578110025,2025,9,29,0,Fall
10551,2023-10-23,Sana Gulati,East,Patna,Kitchen,Juicer,Juicer Nobis,4,75849,15,257886.6,55318.94,Credit Card,0.15,257886.6,0.0,0.21450878021580028,2023,10,23,0,Fall
10552,2025-08-01,Vedika Jha,South,Bangalore,Furniture,Table,Table Nobis,2,31803,20,50884.8,4667.31,Credit Card,0.2,50884.8,0.0,0.091723068578436,2025,8,1,4,Summer
10553,2025-02-12,Bhavin Dhawan,East,Bhubaneswar,Electronics,Smartwatch,Smartwatch Cumque,4,33238,0,132952.0,10594.2,Cod,0.0,132952.0,0.0,0.07968439737649678,2025,2,12,2,winter
10554,2023-10-31,Eva Khatri,North,Chandigarh,Kitchen,Juicer,Juicer Esse,3,931,10,2513.7,535.45,Credit Card,0.1,2513.7000000000003,4.547473508864641e-13,0.2130126904562995,2023,10,31,1,Fall
10555,2024-02-26,Shlok Master,South,Bangalore,Toys,Board Game,Board Game Reiciendis,3,68870,15,175618.5,30596.53,Cod,0.15,175618.5,0.0,0.17422156549566248,2024,2,26,0,winter
10556,2025-04-16,Aaryahi Madan,North,Jaipur,Groceries,Oil,Oil Pariatur,4,67896,10,244425.6,57853.1,Cod,0.1,244425.6,0.0,0.23669001937603915,2025,4,16,2,Spring
10557,2025-04-05,Manjari Bhavsar,East,Patna,Groceries,Rice,Rice Quis,4,50991,0,203964.0,50850.65,Upi,0.0,203964.0,0.0,0.24931188837245788,2025,4,5,5,Spring
10558,2024-01-22,Shayak Mane,South,Hyderabad,Furniture,Chair,Chair Impedit,5,33293,20,133172.0,19316.3,Credit Card,0.2,133172.0,0.0,0.14504775778692217,2024,1,22,0,winter
10559,2024-02-08,Ehsaan Majumdar,East,Kolkata,Groceries,Rice,Rice Aperiam,1,24643,20,19714.4,3850.45,Net Banking,0.2,19714.4,0.0,0.19531154891855698,2024,2,8,3,winter
10560,2024-07-27,Bhavin Venkatesh,South,Hyderabad,Books,Fiction,Fiction Dicta,3,15699,0,47097.0,11281.88,Credit Card,0.0,47097.0,0.0,0.23954561861689702,2024,7,27,5,Summer
10561,2024-12-25,Pranay Chauhan,South,Bangalore,Furniture,Cabinet,Cabinet Non,4,37952,10,136627.2,26816.31,Upi,0.1,136627.2,0.0,0.1962735824198988,2024,12,25,2,winter
10562,2024-09-23,Kiaan Saini,South,Bangalore,Furniture,Chair,Chair Vero,4,37379,20,119612.8,14358.68,Credit Card,0.2,119612.8,0.0,0.1200430054308569,2024,9,23,0,Fall
10563,2023-11-16,Shayak Lal,West,Pune,Electronics,Camera,Camera Fugiat,5,24751,10,111379.5,16793.71,Debit Card,0.1,111379.5,0.0,0.1507791828837443,2023,11,16,3,Fall
10564,2023-11-20,Stuvan Ray,East,Kolkata,Home Decor,Vase,Vase Nam,3,44679,0,134037.0,13699.19,Cod,0.0,134037.0,0.0,0.10220454053731433,2023,11,20,0,Fall
10565,2024-07-28,Riaan Srivastava,South,Bangalore,Home Decor,Lamp,Lamp Similique,5,74779,20,299116.0,25440.68,Net Banking,0.2,299116.0,0.0,0.08505288918011741,2024,7,28,6,Summer
10566,2024-01-03,Armaan Kara,South,Hyderabad,Home Decor,Vase,Vase Modi,4,18763,5,71299.4,10868.48,Credit Card,0.05,71299.4,0.0,0.15243438233701828,2024,1,3,2,winter
10567,2025-02-07,Hansh Ghosh,East,Bhubaneswar,Books,Non-Fiction,Non-Fiction Velit,2,51862,0,103724.0,23260.05,Debit Card,0.0,103724.0,0.0,0.22424945046469477,2025,2,7,4,winter
10568,2024-11-08,Aaina Chopra,West,Ahmedabad,Kitchen,Cookware Set,Cookware Set Aspernatur,1,51596,5,49016.2,10826.52,Cod,0.05,49016.2,0.0,0.22087636332477836,2024,11,8,4,Fall
10569,2025-02-05,Vritika Cherian,North,Lucknow,Toys,Board Game,Board Game Sed,1,75253,10,67727.7,8682.4,Credit Card,0.1,67727.7,0.0,0.12819570131570981,2025,2,5,2,winter
10570,2024-02-05,Vivaan Gole,South,Chennai,Sports,Yoga Mat,Yoga Mat Provident,5,24211,20,96844.0,20978.59,Credit Card,0.2,96844.0,0.0,0.21662250629878982,2024,2,5,0,winter
10571,2024-07-19,Rasha Rana,South,Chennai,Books,Non-Fiction,Non-Fiction Incidunt,1,48566,15,41281.1,5691.51,Upi,0.15,41281.1,0.0,0.13787205282804965,2024,7,19,4,Summer
10572,2025-05-27,Raghav Kari,North,Lucknow,Kitchen,Mixer Grinder,Mixer Grinder Illo,5,2378,15,10106.5,2266.82,Net Banking,0.15,10106.5,0.0,0.22429327660416565,2025,5,27,1,Spring
10573,2023-10-14,Saanvi Gulati,North,Delhi,Books,Fiction,Fiction Cumque,3,43593,0,130779.0,24348.15,Upi,0.0,130779.0,0.0,0.18617782671529834,2023,10,14,5,Fall
10574,2024-07-01,Jayan Doshi,West,Pune,Kitchen,Microwave,Microwave Nam,5,13873,5,65896.75,6173.95,Debit Card,0.05,65896.75,0.0,0.0936912670199972,2024,7,1,0,Summer
10575,2025-02-18,Ryan Sem,East,Patna,Toys,Rc Car,RC Car Eligendi,3,60446,10,163204.2,26150.1,Cod,0.1,163204.2,0.0,0.16022933233335904,2025,2,18,1,winter
10576,2025-07-27,Onkar Buch,West,Mumbai,Kitchen,Mixer Grinder,Mixer Grinder Asperiores,2,20211,15,34358.7,4217.07,Credit Card,0.15,34358.7,0.0,0.12273659946389125,2025,7,27,6,Summer
10577,2023-12-03,Rati Bawa,North,Chandigarh,Furniture,Table,Table Excepturi,2,69027,5,131151.3,8562.53,Debit Card,0.05,131151.3,0.0,0.06528741994932571,2023,12,3,6,winter
10578,2025-03-04,Shamik Tak,East,Ranchi,Books,Biography,Biography Laudantium,2,43919,15,74662.3,14278.04,Debit Card,0.15,74662.3,0.0,0.19123493382871945,2025,3,4,1,Spring
10579,2024-02-24,Amira Kala,West,Pune,Toys,Action Figure,Action Figure Quidem,5,41431,20,165724.0,23182.29,Upi,0.2,165724.0,0.0,0.13988492915932516,2024,2,24,5,winter
10580,2025-01-12,Samiha Bhagat,North,Lucknow,Books,Textbook,Textbook Dolore,4,78377,0,313508.0,31018.89,Upi,0.0,313508.0,0.0,0.09894130293325848,2025,1,12,6,winter
10581,2024-06-26,Kiaan Khosla,West,Mumbai,Home Decor,Clock,Clock Modi,3,18772,5,53500.2,11704.02,Cod,0.05,53500.2,0.0,0.21876591115547234,2024,6,26,2,Summer
10582,2024-04-17,Charvi Raman,East,Patna,Home Decor,Cushion,Cushion Minus,5,68153,0,340765.0,26430.68,Credit Card,0.0,340765.0,0.0,0.07756277786744531,2024,4,17,2,Spring
10583,2023-10-20,Pihu Gola,South,Hyderabad,Electronics,Mobile,Mobile Deleniti,5,71988,20,287952.0,45956.11,Net Banking,0.2,287952.0,0.0,0.15959642579318775,2023,10,20,4,Fall
10584,2024-07-09,Neysa Saraf,East,Patna,Toys,Action Figure,Action Figure Totam,5,50927,0,254635.0,53139.54,Credit Card,0.0,254635.0,0.0,0.20868906473972548,2024,7,9,1,Summer
10585,2025-04-18,Fateh Maharaj,North,Amritsar,Furniture,Cabinet,Cabinet Quos,2,6450,15,10965.0,1855.69,Credit Card,0.15,10965.0,0.0,0.1692375740994072,2025,4,18,4,Spring
10586,2025-04-16,Manikya Chacko,North,Amritsar,Sports,Dumbbells,Dumbbells Accusamus,3,28399,10,76677.3,15749.79,Cod,0.1,76677.3,0.0,0.20540355489825543,2025,4,16,2,Spring
10587,2024-06-08,Azad Anne,South,Coimbatore,Books,Biography,Biography Consectetur,4,30828,20,98649.6,15472.82,Upi,0.2,98649.6,0.0,0.15684625178409237,2024,6,8,5,Summer
10588,2024-06-17,Mishti Grover,North,Jaipur,Books,Textbook,Textbook Ut,2,50829,5,96575.1,6508.16,Cod,0.05,96575.09999999999,1.4551915228366852e-11,0.06738962734700767,2024,6,17,0,Summer
10589,2024-12-23,Shaan Sharaf,South,Chennai,Electronics,Camera,Camera Et,5,74570,10,335565.0,56792.28,Upi,0.1,335565.0,0.0,0.1692437530731751,2024,12,23,0,winter
10590,2024-01-22,Amira Ganesh,East,Patna,Books,Comics,Comics Unde,1,54162,15,46037.7,7591.8,Upi,0.15,46037.7,0.0,0.16490398086785396,2024,1,22,0,winter
10591,2024-01-06,Pari Mane,South,Hyderabad,Clothing,Women'S Wear,Women's Wear Enim,3,48740,0,146220.0,26677.62,Upi,0.0,146220.0,0.0,0.1824485022568732,2024,1,6,5,winter
10592,2024-02-18,Vardaniya Date,West,Goa,Clothing,Accessories,Accessories Animi,1,14717,15,12509.45,2311.81,Upi,0.15,12509.449999999999,1.8189894035458565e-12,0.1848050873539604,2024,2,18,6,winter
10593,2024-05-28,Mamooty Kapur,North,Delhi,Electronics,Laptop,Laptop Voluptas,3,8775,0,26325.0,5599.31,Cod,0.0,26325.0,0.0,0.21269933523266857,2024,5,28,1,Spring
10594,2024-12-09,Ritvik Majumdar,South,Thiruvananthapuram,Toys,Doll,Doll Hic,4,6022,5,22883.6,5031.02,Credit Card,0.05,22883.6,0.0,0.21985264556276113,2024,12,9,0,winter
10595,2025-02-17,Raghav Rama,East,Guwahati,Home Decor,Wall Art,Wall Art Est,3,67998,15,173394.9,26088.47,Net Banking,0.15,173394.9,0.0,0.15045696269036749,2025,2,17,0,winter
10596,2023-10-26,Ishaan Banik,South,Bangalore,Books,Non-Fiction,Non-Fiction Vel,1,31356,15,26652.6,4348.45,Upi,0.15,26652.6,0.0,0.16315293817488727,2023,10,26,3,Fall
10597,2023-12-29,Khushi Kale,North,Jaipur,Clothing,Men'S Wear,Men's Wear Facere,4,24884,5,94559.2,8199.84,Net Banking,0.05,94559.2,0.0,0.08671646968248463,2023,12,29,4,winter
10598,2025-08-04,Anvi Tak,East,Guwahati,Furniture,Sofa,Sofa Quibusdam,5,10789,5,51247.75,9805.98,Debit Card,0.05,51247.75,0.0,0.19134459561639292,2025,8,4,0,Summer
10599,2024-02-13,Aaina Raval,North,Jaipur,Home Decor,Lamp,Lamp Consequatur,2,53243,5,101161.7,8121.41,Debit Card,0.05,101161.7,0.0,0.08028147016113805,2024,2,13,1,winter
10600,2025-07-26,Ishita Choudhary,North,Jaipur,Kitchen,Cookware Set,Cookware Set Fugit,5,57074,15,242564.5,17022.51,Upi,0.15,242564.5,0.0,0.07017725182374172,2025,7,26,5,Summer
10601,2025-09-25,Jayesh Bath,South,Bangalore,Books,Non-Fiction,Non-Fiction Recusandae,1,16702,20,13361.6,2754.76,Debit Card,0.2,13361.6,0.0,0.20616991977008742,2025,9,25,3,Fall
10602,2025-01-05,Kanav Suresh,North,Amritsar,Furniture,Chair,Chair Assumenda,4,30279,20,96892.8,14303.18,Cod,0.2,96892.8,0.0,0.14761860530400608,2025,1,5,6,winter
10603,2025-09-29,Anay Bhakta,North,Lucknow,Electronics,Camera,Camera Sit,5,18169,5,86302.75,16364.98,Net Banking,0.05,86302.75,0.0,0.18962292626828228,2025,9,29,0,Fall
10604,2025-02-24,Azad Bhatti,South,Thiruvananthapuram,Sports,Tennis Racket,Tennis Racket Exercitationem,1,47332,5,44965.4,10363.14,Credit Card,0.05,44965.4,0.0,0.23046920521111786,2025,2,24,0,winter
10605,2024-04-20,Miraya Ravi,West,Ahmedabad,Books,Biography,Biography Optio,1,78056,20,62444.8,7677.58,Credit Card,0.2,62444.8,0.0,0.12294986932458747,2024,4,20,5,Spring
10606,2025-03-29,Taran Bedi,West,Goa,Books,Non-Fiction,Non-Fiction Debitis,3,9734,15,24821.7,3183.42,Credit Card,0.15,24821.7,0.0,0.12825148962399835,2025,3,29,5,Spring
10607,2023-12-22,Veer Sule,North,Delhi,Toys,Action Figure,Action Figure Corporis,5,23521,0,117605.0,22118.89,Net Banking,0.0,117605.0,0.0,0.18807780281450617,2023,12,22,4,winter
10608,2024-06-16,Ela Lanka,West,Pune,Clothing,Men'S Wear,Men's Wear Harum,3,55690,20,133656.0,30876.49,Debit Card,0.2,133656.0,0.0,0.23101461962051836,2024,6,16,6,Summer
10609,2024-07-16,Hansh Bobal,West,Goa,Electronics,Camera,Camera Voluptas,2,57107,10,102792.6,9117.52,Upi,0.1,102792.6,0.0,0.08869821368464267,2024,7,16,1,Summer
10610,2025-08-10,Vaibhav Viswanathan,North,Delhi,Furniture,Cabinet,Cabinet In,5,47580,10,214110.0,52461.29,Upi,0.1,214110.0,0.0,0.2450202699546962,2025,8,10,6,Summer
10611,2024-07-05,Sahil Chandran,South,Bangalore,Sports,Tennis Racket,Tennis Racket Quibusdam,4,24758,10,89128.8,17633.75,Debit Card,0.1,89128.8,0.0,0.19784570195043577,2024,7,5,4,Summer
10612,2024-04-17,Fateh Iyengar,North,Amritsar,Groceries,Oil,Oil Natus,5,61341,0,306705.0,54809.56,Cod,0.0,306705.0,0.0,0.17870448802595326,2024,4,17,2,Spring
10613,2024-01-22,Riya Magar,East,Guwahati,Kitchen,Juicer,Juicer Minima,1,48742,20,38993.6,2500.78,Upi,0.2,38993.6,0.0,0.0641330885068319,2024,1,22,0,winter
10614,2024-02-17,Urvi Krishnan,North,Chandigarh,Kitchen,Refrigerator,Refrigerator Temporibus,1,70950,15,60307.5,3766.9,Net Banking,0.15,60307.5,0.0,0.06246155121668118,2024,2,17,5,winter
10615,2025-08-29,Madhup Subramaniam,South,Thiruvananthapuram,Kitchen,Mixer Grinder,Mixer Grinder In,2,20177,0,40354.0,7568.53,Cod,0.0,40354.0,0.0,0.1875534023888586,2025,8,29,4,Summer
10616,2025-03-05,Aaryahi Das,West,Goa,Toys,Puzzle,Puzzle Temporibus,2,43083,10,77549.4,9064.67,Net Banking,0.1,77549.40000000001,1.4551915228366852e-11,0.11688897657493161,2025,3,5,2,Spring
10617,2024-11-27,Manjari Gera,East,Ranchi,Beauty,Lipstick,Lipstick Ab,4,42939,15,145992.6,26081.05,Credit Card,0.15,145992.6,0.0,0.17864638344683223,2024,11,27,2,Fall
10618,2024-03-09,Kismat Mand,West,Goa,Beauty,Face Cream,Face Cream Ipsam,5,4438,15,18861.5,3782.64,Net Banking,0.15,18861.5,0.0,0.2005482066643692,2024,3,9,5,Spring
10619,2024-10-26,Divij Gulati,North,Delhi,Furniture,Bed,Bed Distinctio,1,9310,5,8844.5,502.84,Credit Card,0.05,8844.5,0.0,0.05685341172480072,2024,10,26,5,Fall
10620,2024-07-14,Shlok Keer,East,Kolkata,Kitchen,Microwave,Microwave Nihil,2,59992,20,95987.2,23975.87,Upi,0.2,95987.20000000001,1.4551915228366852e-11,0.24978195009334578,2024,7,14,6,Summer
10621,2024-06-08,Alisha Rajagopalan,South,Thiruvananthapuram,Furniture,Bed,Bed Id,5,3356,15,14263.0,2970.9,Net Banking,0.15,14263.0,0.0,0.2082941877585361,2024,6,8,5,Summer
10622,2024-08-03,Taran Iyengar,East,Guwahati,Clothing,Women'S Wear,Women's Wear Ducimus,3,61043,5,173972.55,38352.02,Net Banking,0.05,173972.55,0.0,0.2204486857265701,2024,8,3,5,Summer
10623,2024-03-10,Zaina Chanda,South,Thiruvananthapuram,Toys,Puzzle,Puzzle Excepturi,2,52113,5,99014.7,8488.74,Net Banking,0.05,99014.7,0.0,0.08573211856421319,2024,3,10,6,Spring
10624,2024-01-06,Aarna Khare,North,Jaipur,Groceries,Spices,Spices Dolor,1,39768,0,39768.0,5767.62,Credit Card,0.0,39768.0,0.0,0.14503168376584188,2024,1,6,5,winter
10625,2024-10-30,Abram Date,West,Goa,Electronics,Laptop,Laptop Reiciendis,5,71640,0,358200.0,58879.57,Net Banking,0.0,358200.0,0.0,0.16437624232272474,2024,10,30,2,Fall
10626,2023-12-14,Jivika Magar,West,Goa,Beauty,Lipstick,Lipstick Modi,3,50003,5,142508.55,16379.77,Debit Card,0.05,142508.55,0.0,0.11493885805448166,2023,12,14,3,winter
10627,2024-11-04,Lakshit Wagle,South,Hyderabad,Furniture,Sofa,Sofa Dignissimos,5,55331,10,248989.5,16310.2,Debit Card,0.1,248989.5,0.0,0.065505573528201,2024,11,4,0,Fall
10628,2024-07-03,Sara Kannan,East,Guwahati,Electronics,Mobile,Mobile Exercitationem,3,64330,20,154392.0,12756.4,Credit Card,0.2,154392.0,0.0,0.0826234519923312,2024,7,3,2,Summer
10629,2024-03-18,Indranil Kakar,North,Lucknow,Furniture,Bed,Bed Sapiente,1,2233,15,1898.05,439.4,Upi,0.15,1898.05,0.0,0.23150075077052765,2024,3,18,0,Spring
10630,2025-06-19,Advik Subramaniam,South,Bangalore,Books,Comics,Comics Vitae,2,69355,10,124839.0,12058.92,Cod,0.1,124839.0,0.0,0.09659577535866196,2025,6,19,3,Summer
10631,2024-10-07,Madhav Jani,East,Patna,Beauty,Face Cream,Face Cream Magni,1,38873,20,31098.4,2237.46,Credit Card,0.2,31098.4,0.0,0.07194775293905796,2024,10,7,0,Fall
10632,2023-10-18,Kartik Lall,West,Goa,Kitchen,Microwave,Microwave Consectetur,2,54696,20,87513.6,18437.08,Cod,0.2,87513.6,0.0,0.210676740529472,2023,10,18,2,Fall
10633,2023-11-08,Vedika Atwal,North,Chandigarh,Sports,Cricket Bat,Cricket Bat Labore,4,35062,5,133235.6,32120.29,Upi,0.05,133235.6,0.0,0.24107888582330847,2023,11,8,2,Fall
10634,2025-03-27,Ahana  Sampath,West,Pune,Books,Textbook,Textbook Placeat,2,3935,0,7870.0,844.48,Debit Card,0.0,7870.0,0.0,0.10730368487928844,2025,3,27,3,Spring
10635,2024-03-14,Nishith Kara,South,Thiruvananthapuram,Books,Non-Fiction,Non-Fiction Reprehenderit,5,57996,0,289980.0,60817.43,Cod,0.0,289980.0,0.0,0.20972973998206773,2024,3,14,3,Spring
10636,2025-05-08,Anya Sandhu,West,Mumbai,Toys,Puzzle,Puzzle Veritatis,1,74462,20,59569.6,4505.47,Credit Card,0.2,59569.600000000006,7.275957614183426e-12,0.07563371249764982,2025,5,8,3,Spring
10637,2024-01-24,Kiara Keer,West,Surat,Clothing,Shoes,Shoes Voluptas,2,32039,20,51262.4,5086.3,Credit Card,0.2,51262.4,0.0,0.09922087143793502,2024,1,24,2,winter
10638,2025-08-25,Rhea Saxena,East,Ranchi,Clothing,Shoes,Shoes Voluptate,1,55302,15,47006.7,10277.79,Debit Card,0.15,47006.7,0.0,0.21864521440560605,2025,8,25,0,Summer
10639,2024-10-20,Oorja Sandal,West,Ahmedabad,Groceries,Spices,Spices Quo,3,60596,15,154519.8,30780.09,Credit Card,0.15,154519.8,0.0,0.19919835516225107,2024,10,20,6,Fall
10640,2024-02-28,Kanav Sanghvi,West,Surat,Toys,Puzzle,Puzzle Quo,3,63987,15,163166.85,34853.88,Net Banking,0.15,163166.85,0.0,0.21360883047015983,2024,2,28,2,winter
10641,2025-07-25,Elakshi Chatterjee,East,Kolkata,Books,Biography,Biography Veniam,2,2216,0,4432.0,1076.22,Net Banking,0.0,4432.0,0.0,0.2428294223826715,2025,7,25,4,Summer
10642,2024-05-27,Hazel Varma,East,Guwahati,Kitchen,Juicer,Juicer Distinctio,1,62090,5,58985.5,7879.2,Upi,0.05,58985.5,0.0,0.1335785913487213,2024,5,27,0,Spring
10643,2023-11-06,Abram Balasubramanian,North,Chandigarh,Toys,Rc Car,RC Car Necessitatibus,1,6142,10,5527.8,923.99,Credit Card,0.1,5527.8,0.0,0.16715329787618943,2023,11,6,0,Fall
10644,2024-05-07,Diya Sagar,North,Chandigarh,Clothing,Accessories,Accessories Sit,5,73310,5,348222.5,24671.88,Credit Card,0.05,348222.5,0.0,0.07085090710680672,2024,5,7,1,Spring
10645,2025-09-03,Mamooty Zachariah,South,Thiruvananthapuram,Books,Comics,Comics Libero,1,29735,10,26761.5,4030.7,Net Banking,0.1,26761.5,0.0,0.15061562319003044,2025,9,3,2,Fall
10646,2025-03-02,Tiya Warrior,South,Coimbatore,Clothing,Shoes,Shoes At,1,13768,0,13768.0,1659.48,Debit Card,0.0,13768.0,0.0,0.12053166763509587,2025,3,2,6,Spring
10647,2024-12-03,Rhea Sabharwal,North,Jaipur,Toys,Action Figure,Action Figure Molestias,5,64144,15,272612.0,18472.82,Cod,0.15,272612.0,0.0,0.0677623142048039,2024,12,3,1,winter
10648,2023-10-13,Lavanya Desai,North,Lucknow,Books,Fiction,Fiction Consequatur,5,23990,15,101957.5,5116.45,Credit Card,0.15,101957.5,0.0,0.05018218375303435,2023,10,13,4,Fall
10649,2024-10-29,Ivan Shenoy,East,Patna,Groceries,Spices,Spices Ullam,4,23799,20,76156.8,9593.12,Upi,0.2,76156.8,0.0,0.12596537669649985,2024,10,29,1,Fall
10650,2024-05-04,Kismat Bhatti,South,Hyderabad,Books,Comics,Comics Asperiores,3,45036,20,108086.4,23167.57,Net Banking,0.2,108086.40000000001,1.4551915228366852e-11,0.21434306258696748,2024,5,4,5,Spring
10651,2024-11-14,Anahi Sharaf,West,Goa,Groceries,Oil,Oil Beatae,2,15732,10,28317.6,6101.14,Upi,0.1,28317.600000000002,3.637978807091713e-12,0.21545399327626638,2024,11,14,3,Fall
10652,2024-08-31,Vedika Johal,North,Delhi,Toys,Doll,Doll Quaerat,4,33639,5,127828.2,22607.99,Credit Card,0.05,127828.2,0.0,0.1768623042489842,2024,8,31,5,Summer
10653,2024-10-17,Abram Baral,East,Kolkata,Kitchen,Refrigerator,Refrigerator Deleniti,1,40338,10,36304.2,5994.44,Debit Card,0.1,36304.200000000004,7.275957614183426e-12,0.1651169837098738,2024,10,17,3,Fall
10654,2024-08-25,Jivika Sani,East,Patna,Sports,Dumbbells,Dumbbells Accusamus,2,8873,5,16858.7,2506.08,Cod,0.05,16858.7,0.0,0.14865203129541424,2024,8,25,6,Summer
10655,2025-06-15,Pihu Datta,East,Kolkata,Sports,Yoga Mat,Yoga Mat Cum,4,47066,15,160024.4,25992.03,Net Banking,0.15,160024.4,0.0,0.16242541762381238,2025,6,15,6,Summer
10656,2025-07-03,Anika Thaker,North,Jaipur,Electronics,Camera,Camera Veritatis,5,60803,20,243212.0,48161.52,Credit Card,0.2,243212.0,0.0,0.19802279492788183,2025,7,3,3,Summer
10657,2025-04-02,Sumer Lanka,North,Lucknow,Furniture,Bed,Bed Eveniet,5,15239,15,64765.75,6005.61,Upi,0.15,64765.75,0.0,0.09272817808795543,2025,4,2,2,Spring
10658,2024-11-12,Nehmat Rattan,North,Lucknow,Electronics,Mobile,Mobile Adipisci,5,23494,15,99849.5,11088.18,Net Banking,0.15,99849.5,0.0,0.11104892863759959,2024,11,12,1,Fall
10659,2025-08-11,Riaan Banik,East,Guwahati,Sports,Yoga Mat,Yoga Mat Officiis,4,54966,20,175891.2,34105.84,Upi,0.2,175891.2,0.0,0.19390304915766107,2025,8,11,0,Summer
10660,2024-08-21,Fateh Sahota,North,Amritsar,Beauty,Foundation,Foundation Nostrum,4,53502,10,192607.2,44323.62,Upi,0.1,192607.2,0.0,0.23012441902483396,2024,8,21,2,Summer
10661,2024-09-11,Saanvi Solanki,South,Thiruvananthapuram,Clothing,Accessories,Accessories Libero,2,50880,15,86496.0,11193.8,Upi,0.15,86496.0,0.0,0.1294140769515353,2024,9,11,2,Fall
10662,2024-07-12,Bhavin Date,South,Chennai,Books,Fiction,Fiction Officiis,3,2983,5,8501.55,1069.73,Cod,0.05,8501.55,0.0,0.1258276431944763,2024,7,12,4,Summer
10663,2025-06-06,Ivana Goswami,West,Mumbai,Home Decor,Vase,Vase Perferendis,1,76363,0,76363.0,18403.02,Upi,0.0,76363.0,0.0,0.2409939368542357,2025,6,6,4,Summer
10664,2024-06-10,Zain Mani,North,Jaipur,Clothing,Shoes,Shoes Doloremque,4,47929,5,182130.2,30387.53,Net Banking,0.05,182130.19999999998,2.9103830456733704e-11,0.16684509213738302,2024,6,10,0,Summer
10665,2025-01-03,Ahana  Chanda,East,Bhubaneswar,Electronics,Laptop,Laptop Quaerat,4,54039,5,205348.2,35865.22,Debit Card,0.05,205348.19999999998,2.9103830456733704e-11,0.17465563369924839,2025,1,3,4,winter
10666,2024-01-13,Ojas Bhalla,North,Chandigarh,Books,Fiction,Fiction Blanditiis,3,10688,10,28857.6,4466.64,Upi,0.1,28857.600000000002,3.637978807091713e-12,0.1547821024617432,2024,1,13,5,winter
10667,2024-03-09,Riaan Char,East,Guwahati,Books,Non-Fiction,Non-Fiction Officiis,2,68843,5,130801.7,31514.33,Net Banking,0.05,130801.7,0.0,0.24093211326764102,2024,3,9,5,Spring
10668,2025-03-10,Anaya Bhasin,East,Ranchi,Beauty,Foundation,Foundation Cumque,5,35211,10,158449.5,14340.06,Upi,0.1,158449.5,0.0,0.09050239981823861,2025,3,10,0,Spring
10669,2024-03-08,Eshani Chana,North,Amritsar,Groceries,Rice,Rice Molestiae,4,62276,5,236648.8,13046.37,Credit Card,0.05,236648.8,0.0,0.055129668944021694,2024,3,8,4,Spring
10670,2025-02-27,Aradhya Ganguly,North,Lucknow,Electronics,Camera,Camera Provident,3,27587,5,78622.95,19128.29,Credit Card,0.05,78622.95,0.0,0.2432914308099607,2025,2,27,3,winter
10671,2023-12-03,Lagan Ram,West,Pune,Sports,Dumbbells,Dumbbells Cupiditate,4,12694,5,48237.2,7333.18,Debit Card,0.05,48237.2,0.0,0.15202333468775137,2023,12,3,6,winter
10672,2025-02-22,Yuvaan Gokhale,East,Guwahati,Sports,Yoga Mat,Yoga Mat Hic,1,35030,15,29775.5,3839.4,Cod,0.15,29775.5,0.0,0.12894493795234338,2025,2,22,5,winter
10673,2024-06-03,Indrans Venkatesh,East,Patna,Books,Comics,Comics Ea,5,27224,20,108896.0,11664.45,Debit Card,0.2,108896.0,0.0,0.10711550470173377,2024,6,3,0,Summer
10674,2024-07-17,Nakul Bahri,South,Coimbatore,Toys,Board Game,Board Game Veritatis,3,46101,5,131387.85,30694.75,Upi,0.05,131387.85,0.0,0.23361939479183197,2024,7,17,2,Summer
10675,2025-01-30,Dharmajan Comar,East,Patna,Furniture,Chair,Chair At,5,70838,20,283352.0,59929.82,Upi,0.2,283352.0,0.0,0.21150307744430955,2025,1,30,3,winter
10676,2025-08-25,Reyansh Shenoy,South,Thiruvananthapuram,Furniture,Table,Table Repudiandae,2,74289,5,141149.1,10114.55,Cod,0.05,141149.1,0.0,0.07165862198200341,2025,8,25,0,Summer
10677,2024-01-18,Yasmin Johal,West,Ahmedabad,Books,Biography,Biography Quaerat,1,43058,10,38752.2,3808.71,Credit Card,0.1,38752.200000000004,7.275957614183426e-12,0.09828371034418693,2024,1,18,3,winter
10678,2024-06-20,Keya Kalla,North,Lucknow,Groceries,Spices,Spices Inventore,3,58209,0,174627.0,29134.83,Debit Card,0.0,174627.0,0.0,0.16684035114844784,2024,6,20,3,Summer
10679,2025-09-11,Divij Chada,East,Patna,Beauty,Shampoo,Shampoo Animi,3,21822,5,62192.7,4352.36,Credit Card,0.05,62192.7,0.0,0.06998184674407125,2025,9,11,3,Fall
10680,2025-05-16,Kanav Gaba,North,Lucknow,Furniture,Chair,Chair Unde,2,76866,10,138358.8,30204.0,Debit Card,0.1,138358.80000000002,2.9103830456733704e-11,0.21830198006921137,2025,5,16,4,Spring
10681,2025-07-11,Riaan Korpal,North,Jaipur,Books,Comics,Comics Eveniet,2,61896,10,111412.8,22664.98,Net Banking,0.1,111412.8,0.0,0.2034324601841081,2025,7,11,4,Summer
10682,2025-01-10,Ryan Ben,South,Chennai,Furniture,Chair,Chair Optio,1,34958,15,29714.3,5847.67,Credit Card,0.15,29714.3,0.0,0.1967964919247635,2025,1,10,4,winter
10683,2024-04-20,Tara Walia,East,Kolkata,Electronics,Smartwatch,Smartwatch Culpa,2,66419,5,126196.1,26301.68,Net Banking,0.05,126196.09999999999,1.4551915228366852e-11,0.20841911913284167,2024,4,20,5,Spring
10684,2024-06-22,Rohan Sachar,East,Bhubaneswar,Clothing,Women'S Wear,Women's Wear Corporis,3,12189,20,29253.6,3541.45,Credit Card,0.2,29253.600000000002,3.637978807091713e-12,0.12106031394426668,2024,6,22,5,Summer
10685,2023-12-04,Dhruv Sule,West,Mumbai,Sports,Football,Football Repellat,2,16471,5,31294.9,3532.93,Credit Card,0.05,31294.899999999998,3.637978807091713e-12,0.11289155741031286,2023,12,4,0,winter
10686,2025-02-08,Piya Ranganathan,North,Lucknow,Beauty,Shampoo,Shampoo Voluptate,5,63227,20,252908.0,19686.13,Net Banking,0.2,252908.0,0.0,0.0778390956395211,2025,2,8,5,winter
10687,2025-02-28,Saanvi Chaudhari,South,Chennai,Toys,Rc Car,RC Car Exercitationem,5,30855,0,154275.0,38388.1,Cod,0.0,154275.0,0.0,0.24882903905363798,2025,2,28,4,winter
10688,2024-09-09,Kiaan Desai,North,Jaipur,Clothing,Women'S Wear,Women's Wear Eos,4,56628,5,215186.4,40621.43,Credit Card,0.05,215186.4,0.0,0.1887732217277672,2024,9,9,0,Fall
10689,2024-02-23,Krish Subramanian,East,Guwahati,Sports,Football,Football Alias,3,62910,10,169857.0,12285.11,Cod,0.1,169857.0,0.0,0.07232619203212114,2024,2,23,4,winter
10690,2024-09-21,Kanav Anne,South,Thiruvananthapuram,Kitchen,Microwave,Microwave Eum,5,32237,10,145066.5,34640.69,Credit Card,0.1,145066.5,0.0,0.2387917954868974,2024,9,21,5,Fall
10691,2025-09-29,Indranil Ramachandran,East,Guwahati,Furniture,Bed,Bed Doloremque,2,5427,5,10311.3,1231.23,Debit Card,0.05,10311.3,0.0,0.11940589450408776,2025,9,29,0,Fall
10692,2025-05-29,Advik Behl,South,Chennai,Clothing,Men'S Wear,Men's Wear Consequatur,2,31734,0,63468.0,4890.14,Debit Card,0.0,63468.0,0.0,0.07704890653557699,2025,5,29,3,Spring
10693,2024-09-06,Umang Shanker,North,Lucknow,Toys,Puzzle,Puzzle Dignissimos,5,45728,10,205776.0,38038.66,Credit Card,0.1,205776.0,0.0,0.18485469636886714,2024,9,6,4,Fall
10694,2024-05-25,Devansh Ram,South,Hyderabad,Kitchen,Juicer,Juicer Fugit,5,22831,20,91324.0,9776.22,Net Banking,0.2,91324.0,0.0,0.10704984450965792,2024,5,25,5,Spring
10695,2025-04-13,Devansh Rao,North,Delhi,Kitchen,Cookware Set,Cookware Set Ab,2,64629,20,103406.4,7841.37,Debit Card,0.2,103406.40000000001,1.4551915228366852e-11,0.07583060622940166,2025,4,13,6,Spring
10696,2023-11-30,Samarth Toor,North,Amritsar,Books,Non-Fiction,Non-Fiction Ut,2,71911,5,136630.9,26339.48,Debit Card,0.05,136630.9,0.0,0.19277835394482506,2023,11,30,3,Fall
10697,2024-07-09,Saira Bumb,East,Kolkata,Groceries,Wheat,Wheat Maiores,1,64669,0,64669.0,5061.88,Net Banking,0.0,64669.0,0.0,0.07827367053766102,2024,7,9,1,Summer
10698,2024-07-28,Dhanush Bora,East,Guwahati,Books,Non-Fiction,Non-Fiction Quos,4,60046,10,216165.6,27200.45,Cod,0.1,216165.6,0.0,0.1258315384131425,2024,7,28,6,Summer
10699,2025-01-12,Mannat Wagle,East,Guwahati,Furniture,Cabinet,Cabinet Suscipit,5,13334,0,66670.0,3371.66,Cod,0.0,66670.0,0.0,0.050572371381430926,2025,1,12,6,winter
10700,2024-12-15,Devansh Swaminathan,East,Kolkata,Books,Fiction,Fiction Ad,1,22975,0,22975.0,3383.11,Upi,0.0,22975.0,0.0,0.14725179542981504,2024,12,15,6,winter
10701,2025-04-17,Diya Gaba,East,Guwahati,Home Decor,Cushion,Cushion Minima,3,63216,5,180165.6,33139.42,Credit Card,0.05,180165.6,0.0,0.18393866531679742,2025,4,17,3,Spring
10702,2025-03-24,Indrans Sharma,West,Ahmedabad,Books,Biography,Biography Praesentium,5,4261,10,19174.5,1273.76,Upi,0.1,19174.5,0.0,0.06642989386946205,2025,3,24,0,Spring
10703,2025-05-31,Saksham Rau,West,Ahmedabad,Books,Biography,Biography Voluptates,2,56170,0,112340.0,18601.12,Cod,0.0,112340.0,0.0,0.1655787787074951,2025,5,31,5,Spring
10704,2024-12-01,Mehul Kuruvilla,West,Ahmedabad,Kitchen,Mixer Grinder,Mixer Grinder Eos,3,45035,15,114839.25,12451.44,Upi,0.15,114839.25,0.0,0.10842495052867378,2024,12,1,6,winter
10705,2025-05-28,Anika Bhattacharyya,North,Lucknow,Home Decor,Wall Art,Wall Art Saepe,3,7724,10,20854.8,3448.12,Net Banking,0.1,20854.8,0.0,0.16533939428812552,2025,5,28,2,Spring
10706,2023-12-16,Kavya Rau,East,Ranchi,Books,Fiction,Fiction Consectetur,5,58809,20,235236.0,53954.65,Net Banking,0.2,235236.0,0.0,0.22936391538710063,2023,12,16,5,winter
10707,2025-07-30,Shlok Deep,West,Goa,Toys,Action Figure,Action Figure Nobis,1,1182,10,1063.8,124.23,Net Banking,0.1,1063.8,0.0,0.11677946982515511,2025,7,30,2,Summer
10708,2025-03-31,Seher Maharaj,West,Goa,Furniture,Chair,Chair Numquam,5,78096,5,370956.0,80162.41,Net Banking,0.05,370956.0,0.0,0.21609681471657016,2025,3,31,0,Spring
10709,2023-11-28,Kanav Tak,South,Chennai,Groceries,Sugar,Sugar Reiciendis,1,19369,0,19369.0,1170.51,Upi,0.0,19369.0,0.0,0.06043213382208684,2023,11,28,1,Fall
10710,2024-09-22,Ayesha Sampath,East,Ranchi,Kitchen,Refrigerator,Refrigerator Voluptatibus,3,10570,10,28539.0,2622.42,Net Banking,0.1,28539.0,0.0,0.0918889940081993,2024,9,22,6,Fall
10711,2025-03-10,Vanya Sachdeva,North,Lucknow,Sports,Tennis Racket,Tennis Racket Quae,3,19794,10,53443.8,8011.06,Upi,0.1,53443.8,0.0,0.1498969010437132,2025,3,10,0,Spring
10712,2023-11-09,Misha Dar,West,Pune,Sports,Football,Football Eaque,3,45473,5,129598.05,24022.94,Credit Card,0.05,129598.04999999999,1.4551915228366852e-11,0.18536498041444294,2023,11,9,3,Fall
10713,2023-11-11,Vivaan Suresh,North,Chandigarh,Beauty,Face Cream,Face Cream Sint,5,19763,10,88933.5,9232.05,Net Banking,0.1,88933.5,0.0,0.10380846362731704,2023,11,11,5,Fall
10714,2024-02-25,Ayesha Ray,East,Bhubaneswar,Kitchen,Refrigerator,Refrigerator Maiores,5,66615,20,266460.0,22429.77,Cod,0.2,266460.0,0.0,0.0841768745777978,2024,2,25,6,winter
10715,2024-03-07,Vritika Sachar,North,Amritsar,Beauty,Lipstick,Lipstick Tempora,1,23198,20,18558.4,2110.66,Debit Card,0.2,18558.4,0.0,0.11373070954392618,2024,3,7,3,Spring
10716,2025-06-15,Hunar Toor,East,Kolkata,Kitchen,Microwave,Microwave Incidunt,4,28275,15,96135.0,5210.63,Upi,0.15,96135.0,0.0,0.05420117543038436,2025,6,15,6,Summer
10717,2024-04-26,Dhruv Shroff,South,Thiruvananthapuram,Sports,Tennis Racket,Tennis Racket Nihil,3,47650,20,114360.0,8034.97,Debit Card,0.2,114360.0,0.0,0.07026031829310948,2024,4,26,4,Spring
10718,2024-09-12,Krish Maharaj,East,Kolkata,Furniture,Table,Table Nulla,1,21886,5,20791.7,5177.42,Upi,0.05,20791.7,0.0,0.24901378915624983,2024,9,12,3,Fall
10719,2024-02-11,Sahil Bakshi,South,Chennai,Kitchen,Mixer Grinder,Mixer Grinder Nulla,2,77543,0,155086.0,30092.08,Upi,0.0,155086.0,0.0,0.19403479359839057,2024,2,11,6,winter
10720,2023-11-18,Kaira Rana,South,Coimbatore,Clothing,Shoes,Shoes Eligendi,2,1165,20,1864.0,182.05,Debit Card,0.2,1864.0,0.0,0.09766630901287554,2023,11,18,5,Fall
10721,2025-05-09,Tiya Raja,East,Ranchi,Kitchen,Microwave,Microwave In,2,9308,5,17685.2,4267.22,Upi,0.05,17685.2,0.0,0.24128763033496936,2025,5,9,4,Spring
10722,2024-08-05,Parinaaz Gola,South,Thiruvananthapuram,Clothing,Women'S Wear,Women's Wear Ad,2,26026,5,49449.4,8415.25,Cod,0.05,49449.399999999994,7.275957614183426e-12,0.17017901127212867,2024,8,5,0,Summer
10723,2024-01-31,Diya Borah,North,Jaipur,Furniture,Bed,Bed Dolor,5,48983,5,232669.25,52172.98,Debit Card,0.05,232669.25,0.0,0.22423667932053765,2024,1,31,2,winter
10724,2023-10-09,Kabir Malhotra,West,Goa,Kitchen,Microwave,Microwave Sapiente,2,79005,10,142209.0,14090.31,Upi,0.1,142209.0,0.0,0.0990817036896399,2023,10,9,0,Fall
10725,2025-09-24,Akarsh Sule,South,Coimbatore,Sports,Football,Football Nemo,3,16462,20,39508.8,5277.87,Debit Card,0.2,39508.8,0.0,0.13358720082614506,2025,9,24,2,Fall
10726,2025-02-02,Sana Gole,East,Kolkata,Home Decor,Lamp,Lamp Maxime,2,69920,15,118864.0,7041.44,Net Banking,0.15,118864.0,0.0,0.05923946695382958,2025,2,2,6,winter
10727,2024-06-08,Seher Chana,North,Lucknow,Electronics,Camera,Camera Vitae,1,46696,20,37356.8,9098.45,Upi,0.2,37356.8,0.0,0.24355539018331335,2024,6,8,5,Summer
10728,2024-11-27,Nirvaan Dhillon,North,Chandigarh,Beauty,Shampoo,Shampoo Blanditiis,1,35624,5,33842.8,2891.98,Net Banking,0.05,33842.799999999996,7.275957614183426e-12,0.08545333128464547,2024,11,27,2,Fall
10729,2025-09-19,Aaina Bhargava,East,Kolkata,Furniture,Chair,Chair Nesciunt,2,13901,5,26411.9,3768.47,Debit Card,0.05,26411.899999999998,3.637978807091713e-12,0.14268076132349433,2025,9,19,4,Fall
10730,2024-12-09,Jiya Dhar,South,Thiruvananthapuram,Toys,Puzzle,Puzzle Asperiores,2,49460,15,84082.0,13906.55,Upi,0.15,84082.0,0.0,0.1653927118765015,2024,12,9,0,winter
10731,2025-05-17,Aradhya Buch,North,Delhi,Beauty,Shampoo,Shampoo Distinctio,3,22818,15,58185.9,9037.45,Upi,0.15,58185.9,0.0,0.1553202751869439,2025,5,17,5,Spring
10732,2024-04-24,Romil Basak,West,Mumbai,Electronics,Headphones,Headphones Sunt,2,20108,20,32172.8,2338.68,Cod,0.2,32172.800000000003,3.637978807091713e-12,0.07269121742590014,2024,4,24,2,Spring
10733,2025-03-11,Divyansh Desai,North,Jaipur,Clothing,Women'S Wear,Women's Wear Delectus,1,75979,5,72180.05,12083.51,Upi,0.05,72180.05,0.0,0.16740789179281532,2025,3,11,1,Spring
10734,2025-08-21,Farhan Golla,East,Guwahati,Sports,Football,Football Suscipit,3,60638,15,154626.9,7902.21,Upi,0.15,154626.9,0.0,0.05110501471606816,2025,8,21,3,Summer
10735,2023-12-25,Anahi Vig,North,Chandigarh,Books,Non-Fiction,Non-Fiction Recusandae,2,25459,20,40734.4,3772.6,Credit Card,0.2,40734.4,0.0,0.09261459601712557,2023,12,25,0,winter
10736,2025-01-01,Yasmin Kaur,North,Lucknow,Groceries,Wheat,Wheat At,1,56827,5,53985.65,8783.57,Cod,0.05,53985.649999999994,7.275957614183426e-12,0.16270194023782245,2025,1,1,2,winter
10737,2024-08-27,Arhaan Bansal,North,Lucknow,Groceries,Sugar,Sugar Voluptates,4,56017,20,179254.4,18805.72,Cod,0.2,179254.40000000002,2.9103830456733704e-11,0.10491078601138941,2024,8,27,1,Summer
10738,2025-04-08,Ahana  Gupta,South,Coimbatore,Home Decor,Lamp,Lamp Doloremque,3,60927,5,173641.95,22959.61,Debit Card,0.05,173641.94999999998,2.9103830456733704e-11,0.13222386641016182,2025,4,8,1,Spring
10739,2023-10-13,Bhamini Sharaf,East,Guwahati,Furniture,Chair,Chair Possimus,2,76678,5,145688.2,19981.67,Debit Card,0.05,145688.19999999998,2.9103830456733704e-11,0.13715366103775045,2023,10,13,4,Fall
10740,2024-02-02,Shaan Bhasin,East,Ranchi,Groceries,Oil,Oil Quia,5,228,20,912.0,169.99,Upi,0.2,912.0,0.0,0.18639254385964912,2024,2,2,4,winter
10741,2024-03-25,Onkar Desai,East,Patna,Sports,Yoga Mat,Yoga Mat Architecto,1,49429,0,49429.0,8414.39,Debit Card,0.0,49429.0,0.0,0.17023184770074246,2024,3,25,0,Spring
10742,2025-01-04,Riaan Rajan,West,Ahmedabad,Sports,Football,Football Quos,1,30752,0,30752.0,1662.75,Credit Card,0.0,30752.0,0.0,0.054069654006243494,2025,1,4,5,winter
10743,2023-11-19,Lagan Chanda,North,Jaipur,Books,Biography,Biography Occaecati,5,21089,10,94900.5,11152.81,Upi,0.1,94900.5,0.0,0.11752108787624933,2023,11,19,6,Fall
10744,2024-09-13,Aarush Salvi,North,Lucknow,Beauty,Lipstick,Lipstick Tempore,1,53116,0,53116.0,8171.34,Upi,0.0,53116.0,0.0,0.1538395210482717,2024,9,13,4,Fall
10745,2024-07-19,Jayant Gill,East,Ranchi,Books,Textbook,Textbook Distinctio,5,52781,5,250709.75,43391.7,Upi,0.05,250709.75,0.0,0.17307543882916399,2024,7,19,4,Summer
10746,2024-08-04,Tejas Hayre,East,Bhubaneswar,Home Decor,Wall Art,Wall Art Laboriosam,2,22183,20,35492.8,2737.71,Cod,0.2,35492.8,0.0,0.07713423567596808,2024,8,4,6,Summer
10747,2024-09-28,Divyansh Bajwa,West,Goa,Sports,Dumbbells,Dumbbells Suscipit,2,16621,10,29917.8,3077.07,Upi,0.1,29917.8,0.0,0.10285081122275035,2024,9,28,5,Fall
10748,2025-03-07,Raghav Kaur,North,Chandigarh,Groceries,Wheat,Wheat Quia,3,72610,20,174264.0,16186.32,Credit Card,0.2,174264.0,0.0,0.09288390028921636,2025,3,7,4,Spring
10749,2024-07-22,Sumer Lal,West,Goa,Sports,Yoga Mat,Yoga Mat Aspernatur,2,44904,0,89808.0,11164.25,Upi,0.0,89808.0,0.0,0.12431242205594156,2024,7,22,0,Summer
10750,2025-03-17,Dharmajan Dhaliwal,East,Patna,Groceries,Oil,Oil Sint,1,28313,0,28313.0,4569.04,Debit Card,0.0,28313.0,0.0,0.1613760463391375,2025,3,17,0,Spring
10751,2023-10-20,Kaira Mall,North,Lucknow,Clothing,Kids Wear,Kids Wear Mollitia,5,69000,0,345000.0,35733.6,Net Banking,0.0,345000.0,0.0,0.10357565217391304,2023,10,20,4,Fall
10752,2024-05-31,Aniruddh Lal,East,Guwahati,Home Decor,Clock,Clock Magni,2,590,15,1003.0,53.43,Net Banking,0.15,1003.0,0.0,0.05327018943170488,2024,5,31,4,Spring
10753,2024-09-24,Baiju Bains,East,Patna,Books,Biography,Biography Accusamus,1,9723,20,7778.4,1211.27,Credit Card,0.2,7778.400000000001,9.094947017729282e-13,0.15572225650519386,2024,9,24,1,Fall
10754,2025-05-03,Neelofar Tella,East,Patna,Sports,Yoga Mat,Yoga Mat Dolore,5,70459,20,281836.0,40119.35,Debit Card,0.2,281836.0,0.0,0.14234998367845128,2025,5,3,5,Spring
10755,2024-01-28,Hansh Warrior,South,Thiruvananthapuram,Electronics,Smartwatch,Smartwatch Ad,4,40744,15,138529.6,21892.54,Cod,0.15,138529.6,0.0,0.15803510585463323,2024,1,28,6,winter
10756,2025-02-03,Jiya Srinivasan,South,Bangalore,Books,Non-Fiction,Non-Fiction Enim,4,60446,0,241784.0,38188.94,Debit Card,0.0,241784.0,0.0,0.15794651424411874,2025,2,3,0,winter
10757,2024-05-01,Diya Edwin,East,Ranchi,Kitchen,Mixer Grinder,Mixer Grinder Voluptatem,3,46911,5,133696.35,10081.54,Credit Card,0.05,133696.35,0.0,0.07540624706658035,2024,5,1,2,Spring
10758,2024-06-09,Rati Aggarwal,South,Bangalore,Books,Biography,Biography Veniam,2,50156,0,100312.0,8300.6,Debit Card,0.0,100312.0,0.0,0.08274782678044501,2024,6,9,6,Summer
10759,2024-04-13,Veer Barad,South,Coimbatore,Beauty,Face Cream,Face Cream Facilis,1,13217,5,12556.15,3052.31,Upi,0.05,12556.15,0.0,0.24309282702102158,2024,4,13,5,Spring
10760,2024-01-27,Zeeshan Kaur,South,Thiruvananthapuram,Groceries,Rice,Rice Nemo,2,27437,15,46642.9,7201.41,Cod,0.15,46642.9,0.0,0.15439455951495296,2024,1,27,5,winter
10761,2025-04-06,Priyansh Mahajan,South,Chennai,Groceries,Spices,Spices Nobis,4,26898,20,86073.6,21351.96,Credit Card,0.2,86073.6,0.0,0.24806630604505908,2025,4,6,6,Spring
10762,2023-10-28,Sana Chacko,West,Surat,Toys,Action Figure,Action Figure Quibusdam,2,77387,0,154774.0,30950.31,Net Banking,0.0,154774.0,0.0,0.19997098995955395,2023,10,28,5,Fall
10763,2023-10-11,Akarsh Virk,South,Hyderabad,Toys,Rc Car,RC Car Voluptatum,4,58437,15,198685.8,37416.45,Credit Card,0.15,198685.8,0.0,0.1883196987404233,2023,10,11,2,Fall
10764,2025-04-02,Lakshit Kar,North,Delhi,Clothing,Men'S Wear,Men's Wear Ea,3,57776,20,138662.4,9147.61,Cod,0.2,138662.4,0.0,0.06597037120372935,2025,4,2,2,Spring
10765,2025-05-17,Riya Kalita,South,Chennai,Kitchen,Refrigerator,Refrigerator Cupiditate,4,14232,15,48388.8,10859.04,Debit Card,0.15,48388.799999999996,7.275957614183426e-12,0.22441226068842376,2025,5,17,5,Spring
10766,2025-08-26,Riaan Korpal,South,Chennai,Beauty,Shampoo,Shampoo Necessitatibus,1,15160,5,14402.0,3536.12,Upi,0.05,14402.0,0.0,0.2455297875295098,2025,8,26,1,Summer
10767,2025-05-08,Mannat Raju,North,Jaipur,Clothing,Men'S Wear,Men's Wear Recusandae,3,4437,20,10648.8,1935.99,Net Banking,0.2,10648.800000000001,1.8189894035458565e-12,0.18180358350236647,2025,5,8,3,Spring
10768,2024-11-19,Inaaya  Bajaj,South,Thiruvananthapuram,Kitchen,Juicer,Juicer Itaque,5,60556,15,257363.0,20849.71,Credit Card,0.15,257363.0,0.0,0.08101284955490883,2024,11,19,1,Fall
10769,2024-03-09,Manjari Chokshi,West,Ahmedabad,Clothing,Men'S Wear,Men's Wear Molestias,1,4799,20,3839.2,835.12,Debit Card,0.2,3839.2000000000003,4.547473508864641e-13,0.21752448426755575,2024,3,9,5,Spring
10770,2025-05-09,Krish Suri,East,Guwahati,Toys,Board Game,Board Game Rem,3,48644,20,116745.6,12534.2,Cod,0.2,116745.6,0.0,0.10736336101746019,2025,5,9,4,Spring
10771,2023-11-20,Onkar Tripathi,West,Surat,Electronics,Headphones,Headphones Error,1,77435,20,61948.0,14141.39,Upi,0.2,61948.0,0.0,0.228278394782721,2023,11,20,0,Fall
10772,2025-06-24,Kiara Doctor,South,Coimbatore,Toys,Rc Car,RC Car Iure,5,5769,0,28845.0,2964.69,Upi,0.0,28845.0,0.0,0.10278003120124805,2025,6,24,1,Summer
10773,2024-06-29,Madhup Sahni,North,Amritsar,Beauty,Lipstick,Lipstick Reprehenderit,5,1866,5,8863.5,919.86,Upi,0.05,8863.5,0.0,0.10378067354882382,2024,6,29,5,Summer
10774,2025-06-03,Tarini Thaman,North,Chandigarh,Sports,Yoga Mat,Yoga Mat Quidem,4,62167,20,198934.4,32045.97,Credit Card,0.2,198934.40000000002,2.9103830456733704e-11,0.16108812754355206,2025,6,3,1,Summer
10775,2024-02-04,Eva Jhaveri,North,Amritsar,Clothing,Women'S Wear,Women's Wear Corporis,3,25356,20,60854.4,5830.96,Credit Card,0.2,60854.4,0.0,0.09581821528106431,2024,2,4,6,winter
10776,2025-07-30,Vanya Dhar,North,Chandigarh,Home Decor,Clock,Clock Qui,4,66772,20,213670.4,21770.49,Credit Card,0.2,213670.40000000002,2.9103830456733704e-11,0.10188818853711137,2025,7,30,2,Summer
10777,2024-07-01,Yuvraj  Chandra,South,Coimbatore,Furniture,Bed,Bed Iste,3,50528,10,136425.6,27424.62,Net Banking,0.1,136425.6,0.0,0.20102253535993242,2024,7,1,0,Summer
10778,2025-09-26,Aaryahi Babu,North,Chandigarh,Groceries,Rice,Rice Ex,4,41266,5,156810.8,34043.45,Cod,0.05,156810.8,0.0,0.21709888604611416,2025,9,26,4,Fall
10779,2025-06-13,Rohan Dugal,South,Thiruvananthapuram,Clothing,Men'S Wear,Men's Wear Quaerat,2,5457,20,8731.2,1345.23,Credit Card,0.2,8731.2,0.0,0.15407160527762506,2025,6,13,4,Summer
10780,2025-02-22,Seher Balasubramanian,North,Amritsar,Home Decor,Wall Art,Wall Art Dolores,5,16369,10,73660.5,14686.84,Cod,0.1,73660.5,0.0,0.19938555942465772,2025,2,22,5,winter
10781,2024-05-29,Nishith Saha,South,Chennai,Kitchen,Cookware Set,Cookware Set Dolore,5,53854,5,255806.5,27845.18,Net Banking,0.05,255806.5,0.0,0.10885251156635974,2024,5,29,2,Spring
10782,2025-09-01,Mehul D鈥橝Lia,West,Goa,Beauty,Perfume,Perfume Minima,4,36664,15,124657.6,10899.63,Cod,0.15,124657.59999999999,1.4551915228366852e-11,0.08743654618731629,2025,9,1,0,Fall
10783,2025-01-11,Drishya Rao,West,Mumbai,Kitchen,Refrigerator,Refrigerator Ut,5,16724,15,71077.0,13264.25,Cod,0.15,71077.0,0.0,0.1866180339631667,2025,1,11,5,winter
10784,2025-01-03,Reyansh Dubey,North,Amritsar,Groceries,Oil,Oil Recusandae,1,25365,20,20292.0,3546.66,Cod,0.2,20292.0,0.0,0.17478119455943228,2025,1,3,4,winter
10785,2025-03-04,Ehsaan Chakraborty,East,Ranchi,Kitchen,Microwave,Microwave Dolorem,1,62333,20,49866.4,11233.97,Net Banking,0.2,49866.4,0.0,0.2252813517719346,2025,3,4,1,Spring
10786,2025-09-18,Tejas Sidhu,East,Bhubaneswar,Sports,Football,Football Officia,2,61600,20,98560.0,24062.95,Credit Card,0.2,98560.0,0.0,0.24414519074675325,2025,9,18,3,Fall
10787,2025-06-30,Aarna Halder,West,Mumbai,Books,Textbook,Textbook Nisi,2,27684,0,55368.0,4212.59,Credit Card,0.0,55368.0,0.0,0.07608347782112412,2025,6,30,0,Summer
10788,2024-12-08,Shamik Grewal,East,Bhubaneswar,Toys,Board Game,Board Game Aut,5,17214,10,77463.0,9961.65,Credit Card,0.1,77463.0,0.0,0.12859881491808992,2024,12,8,6,winter
10789,2025-03-15,Anika Sodhi,South,Chennai,Groceries,Wheat,Wheat Omnis,4,22504,15,76513.6,5446.86,Debit Card,0.15,76513.59999999999,1.4551915228366852e-11,0.07118812864641057,2025,3,15,5,Spring
10790,2025-03-19,Veer Bhardwaj,South,Coimbatore,Electronics,Smartwatch,Smartwatch Iusto,4,45288,20,144921.6,10207.76,Debit Card,0.2,144921.6,0.0,0.07043642907613495,2025,3,19,2,Spring
10791,2024-01-13,Eva Lalla,North,Amritsar,Beauty,Lipstick,Lipstick Deserunt,1,70887,15,60253.95,8228.46,Cod,0.15,60253.95,0.0,0.13656299711471198,2024,1,13,5,winter
10792,2024-04-02,Anay Rau,East,Bhubaneswar,Books,Biography,Biography Tenetur,2,2456,10,4420.8,365.65,Credit Card,0.1,4420.8,0.0,0.08271127397756062,2024,4,2,1,Spring
10793,2024-04-06,Lagan Sood,West,Ahmedabad,Groceries,Oil,Oil Autem,1,13488,5,12813.6,2570.9,Upi,0.05,12813.599999999999,1.8189894035458565e-12,0.2006383842167697,2024,4,6,5,Spring
10794,2023-12-29,Jiya Bahri,East,Patna,Groceries,Spices,Spices Dolores,5,69140,15,293845.0,26123.24,Net Banking,0.15,293845.0,0.0,0.0889014276234069,2023,12,29,4,winter
10795,2025-07-01,Kiaan Din,East,Kolkata,Electronics,Camera,Camera Magnam,5,36087,20,144348.0,26313.19,Cod,0.2,144348.0,0.0,0.18228995206029872,2025,7,1,1,Summer
10796,2024-12-11,Rasha Yadav,North,Chandigarh,Furniture,Sofa,Sofa Deleniti,1,7505,15,6379.25,1079.14,Credit Card,0.15,6379.25,0.0,0.1691640866873065,2024,12,11,2,winter
10797,2025-05-23,Prerak Saha,East,Ranchi,Clothing,Kids Wear,Kids Wear Culpa,4,73876,5,280728.8,64667.96,Net Banking,0.05,280728.8,0.0,0.23035741256329953,2025,5,23,4,Spring
10798,2024-10-12,Kiara Bhatia,North,Lucknow,Clothing,Kids Wear,Kids Wear Dolorem,1,9548,15,8115.8,773.53,Debit Card,0.15,8115.8,0.0,0.0953116143818231,2024,10,12,5,Fall
10799,2025-06-08,Zoya Behl,South,Coimbatore,Electronics,Laptop,Laptop Commodi,5,67027,0,335135.0,54837.31,Credit Card,0.0,335135.0,0.0,0.16362752323690452,2025,6,8,6,Summer
10800,2025-09-15,Anaya Goyal,East,Kolkata,Electronics,Smartwatch,Smartwatch Vero,2,28093,0,56186.0,12413.3,Upi,0.0,56186.0,0.0,0.2209322607055138,2025,9,15,0,Fall
10801,2024-12-15,Neelofar Gill,West,Surat,Electronics,Smartwatch,Smartwatch Expedita,3,75371,5,214807.35,15456.11,Net Banking,0.05,214807.34999999998,2.9103830456733704e-11,0.07195335727571706,2024,12,15,6,winter
10802,2025-06-20,Oorja Raval,West,Surat,Toys,Doll,Doll Incidunt,5,36207,5,171983.25,23013.48,Net Banking,0.05,171983.25,0.0,0.13381233346852092,2025,6,20,4,Summer
10803,2025-05-10,Kaira Gaba,North,Amritsar,Beauty,Lipstick,Lipstick Eum,4,61344,5,233107.2,55240.36,Net Banking,0.05,233107.19999999998,2.9103830456733704e-11,0.23697406171924332,2025,5,10,5,Spring
10804,2025-04-07,Neysa Divan,West,Goa,Clothing,Shoes,Shoes Nobis,1,3838,10,3454.2,503.7,Upi,0.1,3454.2000000000003,4.547473508864641e-13,0.14582247698454057,2025,4,7,0,Spring
10805,2025-08-20,Kanav Dave,West,Goa,Books,Textbook,Textbook Laborum,5,8582,0,42910.0,8443.73,Net Banking,0.0,42910.0,0.0,0.19677767420181774,2025,8,20,2,Summer
10806,2024-01-18,Dhruv Arya,South,Hyderabad,Home Decor,Lamp,Lamp Non,3,57887,15,147611.85,19762.84,Debit Card,0.15,147611.85,0.0,0.13388383114228294,2024,1,18,3,winter
10807,2024-10-02,Tushar Gara,North,Lucknow,Electronics,Smartwatch,Smartwatch Adipisci,1,48982,5,46532.9,5585.85,Cod,0.05,46532.9,0.0,0.1200408743061361,2024,10,2,2,Fall
10808,2024-05-07,Eva Sarma,North,Lucknow,Sports,Football,Football Fugiat,1,8982,15,7634.7,1420.66,Net Banking,0.15,7634.7,0.0,0.1860793482389616,2024,5,7,1,Spring
10809,2025-01-18,Vidur Hari,West,Mumbai,Furniture,Bed,Bed Sint,2,47566,10,85618.8,10020.43,Net Banking,0.1,85618.8,0.0,0.11703539409568926,2025,1,18,5,winter
10810,2024-07-03,Aarna Tailor,North,Amritsar,Groceries,Rice,Rice Corporis,5,20859,5,99080.25,24755.56,Cod,0.05,99080.25,0.0,0.2498536287504321,2024,7,3,2,Summer
10811,2024-03-29,Adah Kibe,West,Surat,Electronics,Smartwatch,Smartwatch Veniam,2,51972,0,103944.0,15594.83,Upi,0.0,103944.0,0.0,0.15003107442469021,2024,3,29,4,Spring
10812,2025-09-05,Prerak Dixit,East,Ranchi,Kitchen,Mixer Grinder,Mixer Grinder Doloribus,5,77166,15,327955.5,45670.48,Credit Card,0.15,327955.5,0.0,0.13925816154935655,2025,9,5,4,Fall
10813,2024-04-27,Saanvi Soman,North,Chandigarh,Electronics,Camera,Camera Quisquam,3,10757,10,29043.9,4511.66,Net Banking,0.1,29043.9,0.0,0.1553393311504309,2024,4,27,5,Spring
10814,2024-08-29,Uthkarsh Bora,West,Goa,Books,Comics,Comics Minima,4,10293,15,34996.2,8622.7,Cod,0.15,34996.2,0.0,0.24638960801458448,2024,8,29,3,Summer
10815,2025-09-17,Lakshay Som,West,Pune,Furniture,Table,Table Commodi,1,21445,20,17156.0,2423.59,Net Banking,0.2,17156.0,0.0,0.14126777803683843,2025,9,17,2,Fall
10816,2023-12-11,Jhanvi Balay,South,Bangalore,Kitchen,Juicer,Juicer Iure,5,4062,20,16248.0,3057.16,Credit Card,0.2,16248.0,0.0,0.1881560807483998,2023,12,11,0,winter
10817,2024-10-28,Ryan Raj,West,Goa,Kitchen,Microwave,Microwave Itaque,3,15222,10,41099.4,6307.49,Net Banking,0.1,41099.4,0.0,0.1534691504012224,2024,10,28,0,Fall
10818,2024-08-07,Neysa Kala,South,Bangalore,Furniture,Chair,Chair Earum,3,72550,10,195885.0,23292.56,Upi,0.1,195885.0,0.0,0.1189093600837226,2024,8,7,2,Summer
10819,2024-03-25,Shayak Ramesh,East,Bhubaneswar,Groceries,Sugar,Sugar Officia,3,76876,5,219096.6,16650.66,Credit Card,0.05,219096.59999999998,2.9103830456733704e-11,0.07599688904346302,2024,3,25,0,Spring
10820,2025-08-07,Oorja Kota,East,Ranchi,Toys,Puzzle,Puzzle Qui,2,65184,20,104294.4,9182.8,Upi,0.2,104294.40000000001,1.4551915228366852e-11,0.08804691335297005,2025,8,7,3,Summer
10821,2025-09-07,Vanya Bora,West,Ahmedabad,Beauty,Foundation,Foundation Sed,4,76718,10,276184.8,32995.21,Debit Card,0.1,276184.8,0.0,0.11946787078796516,2025,9,7,6,Fall
10822,2025-06-05,Samarth Sagar,North,Chandigarh,Furniture,Chair,Chair Occaecati,3,68989,10,186270.3,33629.15,Credit Card,0.1,186270.30000000002,2.9103830456733704e-11,0.18053951703519028,2025,6,5,3,Summer
10823,2024-12-05,Adira Contractor,North,Chandigarh,Sports,Yoga Mat,Yoga Mat Amet,2,31386,0,62772.0,13881.9,Upi,0.0,62772.0,0.0,0.2211479640604091,2024,12,5,3,winter
10824,2024-06-08,Bhamini Bumb,South,Thiruvananthapuram,Toys,Doll,Doll Libero,3,26072,15,66483.6,10902.63,Upi,0.15,66483.59999999999,1.4551915228366852e-11,0.16398976589715356,2024,6,8,5,Summer
10825,2025-02-08,Nehmat Viswanathan,West,Ahmedabad,Furniture,Cabinet,Cabinet Inventore,3,24116,15,61495.8,5465.63,Cod,0.15,61495.799999999996,7.275957614183426e-12,0.08887810224438092,2025,2,8,5,winter
10826,2024-12-09,Tanya Ramanathan,South,Bangalore,Kitchen,Microwave,Microwave Fuga,3,49198,5,140214.3,21191.11,Debit Card,0.05,140214.3,0.0,0.15113372887073573,2024,12,9,0,winter
10827,2024-04-29,Tara Chaudhary,South,Hyderabad,Home Decor,Wall Art,Wall Art Error,3,12181,10,32888.7,7503.84,Credit Card,0.1,32888.700000000004,7.275957614183426e-12,0.2281586076676792,2024,4,29,0,Spring
10828,2025-04-14,Kismat Sagar,East,Guwahati,Beauty,Foundation,Foundation At,5,25345,10,114052.5,16829.36,Net Banking,0.1,114052.5,0.0,0.14755801056530984,2025,4,14,0,Spring
10829,2024-03-10,Zaina Dass,East,Ranchi,Clothing,Accessories,Accessories Aliquid,1,10808,0,10808.0,2068.08,Net Banking,0.0,10808.0,0.0,0.19134715025906734,2024,3,10,6,Spring
10830,2024-12-27,Yashvi Gade,North,Lucknow,Beauty,Foundation,Foundation Nisi,3,75739,20,181773.6,43910.08,Net Banking,0.2,181773.6,0.0,0.24156467165749043,2024,12,27,4,winter
10831,2025-07-15,Vaibhav Chand,West,Mumbai,Toys,Rc Car,RC Car Ipsum,2,71489,20,114382.4,16225.67,Credit Card,0.2,114382.40000000001,1.4551915228366852e-11,0.1418546035054344,2025,7,15,1,Summer
10832,2024-08-25,Pari Gera,West,Surat,Electronics,Camera,Camera Eum,2,52250,0,104500.0,21594.84,Credit Card,0.0,104500.0,0.0,0.20664918660287082,2024,8,25,6,Summer
10833,2025-01-01,Nayantara Sharaf,East,Patna,Sports,Football,Football Magni,5,20293,10,91318.5,8856.08,Upi,0.1,91318.5,0.0,0.09698012998461429,2025,1,1,2,winter
10834,2023-10-13,Indrans Choudhary,South,Coimbatore,Kitchen,Refrigerator,Refrigerator Maxime,1,37067,15,31506.95,2576.16,Credit Card,0.15,31506.95,0.0,0.08176481696895446,2023,10,13,4,Fall
10835,2024-05-12,Dhanush Jayaraman,North,Jaipur,Toys,Action Figure,Action Figure Possimus,5,44189,5,209897.75,33204.58,Debit Card,0.05,209897.75,0.0,0.15819407306652883,2024,5,12,6,Spring
10836,2024-03-22,Tarini Ravi,East,Ranchi,Furniture,Table,Table Eaque,5,29514,0,147570.0,34950.93,Net Banking,0.0,147570.0,0.0,0.2368430575320187,2024,3,22,4,Spring
10837,2025-08-11,Shanaya Chacko,East,Kolkata,Furniture,Bed,Bed Distinctio,3,76291,5,217429.35,45944.7,Upi,0.05,217429.34999999998,2.9103830456733704e-11,0.21130863887511045,2025,8,11,0,Summer
10838,2024-05-14,Prisha Guha,West,Goa,Groceries,Rice,Rice Dignissimos,1,79856,20,63884.8,10892.13,Credit Card,0.2,63884.8,0.0,0.17049642481466637,2024,5,14,1,Spring
10839,2024-06-15,Kiaan Batra,East,Bhubaneswar,Sports,Yoga Mat,Yoga Mat Perferendis,3,46328,0,138984.0,13131.13,Net Banking,0.0,138984.0,0.0,0.09447943648189719,2024,6,15,5,Summer
10840,2025-04-25,Tara Ratti,South,Coimbatore,Kitchen,Refrigerator,Refrigerator Ad,2,64873,0,129746.0,9933.6,Cod,0.0,129746.0,0.0,0.07656189786197648,2025,4,25,4,Spring
10841,2025-01-16,Anahita Rama,West,Mumbai,Groceries,Rice,Rice Deleniti,2,39562,20,63299.2,11971.03,Cod,0.2,63299.200000000004,7.275957614183426e-12,0.1891181879075881,2025,1,16,3,winter
10842,2024-06-08,Yakshit Contractor,East,Bhubaneswar,Clothing,Shoes,Shoes Consectetur,1,26720,15,22712.0,2991.34,Debit Card,0.15,22712.0,0.0,0.13170746741810496,2024,6,8,5,Summer
10843,2023-11-19,Ehsaan Bhatnagar,North,Lucknow,Groceries,Sugar,Sugar Vitae,5,59759,5,283855.25,64522.53,Upi,0.05,283855.25,0.0,0.22730786201770092,2023,11,19,6,Fall
10844,2025-04-14,Prerak Amble,West,Mumbai,Sports,Dumbbells,Dumbbells Numquam,1,54511,10,49059.9,4058.03,Net Banking,0.1,49059.9,0.0,0.0827158229022073,2025,4,14,0,Spring
10845,2025-01-23,Rati Raja,East,Patna,Toys,Rc Car,RC Car Atque,4,42995,5,163381.0,15829.2,Cod,0.05,163381.0,0.0,0.09688519472888525,2025,1,23,3,winter
10846,2024-05-23,Onkar Sahota,South,Thiruvananthapuram,Clothing,Shoes,Shoes Asperiores,4,5352,20,17126.4,1853.44,Cod,0.2,17126.4,0.0,0.10822122571001494,2024,5,23,3,Spring
10847,2024-06-17,Mishti Mahajan,South,Coimbatore,Home Decor,Vase,Vase Modi,3,25522,15,65081.1,12032.58,Debit Card,0.15,65081.1,0.0,0.1848859346261818,2024,6,17,0,Summer
10848,2023-10-05,Zara Chander,North,Delhi,Sports,Tennis Racket,Tennis Racket Maxime,2,71438,15,121444.6,26940.85,Cod,0.15,121444.59999999999,1.4551915228366852e-11,0.22183654110598575,2023,10,5,3,Fall
10849,2025-05-21,Vedika Kaur,North,Delhi,Home Decor,Wall Art,Wall Art Cumque,3,42864,0,128592.0,25750.65,Upi,0.0,128592.0,0.0,0.2002507932064203,2025,5,21,2,Spring
10850,2025-01-12,Tarini Dass,East,Kolkata,Books,Fiction,Fiction Id,5,61772,0,308860.0,29593.58,Upi,0.0,308860.0,0.0,0.09581551512011915,2025,1,12,6,winter
10851,2025-06-02,Darshit Bhardwaj,South,Chennai,Books,Biography,Biography Dicta,5,29929,0,149645.0,17538.36,Upi,0.0,149645.0,0.0,0.1171997727956163,2025,6,2,0,Summer
10852,2025-07-25,Zara Shenoy,West,Mumbai,Furniture,Sofa,Sofa Totam,4,21854,10,78674.4,15118.0,Credit Card,0.1,78674.40000000001,1.4551915228366852e-11,0.19215907588745515,2025,7,25,4,Summer
10853,2024-11-02,Shalv Trivedi,South,Chennai,Kitchen,Refrigerator,Refrigerator Aliquid,2,712,20,1139.2,269.16,Net Banking,0.2,1139.2,0.0,0.23627106741573034,2024,11,2,5,Fall
10854,2025-04-10,Mahika Basu,West,Goa,Beauty,Face Cream,Face Cream Quam,3,36710,0,110130.0,11996.75,Upi,0.0,110130.0,0.0,0.10893262507945156,2025,4,10,3,Spring
10855,2024-10-15,Rasha Halder,East,Guwahati,Books,Fiction,Fiction Doloremque,4,62439,20,199804.8,37461.85,Cod,0.2,199804.80000000002,2.9103830456733704e-11,0.18749224242861032,2024,10,15,1,Fall
10856,2025-01-03,Kavya Goyal,West,Ahmedabad,Home Decor,Wall Art,Wall Art Voluptatem,3,56731,5,161683.35,31500.94,Debit Card,0.05,161683.35,0.0,0.19483106949478718,2025,1,3,4,winter
10857,2024-02-24,Miraan Sibal,South,Coimbatore,Home Decor,Vase,Vase Non,2,3438,0,6876.0,407.36,Net Banking,0.0,6876.0,0.0,0.05924374636416521,2024,2,24,5,winter
10858,2024-06-09,Indranil Mahal,South,Bangalore,Electronics,Headphones,Headphones A,4,25172,15,85584.8,19249.24,Net Banking,0.15,85584.8,0.0,0.22491423710752378,2024,6,9,6,Summer
10859,2024-07-22,Indrajit Butala,North,Jaipur,Home Decor,Lamp,Lamp Suscipit,5,74116,5,352051.0,41927.76,Debit Card,0.05,352051.0,0.0,0.11909569920267235,2024,7,22,0,Summer
10860,2025-02-18,Adah Konda,West,Ahmedabad,Electronics,Laptop,Laptop Doloremque,1,45790,20,36632.0,6295.03,Debit Card,0.2,36632.0,0.0,0.1718451081022057,2025,2,18,1,winter
10861,2024-02-15,Pari Kurian,West,Surat,Sports,Cricket Bat,Cricket Bat Neque,4,13162,20,42118.4,4400.09,Cod,0.2,42118.4,0.0,0.1044695430025832,2024,2,15,3,winter
10862,2024-11-08,Saanvi Vora,East,Kolkata,Furniture,Table,Table Molestias,3,11327,20,27184.8,5963.27,Net Banking,0.2,27184.800000000003,3.637978807091713e-12,0.2193604514287396,2024,11,8,4,Fall
10863,2024-06-01,Dishani Baral,North,Jaipur,Sports,Football,Football Natus,1,35971,10,32373.9,2879.74,Credit Card,0.1,32373.9,0.0,0.08895252039451533,2024,6,1,5,Summer
10864,2023-10-04,Mehul Chakrabarti,North,Lucknow,Sports,Yoga Mat,Yoga Mat Eum,1,7176,10,6458.4,724.54,Debit Card,0.1,6458.400000000001,9.094947017729282e-13,0.11218568066394154,2023,10,4,2,Fall
10865,2024-12-01,Adah Tandon,East,Patna,Kitchen,Refrigerator,Refrigerator Reprehenderit,1,48244,20,38595.2,2284.8,Upi,0.2,38595.200000000004,7.275957614183426e-12,0.059199071387115505,2024,12,1,6,winter
10866,2025-05-30,Yakshit Din,South,Thiruvananthapuram,Books,Textbook,Textbook Fugiat,3,43938,0,131814.0,22925.81,Upi,0.0,131814.0,0.0,0.17392545556617658,2025,5,30,4,Spring
10867,2023-10-21,Vaibhav Rana,East,Patna,Home Decor,Clock,Clock Debitis,3,36244,20,86985.6,20603.82,Cod,0.2,86985.6,0.0,0.2368647224368171,2023,10,21,5,Fall
10868,2025-05-29,Himmat Ahluwalia,East,Bhubaneswar,Kitchen,Mixer Grinder,Mixer Grinder Laborum,3,48711,15,124213.05,30220.19,Net Banking,0.15,124213.05,0.0,0.24329319664882232,2025,5,29,3,Spring
10869,2024-12-19,Aradhya Bansal,North,Chandigarh,Books,Biography,Biography Odio,4,26860,10,96696.0,6498.8,Upi,0.1,96696.0,0.0,0.06720857119218995,2024,12,19,3,winter
10870,2025-05-06,Dishani Wali,West,Pune,Furniture,Table,Table Animi,5,4499,5,21370.25,4191.3,Debit Card,0.05,21370.25,0.0,0.19612779448064482,2025,5,6,1,Spring
10871,2024-01-28,Ritvik Ramakrishnan,West,Goa,Kitchen,Mixer Grinder,Mixer Grinder Tempora,1,69530,0,69530.0,10563.19,Credit Card,0.0,69530.0,0.0,0.15192276715087014,2024,1,28,6,winter
10872,2025-01-11,Renee Sanghvi,East,Bhubaneswar,Furniture,Cabinet,Cabinet Quos,3,42821,20,102770.4,16063.07,Debit Card,0.2,102770.40000000001,1.4551915228366852e-11,0.1563005495745857,2025,1,11,5,winter
10873,2025-06-20,Vidur Dora,South,Bangalore,Furniture,Sofa,Sofa Voluptates,2,49734,20,79574.4,6280.86,Credit Card,0.2,79574.40000000001,1.4551915228366852e-11,0.0789306611171432,2025,6,20,4,Summer
10874,2023-11-29,Sara Warrior,West,Pune,Books,Fiction,Fiction Excepturi,3,23767,0,71301.0,17209.99,Credit Card,0.0,71301.0,0.0,0.2413709485140461,2023,11,29,2,Fall
10875,2024-04-19,Ivan Acharya,North,Lucknow,Groceries,Spices,Spices Officia,4,29484,5,112039.2,22202.54,Debit Card,0.05,112039.2,0.0,0.198167605623746,2024,4,19,4,Spring
10876,2023-12-28,Badal Chana,North,Lucknow,Toys,Puzzle,Puzzle Saepe,1,24131,5,22924.45,4044.19,Credit Card,0.05,22924.45,0.0,0.1764138289032016,2023,12,28,3,winter
10877,2025-03-23,Hrishita Atwal,West,Surat,Groceries,Wheat,Wheat Voluptate,5,72158,20,288632.0,67741.6,Upi,0.2,288632.0,0.0,0.23469885528978077,2025,3,23,6,Spring
10878,2024-05-10,Aniruddh Sarin,North,Amritsar,Groceries,Rice,Rice A,5,78382,0,391910.0,34000.6,Debit Card,0.0,391910.0,0.0,0.08675614299201347,2024,5,10,4,Spring
10879,2024-12-24,Arhaan Khatri,South,Thiruvananthapuram,Beauty,Face Cream,Face Cream Dicta,2,15328,10,27590.4,3553.54,Credit Card,0.1,27590.4,0.0,0.1287962479703085,2024,12,24,1,winter
10880,2025-02-25,Lagan Cherian,North,Jaipur,Furniture,Table,Table Ab,1,21650,0,21650.0,1194.52,Credit Card,0.0,21650.0,0.0,0.055174133949191684,2025,2,25,1,winter
10881,2025-08-04,Anvi Sangha,North,Amritsar,Electronics,Laptop,Laptop Numquam,5,3982,15,16923.5,2826.72,Debit Card,0.15,16923.5,0.0,0.1670292788134842,2025,8,4,0,Summer
10882,2025-06-22,Tushar Koshy,West,Ahmedabad,Groceries,Oil,Oil Et,4,36442,20,116614.4,22352.77,Debit Card,0.2,116614.40000000001,1.4551915228366852e-11,0.1916810445365238,2025,6,22,6,Summer
10883,2024-05-12,Damini Gupta,South,Bangalore,Books,Non-Fiction,Non-Fiction Hic,3,65177,0,195531.0,40405.96,Debit Card,0.0,195531.0,0.0,0.20664733469373142,2024,5,12,6,Spring
10884,2024-09-06,Anahi Sarin,North,Delhi,Furniture,Table,Table Ex,2,38532,0,77064.0,15432.77,Credit Card,0.0,77064.0,0.0,0.200259135264196,2024,9,6,4,Fall
10885,2024-11-05,Jayant Chada,East,Ranchi,Toys,Rc Car,RC Car Deserunt,2,61447,0,122894.0,24583.44,Debit Card,0.0,122894.0,0.0,0.20003775611502594,2024,11,5,1,Fall
10886,2024-06-27,Vaibhav Bhalla,North,Chandigarh,Sports,Dumbbells,Dumbbells Fugiat,2,24144,5,45873.6,7741.13,Credit Card,0.05,45873.6,0.0,0.16874912803878483,2024,6,27,3,Summer
10887,2024-11-03,Anya Lata,West,Pune,Toys,Doll,Doll Accusamus,4,39637,15,134765.8,31634.91,Upi,0.15,134765.8,0.0,0.23473989691746722,2024,11,3,6,Fall
10888,2023-12-31,Aarav Barad,East,Bhubaneswar,Groceries,Rice,Rice Alias,3,52303,0,156909.0,15346.43,Debit Card,0.0,156909.0,0.0,0.09780465110350585,2023,12,31,6,winter
10889,2023-12-29,Navya Chanda,North,Chandigarh,Sports,Tennis Racket,Tennis Racket Harum,3,15965,20,38316.0,8371.34,Cod,0.2,38316.0,0.0,0.2184815742770644,2023,12,29,4,winter
10890,2025-06-19,Ryan Kurian,East,Guwahati,Books,Comics,Comics Et,3,34245,20,82188.0,6456.39,Credit Card,0.2,82188.0,0.0,0.07855635859249525,2025,6,19,3,Summer
10891,2025-01-30,Jayant Khurana,West,Ahmedabad,Beauty,Face Cream,Face Cream Numquam,2,27956,20,44729.6,4589.92,Cod,0.2,44729.600000000006,7.275957614183426e-12,0.10261482329374733,2025,1,30,3,winter
10892,2025-08-23,Inaaya  Kannan,South,Bangalore,Furniture,Chair,Chair Quae,4,53754,15,182763.6,16630.87,Cod,0.15,182763.6,0.0,0.09099662077131332,2025,8,23,5,Summer
10893,2025-03-05,Manjari Rao,South,Chennai,Beauty,Face Cream,Face Cream Aliquid,4,64233,5,244085.4,33740.64,Net Banking,0.05,244085.4,0.0,0.13823292994992736,2025,3,5,2,Spring
10894,2025-03-14,Seher Gole,West,Goa,Groceries,Spices,Spices Dolorem,1,35267,5,33503.65,1998.5,Cod,0.05,33503.65,0.0,0.059650217215139245,2025,3,14,4,Spring
10895,2023-12-04,Fateh Madan,West,Surat,Books,Textbook,Textbook Corporis,4,66741,10,240267.6,47396.38,Upi,0.1,240267.6,0.0,0.19726496622932096,2023,12,4,0,winter
10896,2025-05-15,Kiaan Goyal,West,Goa,Electronics,Mobile,Mobile Nesciunt,5,53730,0,268650.0,37731.64,Net Banking,0.0,268650.0,0.0,0.14044906011539177,2025,5,15,3,Spring
10897,2024-11-05,Manjari Sane,South,Bangalore,Home Decor,Vase,Vase Esse,1,77774,10,69996.6,9559.86,Net Banking,0.1,69996.6,0.0,0.13657606226588148,2024,11,5,1,Fall
10898,2025-08-06,Arnav Ravi,North,Chandigarh,Home Decor,Lamp,Lamp At,1,46963,5,44614.85,3061.39,Credit Card,0.05,44614.85,0.0,0.06861818430410502,2025,8,6,2,Summer
10899,2024-09-04,Madhup Dhar,South,Coimbatore,Home Decor,Wall Art,Wall Art Labore,5,19167,15,81459.75,5976.36,Cod,0.15,81459.75,0.0,0.07336580335687257,2024,9,4,2,Fall
10900,2023-11-26,Kartik Sant,East,Bhubaneswar,Books,Biography,Biography Libero,5,44635,20,178540.0,43517.31,Debit Card,0.2,178540.0,0.0,0.2437398342108211,2023,11,26,6,Fall
10901,2024-01-05,Mohanlal Deshmukh,South,Thiruvananthapuram,Books,Comics,Comics Dolor,4,28307,20,90582.4,18514.42,Credit Card,0.2,90582.40000000001,1.4551915228366852e-11,0.20439312714169638,2024,1,5,4,winter
10902,2024-05-27,Saira Balay,South,Thiruvananthapuram,Books,Textbook,Textbook Laboriosam,2,53120,5,100928.0,23331.27,Cod,0.05,100928.0,0.0,0.23116746591629678,2024,5,27,0,Spring
10903,2024-06-05,Divij Bawa,South,Thiruvananthapuram,Kitchen,Refrigerator,Refrigerator Iusto,2,64209,10,115576.2,15642.85,Cod,0.1,115576.2,0.0,0.13534663711040856,2024,6,5,2,Summer
10904,2025-08-30,Misha Raman,West,Surat,Clothing,Accessories,Accessories Corporis,3,36891,0,110673.0,27609.5,Credit Card,0.0,110673.0,0.0,0.24946915688559992,2025,8,30,5,Summer
10905,2024-02-18,Arhaan Raja,West,Ahmedabad,Electronics,Smartwatch,Smartwatch Placeat,5,64401,10,289804.5,38368.67,Debit Card,0.1,289804.5,0.0,0.1323950111195651,2024,2,18,6,winter
10906,2023-11-22,Kimaya Vala,South,Hyderabad,Furniture,Sofa,Sofa Odit,5,46147,0,230735.0,24814.54,Upi,0.0,230735.0,0.0,0.10754562593451363,2023,11,22,2,Fall
10907,2024-07-22,Arhaan Basu,West,Ahmedabad,Books,Non-Fiction,Non-Fiction Inventore,4,72703,20,232649.6,20110.21,Cod,0.2,232649.6,0.0,0.08643990791301596,2024,7,22,0,Summer
10908,2024-05-27,Dhanuk Talwar,West,Ahmedabad,Electronics,Mobile,Mobile Cupiditate,2,56884,0,113768.0,18563.22,Debit Card,0.0,113768.0,0.0,0.16316732297306802,2024,5,27,0,Spring
10909,2024-10-30,Jivin Sarkar,South,Thiruvananthapuram,Beauty,Shampoo,Shampoo Hic,1,7059,20,5647.2,1409.46,Upi,0.2,5647.200000000001,9.094947017729282e-13,0.24958563535911604,2024,10,30,2,Fall
10910,2024-03-25,Riya Ghose,North,Lucknow,Electronics,Camera,Camera Repellendus,5,76437,0,382185.0,20628.52,Upi,0.0,382185.0,0.0,0.05397522142417939,2024,3,25,0,Spring
10911,2025-09-15,Reyansh Sahni,North,Jaipur,Sports,Tennis Racket,Tennis Racket Consequuntur,3,8547,0,25641.0,3075.2,Upi,0.0,25641.0,0.0,0.11993291993291992,2025,9,15,0,Fall
10912,2023-12-17,Lakshay Bobal,West,Ahmedabad,Sports,Dumbbells,Dumbbells Illum,1,17575,5,16696.25,1664.8,Cod,0.05,16696.25,0.0,0.09971101295201018,2023,12,17,6,winter
10913,2024-09-29,Armaan Shukla,East,Patna,Electronics,Smartwatch,Smartwatch Illum,2,40709,10,73276.2,14441.79,Cod,0.1,73276.2,0.0,0.19708704872796354,2024,9,29,6,Fall
10914,2024-06-08,Ojas D鈥橝Lia,South,Chennai,Books,Comics,Comics Atque,4,69766,0,279064.0,36617.59,Cod,0.0,279064.0,0.0,0.13121574262534758,2024,6,8,5,Summer
10915,2024-11-24,Riya Dada,East,Bhubaneswar,Clothing,Women'S Wear,Women's Wear Tenetur,1,26961,0,26961.0,2534.59,Upi,0.0,26961.0,0.0,0.0940094951967657,2024,11,24,6,Fall
10916,2025-07-06,Jhanvi Raval,North,Amritsar,Kitchen,Mixer Grinder,Mixer Grinder Incidunt,1,72134,5,68527.3,4229.23,Cod,0.05,68527.3,0.0,0.061715987642881005,2025,7,6,6,Summer
10917,2024-03-08,Indrans Bakshi,East,Kolkata,Groceries,Spices,Spices Dolor,2,8492,5,16134.8,3039.15,Cod,0.05,16134.8,0.0,0.18835994248456753,2024,3,8,4,Spring
10918,2023-12-27,Tanya Shenoy,West,Goa,Furniture,Cabinet,Cabinet Est,3,2591,0,7773.0,1805.64,Cod,0.0,7773.0,0.0,0.23229641065225784,2023,12,27,2,winter
10919,2024-08-31,Arnav Sidhu,West,Ahmedabad,Sports,Cricket Bat,Cricket Bat Incidunt,5,28751,20,115004.0,9548.04,Debit Card,0.2,115004.0,0.0,0.08302354700706063,2024,8,31,5,Summer
10920,2025-08-19,Khushi Rana,East,Patna,Books,Biography,Biography Iusto,2,60999,20,97598.4,20702.55,Cod,0.2,97598.40000000001,1.4551915228366852e-11,0.2121197683568583,2025,8,19,1,Summer
10921,2025-01-06,Raghav Khurana,East,Guwahati,Beauty,Lipstick,Lipstick Unde,4,24570,0,98280.0,7433.84,Net Banking,0.0,98280.0,0.0,0.07563939763939764,2025,1,6,0,winter
10922,2025-09-01,Tara Sharaf,South,Hyderabad,Home Decor,Wall Art,Wall Art Quos,5,5260,10,23670.0,4727.76,Credit Card,0.1,23670.0,0.0,0.1997363751584284,2025,9,1,0,Fall
10923,2024-06-21,Hiran Buch,North,Delhi,Furniture,Bed,Bed Iusto,1,71109,10,63998.1,4593.02,Debit Card,0.1,63998.1,0.0,0.07176806811452216,2024,6,21,4,Summer
10924,2025-05-26,Vaibhav Sarraf,West,Surat,Clothing,Accessories,Accessories Alias,4,8185,10,29466.0,2215.8,Debit Card,0.1,29466.0,0.0,0.07519853390348198,2025,5,26,0,Spring
10925,2024-12-30,Eshani Sahota,South,Thiruvananthapuram,Kitchen,Juicer,Juicer Vero,5,46434,5,220561.5,48660.78,Net Banking,0.05,220561.5,0.0,0.22062227541978088,2024,12,30,0,winter
10926,2025-03-27,Stuvan Dayal,North,Jaipur,Groceries,Sugar,Sugar Dolor,1,33125,0,33125.0,6898.31,Upi,0.0,33125.0,0.0,0.20825086792452832,2025,3,27,3,Spring
10927,2025-09-11,Damini Majumdar,West,Goa,Furniture,Cabinet,Cabinet Nihil,1,17599,0,17599.0,1392.83,Upi,0.0,17599.0,0.0,0.07914256491846128,2025,9,11,3,Fall
10928,2025-02-14,Vritika Subramaniam,North,Lucknow,Kitchen,Juicer,Juicer Blanditiis,5,46729,10,210280.5,42654.73,Cod,0.1,210280.5,0.0,0.20284681651413233,2025,2,14,4,winter
10929,2023-10-27,Kanav Chaudhari,North,Lucknow,Furniture,Sofa,Sofa Aut,5,23052,5,109497.0,12674.21,Cod,0.05,109497.0,0.0,0.11574938126158707,2023,10,27,4,Fall
10930,2024-06-17,Taran Karan,West,Mumbai,Kitchen,Juicer,Juicer Laboriosam,5,27728,20,110912.0,9667.72,Cod,0.2,110912.0,0.0,0.0871656809001731,2024,6,17,0,Summer
10931,2024-04-20,Taran Goyal,East,Kolkata,Electronics,Smartwatch,Smartwatch Ut,4,37863,5,143879.4,27406.72,Credit Card,0.05,143879.4,0.0,0.1904839747733171,2024,4,20,5,Spring
10932,2025-08-29,Lakshay Dasgupta,West,Pune,Electronics,Camera,Camera Iusto,3,49016,0,147048.0,31514.86,Upi,0.0,147048.0,0.0,0.21431682171807845,2025,8,29,4,Summer
10933,2024-03-05,Yasmin Shroff,South,Chennai,Electronics,Headphones,Headphones Esse,5,590,20,2360.0,380.11,Debit Card,0.2,2360.0,0.0,0.1610635593220339,2024,3,5,1,Spring
10934,2023-12-08,Taran Singh,North,Delhi,Kitchen,Cookware Set,Cookware Set Praesentium,4,28798,15,97913.2,19892.34,Upi,0.15,97913.2,0.0,0.20316300560087916,2023,12,8,4,winter
10935,2025-05-25,Hunar Wason,East,Patna,Kitchen,Microwave,Microwave Molestiae,5,28787,5,136738.25,26610.04,Upi,0.05,136738.25,0.0,0.1946056790985697,2025,5,25,6,Spring
10936,2025-08-31,Saanvi Raj,East,Patna,Groceries,Rice,Rice Dicta,2,67125,0,134250.0,22469.48,Credit Card,0.0,134250.0,0.0,0.16737042830540036,2025,8,31,6,Summer
10937,2024-02-10,Jayesh Thakkar,West,Mumbai,Books,Biography,Biography Similique,5,41701,15,177229.25,36719.2,Net Banking,0.15,177229.25,0.0,0.20718476210896336,2024,2,10,5,winter
10938,2024-10-25,Hrishita Chana,North,Amritsar,Home Decor,Vase,Vase Eveniet,1,35822,20,28657.6,1832.41,Credit Card,0.2,28657.600000000002,3.637978807091713e-12,0.06394150242867512,2024,10,25,4,Fall
10939,2025-04-04,Anya Sarraf,North,Jaipur,Groceries,Oil,Oil Nihil,3,67696,15,172624.8,20223.28,Upi,0.15,172624.8,0.0,0.11715164912573396,2025,4,4,4,Spring
10940,2024-08-09,Lavanya Yogi,North,Lucknow,Clothing,Shoes,Shoes Incidunt,3,35108,5,100057.8,18468.25,Credit Card,0.05,100057.79999999999,1.4551915228366852e-11,0.18457581517882662,2024,8,9,4,Summer
10941,2024-01-01,Indranil Char,South,Coimbatore,Sports,Cricket Bat,Cricket Bat Distinctio,3,15767,20,37840.8,8626.75,Net Banking,0.2,37840.8,0.0,0.22797483139891334,2024,1,1,0,winter
10942,2024-05-28,Gokul Chacko,South,Hyderabad,Home Decor,Wall Art,Wall Art Saepe,5,47154,15,200404.5,47036.01,Cod,0.15,200404.5,0.0,0.2347053584126105,2024,5,28,1,Spring
10943,2025-09-14,Samarth Subramaniam,East,Bhubaneswar,Beauty,Lipstick,Lipstick Autem,2,38993,10,70187.4,8192.39,Upi,0.1,70187.40000000001,1.4551915228366852e-11,0.11672166229266222,2025,9,14,6,Fall
10944,2025-07-28,Himmat Srinivasan,South,Chennai,Toys,Puzzle,Puzzle Illo,5,32264,20,129056.0,28396.22,Credit Card,0.2,129056.0,0.0,0.22003021943962311,2025,7,28,0,Summer
10945,2024-10-23,Rati Dayal,East,Guwahati,Beauty,Perfume,Perfume Ipsam,3,25698,20,61675.2,10994.61,Credit Card,0.2,61675.200000000004,7.275957614183426e-12,0.1782663047707993,2024,10,23,2,Fall
10946,2024-01-02,Ranbir Cheema,South,Bangalore,Groceries,Sugar,Sugar Quasi,3,43427,0,130281.0,7739.61,Net Banking,0.0,130281.0,0.0,0.059407050913026456,2024,1,2,1,winter
10947,2024-04-04,Dhanuk Chawla,West,Mumbai,Toys,Puzzle,Puzzle Ex,1,8403,20,6722.4,1422.03,Credit Card,0.2,6722.400000000001,9.094947017729282e-13,0.21153605855051769,2024,4,4,3,Spring
10948,2024-11-20,Jivika Vohra,West,Pune,Toys,Rc Car,RC Car Natus,5,56992,15,242216.0,51974.15,Debit Card,0.15,242216.0,0.0,0.21457769098655746,2024,11,20,2,Fall
10949,2023-11-17,Kiaan Golla,North,Jaipur,Groceries,Spices,Spices Officiis,2,40833,15,69416.1,10821.74,Debit Card,0.15,69416.09999999999,1.4551915228366852e-11,0.15589668679168087,2023,11,17,4,Fall
10950,2025-07-13,Shayak Kannan,South,Bangalore,Clothing,Women'S Wear,Women's Wear Optio,5,1794,5,8521.5,1574.14,Upi,0.05,8521.5,0.0,0.18472569383324533,2025,7,13,6,Summer
10951,2024-04-17,Shanaya Raja,North,Amritsar,Home Decor,Wall Art,Wall Art Eius,4,30707,5,116686.6,23786.99,Cod,0.05,116686.59999999999,1.4551915228366852e-11,0.2038536558610843,2024,4,17,2,Spring
10952,2025-09-05,Vardaniya Vala,West,Surat,Kitchen,Mixer Grinder,Mixer Grinder Sequi,2,39583,0,79166.0,16368.63,Upi,0.0,79166.0,0.0,0.20676338327059596,2025,9,5,4,Fall
10953,2025-09-16,Nitara Saraf,South,Hyderabad,Groceries,Sugar,Sugar Nostrum,3,64683,5,184346.55,27785.76,Upi,0.05,184346.55,0.0,0.15072568485821947,2025,9,16,1,Fall
10954,2024-10-15,Eshani Dora,West,Mumbai,Home Decor,Lamp,Lamp Nostrum,4,46303,0,185212.0,45900.32,Cod,0.0,185212.0,0.0,0.24782584281795997,2024,10,15,1,Fall
10955,2024-01-15,Lavanya Ahuja,West,Pune,Clothing,Kids Wear,Kids Wear Velit,5,51908,15,220609.0,29884.88,Debit Card,0.15,220609.0,0.0,0.1354653708597564,2024,1,15,0,winter
10956,2024-11-11,Kabir Bajwa,West,Ahmedabad,Furniture,Sofa,Sofa Voluptatibus,3,42898,10,115824.6,23231.6,Cod,0.1,115824.6,0.0,0.2005756980814093,2024,11,11,0,Fall
10957,2024-03-12,Anahi Upadhyay,North,Lucknow,Books,Fiction,Fiction Quisquam,3,22522,20,54052.8,3842.98,Credit Card,0.2,54052.8,0.0,0.07109677944528313,2024,3,12,1,Spring
10958,2024-02-16,Alisha Balakrishnan,South,Bangalore,Furniture,Bed,Bed Sit,3,48529,15,123748.95,9391.17,Cod,0.15,123748.95,0.0,0.07588888632994462,2024,2,16,4,winter
10959,2024-04-15,Trisha Tiwari,East,Guwahati,Books,Biography,Biography Qui,1,62920,15,53482.0,4786.7,Credit Card,0.15,53482.0,0.0,0.08950114057065929,2024,4,15,0,Spring
10960,2024-08-20,Aaina Ramaswamy,North,Jaipur,Kitchen,Refrigerator,Refrigerator Fuga,5,19156,10,86202.0,6240.3,Upi,0.1,86202.0,0.0,0.07239159184241666,2024,8,20,1,Summer
10961,2025-03-01,Ranbir Khanna,South,Thiruvananthapuram,Toys,Puzzle,Puzzle Magni,2,11858,0,23716.0,1920.82,Cod,0.0,23716.0,0.0,0.0809925788497217,2025,3,1,5,Spring
10962,2025-02-21,Mishti Venkatesh,East,Patna,Kitchen,Mixer Grinder,Mixer Grinder Cumque,2,21444,10,38599.2,6237.98,Cod,0.1,38599.200000000004,7.275957614183426e-12,0.161609048892205,2025,2,21,4,winter
10963,2024-06-17,Ehsaan Shanker,South,Chennai,Furniture,Sofa,Sofa Temporibus,1,23826,0,23826.0,5582.01,Cod,0.0,23826.0,0.0,0.2342822966507177,2024,6,17,0,Summer
10964,2024-10-18,Dhanuk Ratti,East,Bhubaneswar,Sports,Dumbbells,Dumbbells Maxime,2,63728,20,101964.8,18543.85,Upi,0.2,101964.8,0.0,0.18186521230856137,2024,10,18,4,Fall
10965,2024-06-15,Saira Sastry,East,Bhubaneswar,Toys,Action Figure,Action Figure Ipsum,4,52831,20,169059.2,27423.41,Debit Card,0.2,169059.2,0.0,0.16221187607654597,2024,6,15,5,Summer
10966,2025-05-02,Ritvik Dua,West,Mumbai,Books,Comics,Comics Distinctio,2,3692,10,6645.6,916.28,Credit Card,0.1,6645.6,0.0,0.1378776935114963,2025,5,2,4,Spring
10967,2025-01-23,Shray Sundaram,South,Bangalore,Beauty,Perfume,Perfume Soluta,2,23824,0,47648.0,4557.06,Upi,0.0,47648.0,0.0,0.09564011081262593,2025,1,23,3,winter
10968,2023-11-09,Inaaya  Mand,North,Amritsar,Sports,Yoga Mat,Yoga Mat Et,2,64141,0,128282.0,19421.47,Net Banking,0.0,128282.0,0.0,0.1513966885455481,2023,11,9,3,Fall
10969,2024-01-28,Shlok Gade,West,Pune,Kitchen,Juicer,Juicer Magni,3,57675,15,147071.25,29649.75,Upi,0.15,147071.25,0.0,0.20160126469313344,2024,1,28,6,winter
10970,2024-11-27,Indrajit Reddy,South,Coimbatore,Sports,Football,Football Aliquid,1,67999,10,61199.1,12278.12,Upi,0.1,61199.1,0.0,0.20062582619679048,2024,11,27,2,Fall
10971,2025-09-22,Tushar Sankaran,West,Ahmedabad,Groceries,Rice,Rice Facilis,5,46134,15,196069.5,24398.52,Net Banking,0.15,196069.5,0.0,0.12443812015637312,2025,9,22,0,Fall
10972,2024-12-28,Jhanvi Subramaniam,South,Chennai,Kitchen,Refrigerator,Refrigerator Magni,1,42919,15,36481.15,3113.28,Net Banking,0.15,36481.15,0.0,0.08533941501295875,2024,12,28,5,winter
10973,2023-12-04,Rati Dhar,West,Ahmedabad,Home Decor,Vase,Vase Debitis,4,5565,0,22260.0,3227.59,Credit Card,0.0,22260.0,0.0,0.14499505840071877,2023,12,4,0,winter
10974,2024-01-06,Taran Chahal,West,Pune,Home Decor,Wall Art,Wall Art Dolores,2,12508,5,23765.2,1926.46,Cod,0.05,23765.199999999997,3.637978807091713e-12,0.081062225438877,2024,1,6,5,winter
10975,2024-11-23,Vritika Dube,West,Goa,Kitchen,Cookware Set,Cookware Set Natus,4,37919,20,121340.8,11472.37,Cod,0.2,121340.8,0.0,0.094546681742662,2024,11,23,5,Fall
10976,2025-05-11,Kavya Mahal,North,Chandigarh,Furniture,Bed,Bed Consequuntur,2,65319,15,111042.3,13068.28,Net Banking,0.15,111042.3,0.0,0.11768740380917903,2025,5,11,6,Spring
10977,2024-03-06,Vaibhav Dhar,East,Bhubaneswar,Electronics,Headphones,Headphones Aperiam,4,74837,10,269413.2,47063.23,Net Banking,0.1,269413.2,0.0,0.1746879143263953,2024,3,6,2,Spring
10978,2025-01-11,Jayan Hari,West,Pune,Furniture,Chair,Chair Quo,1,20353,15,17300.05,1476.21,Upi,0.15,17300.05,0.0,0.08532981118551682,2025,1,11,5,winter
10979,2025-08-07,Keya Kunda,North,Chandigarh,Sports,Football,Football Hic,4,46114,20,147564.8,11329.56,Cod,0.2,147564.80000000002,2.9103830456733704e-11,0.076776846510821,2025,8,7,3,Summer
10980,2025-05-07,Vardaniya Ramachandran,South,Chennai,Kitchen,Cookware Set,Cookware Set Quaerat,5,19536,5,92796.0,10050.59,Cod,0.05,92796.0,0.0,0.10830844001896633,2025,5,7,2,Spring
10981,2024-01-06,Ryan Mand,West,Ahmedabad,Sports,Tennis Racket,Tennis Racket Omnis,3,71574,10,193249.8,37738.28,Cod,0.1,193249.80000000002,2.9103830456733704e-11,0.19528237545394614,2024,1,6,5,winter
10982,2024-04-20,Devansh Sethi,South,Chennai,Kitchen,Mixer Grinder,Mixer Grinder Et,2,73647,15,125199.9,8827.0,Debit Card,0.15,125199.9,0.0,0.07050325120067988,2024,4,20,5,Spring
10983,2024-12-10,Tejas Ramachandran,South,Hyderabad,Toys,Puzzle,Puzzle In,3,23933,10,64619.1,13758.87,Net Banking,0.1,64619.1,0.0,0.2129226498047791,2024,12,10,1,winter
10984,2025-02-24,Pranay Mahal,West,Ahmedabad,Books,Non-Fiction,Non-Fiction Tenetur,2,55950,20,89520.0,11391.53,Debit Card,0.2,89520.0,0.0,0.1272512287756926,2025,2,24,0,winter
10985,2024-01-26,Ira Andra,West,Mumbai,Groceries,Wheat,Wheat Sit,4,28177,15,95801.8,11204.61,Upi,0.15,95801.8,0.0,0.11695615322467845,2024,1,26,4,winter
10986,2025-09-22,Himmat Bahri,South,Thiruvananthapuram,Beauty,Foundation,Foundation Temporibus,2,10700,20,17120.0,1933.29,Credit Card,0.2,17120.0,0.0,0.11292581775700934,2025,9,22,0,Fall
10987,2025-04-18,Vihaan Kannan,South,Chennai,Books,Non-Fiction,Non-Fiction Quod,1,20838,0,20838.0,5084.45,Net Banking,0.0,20838.0,0.0,0.24399894423649102,2025,4,18,4,Spring
10988,2024-02-18,Vihaan Varty,East,Guwahati,Clothing,Accessories,Accessories Ipsum,4,31324,5,119031.2,22802.84,Credit Card,0.05,119031.2,0.0,0.19157027737265525,2024,2,18,6,winter
10989,2025-07-23,Ayesha Srinivas,North,Lucknow,Furniture,Bed,Bed Tempora,4,2521,10,9075.6,1480.11,Upi,0.1,9075.6,0.0,0.16308673806690466,2025,7,23,2,Summer
10990,2024-08-10,Hansh Chaudhuri,East,Bhubaneswar,Toys,Puzzle,Puzzle Soluta,2,55051,15,93586.7,20925.31,Credit Card,0.15,93586.7,0.0,0.2235927754691639,2024,8,10,5,Summer
10991,2024-01-04,Aarush Bahl,East,Bhubaneswar,Books,Fiction,Fiction Laborum,4,73288,10,263836.8,56203.35,Debit Card,0.1,263836.8,0.0,0.21302316431976132,2024,1,4,3,winter
10992,2024-12-06,Rati Bhatti,East,Guwahati,Groceries,Oil,Oil Exercitationem,4,29212,20,93478.4,10820.44,Credit Card,0.2,93478.40000000001,1.4551915228366852e-11,0.11575337190195811,2024,12,6,4,winter
10993,2025-06-05,Shanaya Chaudry,West,Surat,Groceries,Sugar,Sugar Similique,5,47142,5,223924.5,13670.89,Credit Card,0.05,223924.5,0.0,0.0610513364995791,2025,6,5,3,Summer
10994,2023-10-21,Anay Upadhyay,East,Bhubaneswar,Toys,Board Game,Board Game Tempora,5,42907,10,193081.5,16436.26,Net Banking,0.1,193081.5,0.0,0.08512602191302636,2023,10,21,5,Fall
10995,2024-09-14,Darshit Keer,West,Mumbai,Books,Biography,Biography Sint,1,28656,5,27223.2,5327.56,Debit Card,0.05,27223.199999999997,3.637978807091713e-12,0.19569925651650064,2024,9,14,5,Fall
10996,2024-05-29,Umang Iyengar,North,Amritsar,Toys,Rc Car,RC Car Animi,2,11948,5,22701.2,5387.57,Cod,0.05,22701.2,0.0,0.23732533962962307,2024,5,29,2,Spring
10997,2025-05-07,Zain Wadhwa,South,Chennai,Kitchen,Cookware Set,Cookware Set Harum,3,8530,15,21751.5,3356.24,Upi,0.15,21751.5,0.0,0.15429924373031745,2025,5,7,2,Spring
10998,2024-08-09,Saira Ratti,North,Chandigarh,Clothing,Kids Wear,Kids Wear Eveniet,2,35370,15,60129.0,7808.18,Cod,0.15,60129.0,0.0,0.12985714048129854,2024,8,9,4,Summer
10999,2025-07-07,Zara Sinha,South,Coimbatore,Groceries,Sugar,Sugar Nihil,5,1101,10,4954.5,683.19,Upi,0.1,4954.5,0.0,0.13789282470481382,2025,7,7,0,Summer
11000,2025-05-10,Anahi Rao,South,Bangalore,Books,Fiction,Fiction Nisi,3,78111,5,222616.35,11985.08,Upi,0.05,222616.34999999998,2.9103830456733704e-11,0.0538373753769658,2025,5,10,5,Spring
11001,2024-02-04,Miraya Jha,South,Coimbatore,Groceries,Wheat,Wheat Necessitatibus,1,21585,15,18347.25,2938.7,Upi,0.15,18347.25,0.0,0.1601711428143182,2024,2,4,6,winter
11002,2023-11-27,Farhan Kata,North,Lucknow,Groceries,Spices,Spices Dolores,1,75335,15,64034.75,13472.26,Debit Card,0.15,64034.75,0.0,0.21038982739840478,2023,11,27,0,Fall
11003,2024-02-16,Mehul Suri,North,Jaipur,Beauty,Lipstick,Lipstick Molestias,2,51288,20,82060.8,7654.7,Debit Card,0.2,82060.8,0.0,0.09328083567306192,2024,2,16,4,winter
11004,2024-01-29,Tarini Ganesan,North,Chandigarh,Books,Comics,Comics Nesciunt,2,38765,10,69777.0,5260.27,Credit Card,0.1,69777.0,0.0,0.07538687533141293,2024,1,29,0,winter
11005,2024-12-20,Nitya Dayal,West,Surat,Electronics,Camera,Camera Vel,2,79251,5,150576.9,18926.24,Cod,0.05,150576.9,0.0,0.125691523733056,2024,12,20,4,winter
11006,2024-05-16,Inaaya  Sinha,West,Goa,Clothing,Shoes,Shoes Sapiente,4,13384,15,45505.6,5533.46,Credit Card,0.15,45505.6,0.0,0.1215995393973489,2024,5,16,3,Spring
11007,2024-12-08,Eva Deshpande,South,Thiruvananthapuram,Groceries,Wheat,Wheat Magni,3,66276,5,188886.6,17971.48,Credit Card,0.05,188886.59999999998,2.9103830456733704e-11,0.09514428233659772,2024,12,8,6,winter
11008,2024-03-10,Shanaya Gill,West,Ahmedabad,Toys,Doll,Doll Voluptatem,3,58549,20,140517.6,7625.21,Net Banking,0.2,140517.6,0.0,0.05426515966683177,2024,3,10,6,Spring
11009,2023-11-09,Keya Goswami,East,Bhubaneswar,Sports,Yoga Mat,Yoga Mat Dolor,5,57314,15,243584.5,33129.89,Net Banking,0.15,243584.5,0.0,0.1360098446329713,2023,11,9,3,Fall
11010,2024-06-22,Raghav Gala,East,Guwahati,Furniture,Bed,Bed Laudantium,1,64511,15,54834.35,7152.58,Debit Card,0.15,54834.35,0.0,0.13043976996171197,2024,6,22,5,Summer
11011,2025-06-15,Neysa Chacko,North,Jaipur,Home Decor,Vase,Vase Quia,2,9742,15,16561.4,3249.54,Upi,0.15,16561.399999999998,3.637978807091713e-12,0.19621167292620187,2025,6,15,6,Summer
11012,2024-02-03,Chirag Banik,West,Goa,Sports,Yoga Mat,Yoga Mat Sed,3,9940,20,23856.0,1667.57,Credit Card,0.2,23856.0,0.0,0.06990149228705567,2024,2,3,5,winter
11013,2023-10-14,Nirvaan Bhargava,South,Bangalore,Home Decor,Vase,Vase Dolorum,3,21730,5,61930.5,12070.69,Cod,0.05,61930.5,0.0,0.1949070328836357,2023,10,14,5,Fall
11014,2024-02-14,Ayesha Dani,South,Coimbatore,Groceries,Sugar,Sugar Labore,1,28841,10,25956.9,2731.44,Net Banking,0.1,25956.9,0.0,0.1052298232839823,2024,2,14,2,winter
11015,2024-10-01,Adira Tank,North,Amritsar,Kitchen,Cookware Set,Cookware Set Ipsum,4,64221,15,218351.4,27349.58,Upi,0.15,218351.4,0.0,0.12525488730550846,2024,10,1,1,Fall
11016,2023-12-16,Romil Mall,East,Guwahati,Toys,Rc Car,RC Car Reiciendis,3,46947,15,119714.85,10320.87,Cod,0.15,119714.84999999999,1.4551915228366852e-11,0.08621211153002321,2023,12,16,5,winter
11017,2025-09-02,Vritika Divan,North,Amritsar,Books,Comics,Comics Quo,3,68003,5,193808.55,22075.6,Net Banking,0.05,193808.55,0.0,0.11390415954301293,2025,9,2,1,Fall
11018,2024-09-09,Stuvan Saxena,West,Mumbai,Furniture,Bed,Bed Repellendus,3,54327,10,146682.9,24928.05,Credit Card,0.1,146682.9,0.0,0.16994516743260463,2024,9,9,0,Fall
11019,2024-04-30,Aarna Anand,North,Chandigarh,Beauty,Face Cream,Face Cream Reiciendis,5,36812,20,147248.0,11285.43,Upi,0.2,147248.0,0.0,0.07664233130500923,2024,4,30,1,Spring
11020,2024-12-03,Elakshi Mall,East,Kolkata,Clothing,Shoes,Shoes Vitae,3,53353,5,152056.05,28118.74,Debit Card,0.05,152056.05,0.0,0.18492351997832382,2024,12,3,1,winter
11021,2024-05-07,Taimur Kapoor,West,Goa,Home Decor,Lamp,Lamp Sequi,2,69395,20,111032.0,27244.71,Credit Card,0.2,111032.0,0.0,0.2453770984941278,2024,5,7,1,Spring
11022,2024-06-30,Tejas Jayaraman,North,Jaipur,Kitchen,Microwave,Microwave Perferendis,5,34804,10,156618.0,36975.33,Upi,0.1,156618.0,0.0,0.2360860820595334,2024,6,30,6,Summer
11023,2023-10-28,Farhan Kumar,West,Surat,Furniture,Chair,Chair Dolores,4,28446,20,91027.2,20804.21,Upi,0.2,91027.20000000001,1.4551915228366852e-11,0.22854937864726146,2023,10,28,5,Fall
11024,2025-08-22,Vaibhav Borra,East,Patna,Beauty,Foundation,Foundation Illum,5,33373,5,158521.75,33381.87,Cod,0.05,158521.75,0.0,0.21058227025628976,2025,8,22,4,Summer
11025,2024-02-20,Mohanlal Kar,South,Thiruvananthapuram,Toys,Doll,Doll Dolorum,3,5586,20,13406.4,3144.07,Net Banking,0.2,13406.400000000001,1.8189894035458565e-12,0.2345200799618093,2024,2,20,1,winter
11026,2025-03-21,Zeeshan Bajaj,South,Chennai,Toys,Doll,Doll Incidunt,4,76233,0,304932.0,36668.09,Upi,0.0,304932.0,0.0,0.12025005575013445,2025,3,21,4,Spring
11027,2024-12-11,Romil Ghose,East,Guwahati,Electronics,Headphones,Headphones At,1,46679,15,39677.15,9112.81,Cod,0.15,39677.15,0.0,0.22967400632353885,2024,12,11,2,winter
11028,2024-03-12,Prisha Gopal,South,Chennai,Electronics,Mobile,Mobile Fugiat,3,28359,5,80823.15,7678.45,Upi,0.05,80823.15,0.0,0.09500310245270074,2024,3,12,1,Spring
11029,2025-04-07,Jayant Sem,East,Bhubaneswar,Sports,Tennis Racket,Tennis Racket Voluptate,4,41906,20,134099.2,22270.89,Net Banking,0.2,134099.2,0.0,0.16607772455018371,2025,4,7,0,Spring
11030,2024-07-28,Samar Bhalla,West,Surat,Books,Biography,Biography Non,5,7394,0,36970.0,4223.29,Debit Card,0.0,36970.0,0.0,0.11423559642953746,2024,7,28,6,Summer
11031,2025-01-08,Shayak Chaudhary,North,Amritsar,Clothing,Accessories,Accessories Repellendus,2,66329,15,112759.3,16441.9,Debit Card,0.15,112759.3,0.0,0.14581413683838051,2025,1,8,2,winter
11032,2025-05-20,Kimaya Kakar,West,Ahmedabad,Clothing,Kids Wear,Kids Wear Accusamus,5,33747,10,151861.5,26812.07,Net Banking,0.1,151861.5,0.0,0.17655607247393185,2025,5,20,1,Spring
11033,2023-10-29,Dhruv Bahl,North,Lucknow,Toys,Action Figure,Action Figure Natus,2,731,15,1242.7,114.31,Credit Card,0.15,1242.7,0.0,0.09198519353021646,2023,10,29,6,Fall
11034,2025-06-04,Yuvaan Vig,West,Surat,Clothing,Kids Wear,Kids Wear Nemo,4,37118,5,141048.4,13478.66,Cod,0.05,141048.4,0.0,0.09556053099503434,2025,6,4,2,Summer
11035,2025-01-24,Lakshit Sridhar,East,Guwahati,Home Decor,Clock,Clock Iure,3,29284,20,70281.6,15372.19,Debit Card,0.2,70281.6,0.0,0.21872282361243908,2025,1,24,4,winter
11036,2024-09-09,Khushi Dugal,East,Kolkata,Home Decor,Clock,Clock Dolor,1,15109,10,13598.1,2934.86,Net Banking,0.1,13598.1,0.0,0.21582868194821336,2024,9,9,0,Fall
11037,2024-02-06,Sahil Kale,East,Bhubaneswar,Beauty,Foundation,Foundation Totam,1,19290,5,18325.5,2830.27,Upi,0.05,18325.5,0.0,0.15444435349649396,2024,2,6,1,winter
11038,2024-08-29,Kimaya Issac,East,Guwahati,Beauty,Face Cream,Face Cream Voluptas,4,54082,20,173062.4,31705.38,Net Banking,0.2,173062.40000000002,2.9103830456733704e-11,0.18320201268444217,2024,8,29,3,Summer
11039,2025-02-24,Chirag Bera,South,Chennai,Beauty,Lipstick,Lipstick Esse,2,16234,5,30844.6,6972.64,Credit Card,0.05,30844.6,0.0,0.22605707319919857,2025,2,24,0,winter
11040,2024-09-06,Devansh Walia,North,Chandigarh,Sports,Cricket Bat,Cricket Bat Modi,1,44624,20,35699.2,4378.39,Net Banking,0.2,35699.200000000004,7.275957614183426e-12,0.12264672597705273,2024,9,6,4,Fall
11041,2025-03-23,Riya Bhandari,South,Chennai,Home Decor,Lamp,Lamp Nostrum,3,20681,0,62043.0,10538.83,Credit Card,0.0,62043.0,0.0,0.16986332060022888,2025,3,23,6,Spring
11042,2023-10-26,Neelofar Banerjee,West,Pune,Clothing,Women'S Wear,Women's Wear Tenetur,1,1071,5,1017.45,146.99,Debit Card,0.05,1017.4499999999999,1.1368683772161603e-13,0.14446901567644602,2023,10,26,3,Fall
11043,2023-10-07,Aaryahi Mahajan,West,Ahmedabad,Sports,Dumbbells,Dumbbells Voluptates,1,10248,10,9223.2,789.51,Net Banking,0.1,9223.2,0.0,0.08560044236273744,2023,10,7,5,Fall
11044,2024-06-13,Mamooty Shankar,West,Ahmedabad,Kitchen,Cookware Set,Cookware Set Quidem,3,30343,5,86477.55,14191.99,Net Banking,0.05,86477.55,0.0,0.16411184174389767,2024,6,13,3,Summer
11045,2025-08-01,Farhan De,West,Ahmedabad,Groceries,Spices,Spices Quibusdam,4,68181,0,272724.0,47541.58,Credit Card,0.0,272724.0,0.0,0.17432121852128893,2025,8,1,4,Summer
11046,2025-09-13,Anahi Date,South,Chennai,Electronics,Headphones,Headphones Sed,3,44804,0,134412.0,16686.39,Debit Card,0.0,134412.0,0.0,0.12414360324970984,2025,9,13,5,Fall
11047,2024-03-15,Parinaaz Datta,West,Ahmedabad,Home Decor,Vase,Vase Ea,5,65619,5,311690.25,67820.74,Net Banking,0.05,311690.25,0.0,0.21759018769435362,2024,3,15,4,Spring
11048,2024-05-12,Rania Mand,South,Coimbatore,Books,Non-Fiction,Non-Fiction Cum,2,67113,5,127514.7,19052.36,Net Banking,0.05,127514.7,0.0,0.1494130480642624,2024,5,12,6,Spring
11049,2025-05-04,Rania Sanghvi,West,Pune,Books,Biography,Biography Deserunt,2,20114,15,34193.8,7109.46,Upi,0.15,34193.799999999996,7.275957614183426e-12,0.20791663985868783,2025,5,4,6,Spring
11050,2023-10-28,Anahi Date,West,Mumbai,Home Decor,Lamp,Lamp Sed,2,10531,5,20008.9,1003.16,Cod,0.05,20008.899999999998,3.637978807091713e-12,0.050135689618119934,2023,10,28,5,Fall
11051,2025-01-28,Zain Sha,West,Surat,Books,Biography,Biography Repudiandae,1,46017,0,46017.0,11480.17,Cod,0.0,46017.0,0.0,0.24947671512701827,2025,1,28,1,winter
11052,2024-11-11,Hunar Seth,East,Patna,Beauty,Face Cream,Face Cream Nisi,5,34608,20,138432.0,13386.86,Upi,0.2,138432.0,0.0,0.09670350785945446,2024,11,11,0,Fall
11053,2025-09-03,Mohanlal Sha,East,Guwahati,Home Decor,Cushion,Cushion Praesentium,5,23060,10,103770.0,18282.64,Debit Card,0.1,103770.0,0.0,0.17618425363785295,2025,9,3,2,Fall
11054,2024-02-28,Farhan Dave,North,Amritsar,Beauty,Perfume,Perfume Veniam,4,53624,0,214496.0,13543.77,Net Banking,0.0,214496.0,0.0,0.06314229635983888,2024,2,28,2,winter
11055,2024-10-02,Myra Dua,South,Thiruvananthapuram,Groceries,Oil,Oil Iusto,5,53156,0,265780.0,45958.29,Credit Card,0.0,265780.0,0.0,0.17291854165098955,2024,10,2,2,Fall
11056,2024-04-13,Suhana Mani,North,Jaipur,Toys,Rc Car,RC Car Ab,4,69925,20,223760.0,18817.06,Debit Card,0.2,223760.0,0.0,0.0840948337504469,2024,4,13,5,Spring
11057,2024-12-11,Shanaya Devan,West,Mumbai,Toys,Puzzle,Puzzle Tempora,5,28450,5,135137.5,8543.18,Cod,0.05,135137.5,0.0,0.06321842567755065,2024,12,11,2,winter
11058,2025-05-31,Onkar Bora,West,Surat,Sports,Yoga Mat,Yoga Mat Voluptatem,5,61981,10,278914.5,30971.48,Upi,0.1,278914.5,0.0,0.11104291817026364,2025,5,31,5,Spring
11059,2025-09-02,Piya Koshy,South,Bangalore,Home Decor,Clock,Clock Animi,4,46217,10,166381.2,18545.21,Upi,0.1,166381.2,0.0,0.11146217240890195,2025,9,2,1,Fall
11060,2024-07-24,Kismat Chowdhury,West,Goa,Kitchen,Microwave,Microwave Ex,5,26290,15,111732.5,17413.74,Cod,0.15,111732.5,0.0,0.15585205736916297,2024,7,24,2,Summer
11061,2025-02-01,Akarsh Sastry,West,Ahmedabad,Groceries,Oil,Oil Quisquam,4,4679,20,14972.8,3146.42,Cod,0.2,14972.800000000001,1.8189894035458565e-12,0.21014239153665315,2025,2,1,5,winter
11062,2025-05-17,Rati Ramaswamy,North,Chandigarh,Toys,Puzzle,Puzzle Commodi,4,614,0,2456.0,458.44,Credit Card,0.0,2456.0,0.0,0.18666123778501628,2025,5,17,5,Spring
11063,2024-11-24,Prerak Shan,South,Thiruvananthapuram,Furniture,Table,Table Excepturi,1,11858,5,11265.1,670.04,Credit Card,0.05,11265.1,0.0,0.059479276704157084,2024,11,24,6,Fall
11064,2024-12-06,Kashvi Raja,East,Kolkata,Books,Textbook,Textbook Assumenda,3,66303,0,198909.0,45906.61,Cod,0.0,198909.0,0.0,0.230792020471673,2024,12,6,4,winter
11065,2023-10-11,Onkar Johal,East,Ranchi,Books,Textbook,Textbook Nihil,3,56549,20,135717.6,9387.13,Debit Card,0.2,135717.6,0.0,0.06916663719370221,2023,10,11,2,Fall
11066,2025-05-10,Ryan Srivastava,West,Mumbai,Electronics,Smartwatch,Smartwatch Aperiam,1,38853,20,31082.4,4063.2,Debit Card,0.2,31082.4,0.0,0.13072349625511542,2025,5,10,5,Spring
11067,2025-09-06,Yakshit Brahmbhatt,South,Chennai,Home Decor,Lamp,Lamp Ut,4,20842,0,83368.0,8546.61,Credit Card,0.0,83368.0,0.0,0.10251667306400539,2025,9,6,5,Fall
11068,2024-10-15,Baiju Jaggi,South,Coimbatore,Beauty,Face Cream,Face Cream Recusandae,4,5016,15,17054.4,2561.68,Debit Card,0.15,17054.399999999998,3.637978807091713e-12,0.1502063983488132,2024,10,15,1,Fall
11069,2025-07-12,Zaina Chakrabarti,West,Mumbai,Sports,Cricket Bat,Cricket Bat Officiis,2,41608,0,83216.0,6068.01,Net Banking,0.0,83216.0,0.0,0.07291878965583543,2025,7,12,5,Summer
11070,2024-02-20,Ivana Sandal,West,Surat,Kitchen,Mixer Grinder,Mixer Grinder Earum,5,35132,10,158094.0,32036.26,Upi,0.1,158094.0,0.0,0.202640580920212,2024,2,20,1,winter
11071,2025-02-10,Kabir Dani,South,Bangalore,Electronics,Laptop,Laptop Et,3,23559,20,56541.6,5767.1,Debit Card,0.2,56541.600000000006,7.275957614183426e-12,0.10199746735147219,2025,2,10,0,winter
11072,2025-09-03,Alisha Bhagat,South,Hyderabad,Clothing,Women'S Wear,Women's Wear Explicabo,2,72402,20,115843.2,27905.64,Cod,0.2,115843.20000000001,1.4551915228366852e-11,0.24089148089831772,2025,9,3,2,Fall
11073,2024-03-11,Jivika Wali,West,Mumbai,Furniture,Cabinet,Cabinet Neque,5,12315,20,49260.0,10532.59,Debit Card,0.2,49260.0,0.0,0.2138162809581811,2024,3,11,0,Spring
11074,2024-08-09,Aradhya Bassi,North,Delhi,Groceries,Sugar,Sugar Recusandae,4,1299,20,4156.8,431.16,Credit Card,0.2,4156.8,0.0,0.10372401847575058,2024,8,9,4,Summer
11075,2024-08-31,Jivin Lal,North,Lucknow,Books,Textbook,Textbook Error,1,1548,20,1238.4,283.82,Upi,0.2,1238.4,0.0,0.22918281653746767,2024,8,31,5,Summer
11076,2024-09-03,Charvi Dora,North,Amritsar,Toys,Action Figure,Action Figure Voluptatem,1,28645,20,22916.0,1924.59,Upi,0.2,22916.0,0.0,0.08398455227788444,2024,9,3,1,Fall
11077,2025-09-23,Tarini Sant,East,Patna,Beauty,Foundation,Foundation Sapiente,2,7000,20,11200.0,1427.14,Credit Card,0.2,11200.0,0.0,0.1274232142857143,2025,9,23,1,Fall
11078,2025-01-14,Emir Batta,North,Jaipur,Sports,Cricket Bat,Cricket Bat Officiis,3,12289,10,33180.3,3695.39,Cod,0.1,33180.3,0.0,0.11137301350500145,2025,1,14,1,winter
11079,2024-05-08,Prerak Dani,East,Guwahati,Electronics,Mobile,Mobile Vitae,1,13336,15,11335.6,2562.19,Credit Card,0.15,11335.6,0.0,0.22603038215886234,2024,5,8,2,Spring
11080,2024-02-14,Drishya Amble,South,Coimbatore,Groceries,Oil,Oil Cupiditate,1,17376,10,15638.4,1947.58,Cod,0.1,15638.4,0.0,0.12453831594024964,2024,2,14,2,winter
11081,2024-08-31,Bhavin Chowdhury,East,Guwahati,Groceries,Spices,Spices Natus,5,52647,15,223749.75,47403.62,Credit Card,0.15,223749.75,0.0,0.21185999090501778,2024,8,31,5,Summer
11082,2024-09-05,Adah Jhaveri,East,Guwahati,Kitchen,Refrigerator,Refrigerator Vero,5,37492,10,168714.0,13616.72,Net Banking,0.1,168714.0,0.0,0.08070889197102789,2024,9,5,3,Fall
11083,2025-01-30,Raunak Keer,North,Amritsar,Books,Textbook,Textbook Placeat,1,56680,15,48178.0,7140.03,Debit Card,0.15,48178.0,0.0,0.14820104612063598,2025,1,30,3,winter
11084,2024-03-13,Dhanush Samra,West,Mumbai,Electronics,Laptop,Laptop Quasi,2,69931,0,139862.0,27076.75,Cod,0.0,139862.0,0.0,0.19359618767070397,2024,3,13,2,Spring
11085,2023-10-25,Kaira Bera,South,Hyderabad,Electronics,Camera,Camera Facere,1,64881,10,58392.9,3188.26,Cod,0.1,58392.9,0.0,0.05460013118033186,2023,10,25,2,Fall
11086,2023-12-24,Kiara Lad,West,Goa,Home Decor,Clock,Clock Fugit,4,54187,20,173398.4,17229.79,Cod,0.2,173398.40000000002,2.9103830456733704e-11,0.09936533439754923,2023,12,24,6,winter
11087,2025-10-02,Anahita Chada,North,Delhi,Home Decor,Vase,Vase Et,5,1445,5,6863.75,1180.7,Credit Card,0.05,6863.75,0.0,0.17201966854853398,2025,10,2,3,Fall
11088,2025-04-30,Indranil Khurana,North,Amritsar,Electronics,Mobile,Mobile Voluptates,4,76442,20,244614.4,19458.47,Cod,0.2,244614.40000000002,2.9103830456733704e-11,0.07954752459380969,2025,4,30,2,Spring
11089,2025-03-25,Navya Thakur,South,Coimbatore,Clothing,Women'S Wear,Women's Wear Maiores,3,14127,10,38142.9,5554.72,Debit Card,0.1,38142.9,0.0,0.1456291996675659,2025,3,25,1,Spring
11090,2024-12-18,Kismat Tara,North,Jaipur,Furniture,Sofa,Sofa Praesentium,3,58577,10,158157.9,25712.93,Cod,0.1,158157.9,0.0,0.16257758859974747,2024,12,18,2,winter
11091,2024-03-30,Vanya Mallick,West,Mumbai,Groceries,Spices,Spices Temporibus,4,51102,5,194187.6,37261.47,Net Banking,0.05,194187.59999999998,2.9103830456733704e-11,0.19188387930022308,2024,3,30,5,Spring
11092,2024-07-22,Kaira Solanki,South,Thiruvananthapuram,Beauty,Foundation,Foundation Eveniet,3,46500,20,111600.0,16186.35,Credit Card,0.2,111600.0,0.0,0.14503897849462366,2024,7,22,0,Summer
11093,2024-09-05,Jivika Andra,South,Coimbatore,Electronics,Mobile,Mobile In,1,22580,15,19193.0,1298.16,Net Banking,0.15,19193.0,0.0,0.06763715938102434,2024,9,5,3,Fall
11094,2025-07-06,Elakshi Singhal,South,Coimbatore,Electronics,Camera,Camera Ipsa,1,29931,15,25441.35,1419.79,Credit Card,0.15,25441.35,0.0,0.0558063939217062,2025,7,6,6,Summer
11095,2025-05-24,Jivin Bora,North,Lucknow,Electronics,Mobile,Mobile Fuga,2,72878,15,123892.6,7564.37,Debit Card,0.15,123892.59999999999,1.4551915228366852e-11,0.06105586612921191,2025,5,24,5,Spring
11096,2024-08-30,Bhamini Karan,East,Kolkata,Toys,Board Game,Board Game Quam,2,49224,0,98448.0,18681.26,Cod,0.0,98448.0,0.0,0.18975763855030064,2024,8,30,4,Summer
11097,2023-10-31,Parinaaz Som,West,Surat,Books,Fiction,Fiction Ut,3,9931,5,28303.35,5063.38,Debit Card,0.05,28303.35,0.0,0.1788968443664796,2023,10,31,1,Fall
11098,2023-12-18,Shanaya Chatterjee,South,Thiruvananthapuram,Books,Comics,Comics Exercitationem,3,26535,10,71644.5,16298.24,Cod,0.1,71644.5,0.0,0.22748766478934182,2023,12,18,0,winter
11099,2025-07-21,Neysa Sheth,South,Coimbatore,Sports,Football,Football Provident,2,74485,10,134073.0,15987.45,Debit Card,0.1,134073.0,0.0,0.11924436687476227,2025,7,21,0,Summer
11100,2023-11-28,Vivaan Verma,East,Bhubaneswar,Books,Non-Fiction,Non-Fiction Tempore,2,57097,0,114194.0,17565.4,Cod,0.0,114194.0,0.0,0.15382069110461147,2023,11,28,1,Fall
11101,2023-12-17,Nehmat Hegde,North,Chandigarh,Electronics,Smartwatch,Smartwatch Ipsam,2,59268,15,100755.6,20731.39,Net Banking,0.15,100755.59999999999,1.4551915228366852e-11,0.205759183608653,2023,12,17,6,winter
11102,2025-06-28,Eva Sahota,North,Amritsar,Groceries,Rice,Rice Quas,4,76727,0,306908.0,43168.59,Credit Card,0.0,306908.0,0.0,0.14065645079307154,2025,6,28,5,Summer
11103,2025-09-16,Vivaan Bhardwaj,West,Goa,Clothing,Kids Wear,Kids Wear Sed,3,25199,15,64257.45,13075.53,Upi,0.15,64257.45,0.0,0.20348659960829446,2025,9,16,1,Fall
11104,2025-04-08,Armaan Kaur,South,Thiruvananthapuram,Electronics,Camera,Camera Reprehenderit,4,64353,20,205929.6,14098.48,Cod,0.2,205929.6,0.0,0.06846262023526486,2025,4,8,1,Spring
11105,2024-12-14,Abram Shanker,South,Chennai,Toys,Doll,Doll Soluta,5,55326,10,248967.0,60565.21,Cod,0.1,248967.0,0.0,0.24326601517470187,2024,12,14,5,winter
11106,2024-05-29,Vanya Sangha,West,Pune,Home Decor,Vase,Vase Distinctio,3,72688,5,207160.8,47984.08,Credit Card,0.05,207160.8,0.0,0.23162721904916375,2024,5,29,2,Spring
11107,2024-03-26,Miraan Iyer,South,Thiruvananthapuram,Groceries,Sugar,Sugar Ipsum,2,10362,15,17615.4,3322.79,Upi,0.15,17615.399999999998,3.637978807091713e-12,0.1886298352577858,2024,3,26,1,Spring
11108,2024-08-16,Krish Kaul,West,Mumbai,Home Decor,Vase,Vase Laudantium,5,56110,10,252495.0,36136.83,Net Banking,0.1,252495.0,0.0,0.14311899245529616,2024,8,16,4,Summer
11109,2025-04-11,Mannat Yohannan,West,Surat,Clothing,Shoes,Shoes Aliquid,3,56239,0,168717.0,30407.97,Upi,0.0,168717.0,0.0,0.1802306228773627,2025,4,11,4,Spring
11110,2024-12-02,Darshit Barman,North,Lucknow,Books,Non-Fiction,Non-Fiction Molestiae,2,32947,20,52715.2,2862.48,Credit Card,0.2,52715.200000000004,7.275957614183426e-12,0.054300846814581,2024,12,2,0,winter
11111,2023-10-08,Samarth Chacko,East,Ranchi,Groceries,Sugar,Sugar Cupiditate,5,3051,15,12966.75,1413.68,Cod,0.15,12966.75,0.0,0.10902346385948677,2023,10,8,6,Fall
11112,2024-06-26,Abram Ram,East,Kolkata,Electronics,Smartwatch,Smartwatch Consequatur,4,73502,0,294008.0,18131.14,Net Banking,0.0,294008.0,0.0,0.06166886615330195,2024,6,26,2,Summer
11113,2024-03-14,Baiju Kalla,East,Ranchi,Clothing,Shoes,Shoes Quod,4,31981,0,127924.0,23531.26,Upi,0.0,127924.0,0.0,0.18394718739251428,2024,3,14,3,Spring
11114,2024-05-27,Mannat Devan,East,Guwahati,Electronics,Camera,Camera Itaque,3,60790,5,173251.5,20003.56,Cod,0.05,173251.5,0.0,0.1154596641298921,2024,5,27,0,Spring
11115,2025-08-25,Anay Gokhale,East,Guwahati,Beauty,Face Cream,Face Cream Quisquam,5,58343,5,277129.25,19592.83,Debit Card,0.05,277129.25,0.0,0.07069924953789614,2025,8,25,0,Summer
11116,2023-10-20,Hridaan Malhotra,North,Jaipur,Books,Textbook,Textbook Voluptas,3,41002,15,104555.1,8656.02,Net Banking,0.15,104555.09999999999,1.4551915228366852e-11,0.08278907485144196,2023,10,20,4,Fall
11117,2025-04-14,Mamooty Ghose,West,Goa,Books,Textbook,Textbook Doloribus,4,31796,0,127184.0,26219.33,Debit Card,0.0,127184.0,0.0,0.20615273933828157,2025,4,14,0,Spring
11118,2024-04-19,Baiju Amble,South,Coimbatore,Toys,Rc Car,RC Car Voluptate,4,22163,15,75354.2,17884.38,Net Banking,0.15,75354.2,0.0,0.23733753393971407,2024,4,19,4,Spring
11119,2025-01-29,Priyansh Amble,South,Thiruvananthapuram,Groceries,Sugar,Sugar Ratione,1,29884,20,23907.2,3202.55,Cod,0.2,23907.2,0.0,0.13395755253647437,2025,1,29,2,winter
11120,2025-01-17,Aniruddh Sant,North,Lucknow,Electronics,Laptop,Laptop Aliquam,1,60813,0,60813.0,12988.64,Upi,0.0,60813.0,0.0,0.2135832798908128,2025,1,17,4,winter
11121,2024-05-24,Piya Bhandari,North,Jaipur,Furniture,Table,Table Rem,2,24189,15,41121.3,7523.56,Credit Card,0.15,41121.299999999996,7.275957614183426e-12,0.18296016906080304,2024,5,24,4,Spring
11122,2024-01-14,Ayesha Jain,East,Bhubaneswar,Toys,Rc Car,RC Car Omnis,4,78589,0,314356.0,31464.36,Debit Card,0.0,314356.0,0.0,0.10009148863072441,2024,1,14,6,winter
11123,2025-08-04,Gatik Boase,North,Delhi,Toys,Rc Car,RC Car Veritatis,3,15007,20,36016.8,6971.28,Debit Card,0.2,36016.8,0.0,0.19355634037449188,2025,8,4,0,Summer
11124,2024-09-23,Biju Madan,West,Mumbai,Electronics,Mobile,Mobile Officiis,1,52117,20,41693.6,9104.77,Net Banking,0.2,41693.600000000006,7.275957614183426e-12,0.21837332348370014,2024,9,23,0,Fall
11125,2025-04-30,Alisha Khare,West,Ahmedabad,Beauty,Shampoo,Shampoo Reprehenderit,5,78466,5,372713.5,82744.41,Debit Card,0.05,372713.5,0.0,0.22200540093127832,2025,4,30,2,Spring
11126,2024-09-15,Yakshit Venkataraman,North,Delhi,Furniture,Sofa,Sofa Id,3,22428,5,63919.8,8467.3,Credit Card,0.05,63919.799999999996,7.275957614183426e-12,0.13246756091226816,2024,9,15,6,Fall
11127,2025-08-25,Madhav Banik,East,Ranchi,Books,Biography,Biography Occaecati,5,13235,0,66175.0,11936.89,Cod,0.0,66175.0,0.0,0.18038367963732527,2025,8,25,0,Summer
11128,2025-02-13,Jayan Mani,North,Jaipur,Groceries,Oil,Oil Quam,1,2593,15,2204.05,348.96,Net Banking,0.15,2204.0499999999997,4.547473508864641e-13,0.15832671672602708,2025,2,13,3,winter
11129,2024-12-01,Anay Mander,North,Delhi,Clothing,Women'S Wear,Women's Wear Quo,1,51138,5,48581.1,5848.49,Cod,0.05,48581.1,0.0,0.12038611723489176,2024,12,1,6,winter
11130,2024-01-23,Ira Babu,South,Coimbatore,Electronics,Smartwatch,Smartwatch Animi,2,42396,10,76312.8,14690.23,Debit Card,0.1,76312.8,0.0,0.19250020966338544,2024,1,23,1,winter
11131,2025-04-15,Elakshi Mangat,West,Goa,Beauty,Shampoo,Shampoo Vitae,4,19720,10,70992.0,14671.13,Net Banking,0.1,70992.0,0.0,0.20665891931485236,2025,4,15,1,Spring
11132,2024-08-22,Lavanya Gour,East,Bhubaneswar,Home Decor,Vase,Vase Labore,5,61965,5,294333.75,42326.5,Debit Card,0.05,294333.75,0.0,0.1438044396879393,2024,8,22,3,Summer
11133,2024-08-23,Ahana  Rastogi,South,Chennai,Toys,Action Figure,Action Figure Dolores,1,367,10,330.3,73.22,Debit Card,0.1,330.3,0.0,0.2216772630941568,2024,8,23,4,Summer
11134,2025-01-30,Jivika Guha,West,Goa,Beauty,Perfume,Perfume Autem,5,29336,0,146680.0,24225.08,Net Banking,0.0,146680.0,0.0,0.16515598581947097,2025,1,30,3,winter
11135,2025-01-04,Priyansh Sane,West,Ahmedabad,Sports,Football,Football Nulla,5,31246,5,148418.5,21233.06,Upi,0.05,148418.5,0.0,0.143062084578405,2025,1,4,5,winter
11136,2025-05-31,Suhana Doshi,West,Mumbai,Groceries,Rice,Rice Reiciendis,2,25421,10,45757.8,3710.15,Cod,0.1,45757.8,0.0,0.0810823509871541,2025,5,31,5,Spring
11137,2024-05-16,Indrajit Chawla,East,Guwahati,Kitchen,Juicer,Juicer Molestiae,4,667,0,2668.0,611.55,Credit Card,0.0,2668.0,0.0,0.2292166416791604,2024,5,16,3,Spring
11138,2025-02-21,Anaya Hegde,West,Mumbai,Clothing,Shoes,Shoes Fugit,1,16862,10,15175.8,2398.05,Debit Card,0.1,15175.800000000001,1.8189894035458565e-12,0.1580180287035939,2025,2,21,4,winter
11139,2025-08-23,Mahika Kaul,North,Chandigarh,Clothing,Accessories,Accessories Facilis,5,78363,20,313452.0,17200.72,Debit Card,0.2,313452.0,0.0,0.0548751323966668,2025,8,23,5,Summer
11140,2024-02-12,Ishaan Gopal,North,Amritsar,Toys,Action Figure,Action Figure Dicta,2,55648,15,94601.6,8634.7,Credit Card,0.15,94601.59999999999,1.4551915228366852e-11,0.09127435476778406,2024,2,12,0,winter
11141,2023-11-27,Anika Saxena,West,Pune,Sports,Football,Football Dolor,5,21266,10,95697.0,18209.59,Net Banking,0.1,95697.0,0.0,0.19028381244971107,2023,11,27,0,Fall
11142,2025-03-25,Miraya Sengupta,South,Bangalore,Books,Comics,Comics Omnis,5,26679,0,133395.0,16580.96,Net Banking,0.0,133395.0,0.0,0.12429971138348513,2025,3,25,1,Spring
11143,2025-09-27,Shalv Aurora,South,Bangalore,Clothing,Shoes,Shoes Cumque,4,50092,5,190349.6,45545.68,Cod,0.05,190349.59999999998,2.9103830456733704e-11,0.2392738413949911,2025,9,27,5,Fall
11144,2024-04-29,Prisha Hayre,North,Amritsar,Clothing,Men'S Wear,Men's Wear Voluptatibus,5,69793,10,314068.5,73960.76,Debit Card,0.1,314068.5,0.0,0.23549244830347518,2024,4,29,0,Spring
11145,2024-10-16,Gokul Bhatnagar,East,Ranchi,Beauty,Shampoo,Shampoo Fugit,5,74700,0,373500.0,43137.24,Net Banking,0.0,373500.0,0.0,0.11549461847389558,2024,10,16,2,Fall
11146,2025-01-09,Hridaan Rege,East,Guwahati,Toys,Rc Car,RC Car Maxime,3,51488,0,154464.0,27760.63,Upi,0.0,154464.0,0.0,0.17972233012222913,2025,1,9,3,winter
11147,2025-08-22,Raghav Majumdar,North,Delhi,Electronics,Smartwatch,Smartwatch Fugiat,2,28862,10,51951.6,9561.42,Debit Card,0.1,51951.6,0.0,0.1840447647425681,2025,8,22,4,Summer
11148,2024-03-09,Renee Wali,North,Lucknow,Sports,Cricket Bat,Cricket Bat Et,1,13079,5,12425.05,2530.81,Upi,0.05,12425.05,0.0,0.2036861018667933,2024,3,9,5,Spring
11149,2025-02-28,Manjari Choudhry,South,Coimbatore,Toys,Rc Car,RC Car Aperiam,3,11574,10,31249.8,5557.7,Debit Card,0.1,31249.8,0.0,0.17784753822424462,2025,2,28,4,winter
11150,2024-11-30,Ahana  Chaudhry,North,Lucknow,Kitchen,Cookware Set,Cookware Set Aliquam,3,53759,20,129021.6,13193.29,Debit Card,0.2,129021.6,0.0,0.10225644388226468,2024,11,30,5,Fall
11151,2025-05-30,Vaibhav Sehgal,South,Coimbatore,Books,Biography,Biography Explicabo,1,43311,20,34648.8,8176.88,Debit Card,0.2,34648.8,0.0,0.2359931657084805,2025,5,30,4,Spring
11152,2025-07-26,Yasmin Doctor,West,Ahmedabad,Kitchen,Microwave,Microwave Aspernatur,2,78085,20,124936.0,30082.52,Credit Card,0.2,124936.0,0.0,0.2407834411218544,2025,7,26,5,Summer
11153,2024-02-15,Yuvraj  Virk,East,Patna,Clothing,Women'S Wear,Women's Wear Incidunt,4,68963,0,275852.0,30755.32,Cod,0.0,275852.0,0.0,0.11149210446181286,2024,2,15,3,winter
11154,2024-03-02,Aarav Bahri,North,Jaipur,Clothing,Men'S Wear,Men's Wear Ullam,3,75804,20,181929.6,41542.19,Credit Card,0.2,181929.6,0.0,0.2283421169507326,2024,3,2,5,Spring
11155,2024-08-16,Prerak Sahni,North,Delhi,Electronics,Camera,Camera In,4,57096,20,182707.2,42983.62,Cod,0.2,182707.2,0.0,0.23525958473448227,2024,8,16,4,Summer
11156,2025-03-12,Ishita Sengupta,East,Patna,Sports,Cricket Bat,Cricket Bat Illo,1,74534,15,63353.9,14251.46,Debit Card,0.15,63353.9,0.0,0.22495000307794782,2025,3,12,2,Spring
11157,2023-11-16,Sahil Chauhan,East,Kolkata,Clothing,Shoes,Shoes Consequatur,5,21734,20,86936.0,13752.97,Debit Card,0.2,86936.0,0.0,0.15819648937149167,2023,11,16,3,Fall
11158,2023-12-21,Tushar Kakar,South,Coimbatore,Beauty,Lipstick,Lipstick Cupiditate,3,40591,0,121773.0,23091.99,Net Banking,0.0,121773.0,0.0,0.18963144539429924,2023,12,21,3,winter
11159,2024-08-17,Samarth Reddy,East,Guwahati,Groceries,Rice,Rice Reiciendis,4,18455,15,62747.0,14325.64,Upi,0.15,62747.0,0.0,0.22830796691475289,2024,8,17,5,Summer
11160,2025-07-18,Indrans Kata,East,Kolkata,Home Decor,Lamp,Lamp Quaerat,5,57972,20,231888.0,28056.3,Upi,0.2,231888.0,0.0,0.12099073690747257,2025,7,18,4,Summer
11161,2024-12-11,Fateh Rama,North,Amritsar,Toys,Rc Car,RC Car Doloremque,2,21822,0,43644.0,2349.3,Cod,0.0,43644.0,0.0,0.053828704976629095,2024,12,11,2,winter
11162,2025-01-13,Taran Balay,West,Mumbai,Clothing,Accessories,Accessories Assumenda,5,68790,15,292357.5,71420.71,Cod,0.15,292357.5,0.0,0.24429238175863457,2025,1,13,0,winter
11163,2025-01-31,Kashvi Chaudry,North,Amritsar,Beauty,Foundation,Foundation Fugiat,2,10590,5,20121.0,1752.21,Upi,0.05,20121.0,0.0,0.08708364395407783,2025,1,31,4,winter
11164,2024-11-26,Riya Dalal,East,Guwahati,Sports,Tennis Racket,Tennis Racket Quos,2,23014,20,36822.4,4280.54,Net Banking,0.2,36822.4,0.0,0.11624826192752237,2024,11,26,1,Fall
11165,2023-12-31,Riaan Batra,East,Ranchi,Electronics,Mobile,Mobile Quisquam,4,20037,5,76140.6,6901.96,Upi,0.05,76140.59999999999,1.4551915228366852e-11,0.09064756516234439,2023,12,31,6,winter
11166,2025-06-25,Riya Sidhu,East,Guwahati,Kitchen,Microwave,Microwave Sit,1,63898,10,57508.2,6021.49,Upi,0.1,57508.200000000004,7.275957614183426e-12,0.10470663314101293,2025,6,25,2,Summer
11167,2025-01-13,Manjari Kaur,West,Surat,Kitchen,Refrigerator,Refrigerator Modi,3,72177,5,205704.45,23606.01,Cod,0.05,205704.44999999998,2.9103830456733704e-11,0.11475692431544382,2025,1,13,0,winter
11168,2025-09-02,Pihu Bahl,North,Lucknow,Sports,Tennis Racket,Tennis Racket Recusandae,2,2816,0,5632.0,1115.4,Upi,0.0,5632.0,0.0,0.198046875,2025,9,2,1,Fall
11169,2024-06-01,Amira Varghese,North,Amritsar,Electronics,Camera,Camera Cupiditate,4,39711,15,135017.4,31622.78,Debit Card,0.15,135017.4,0.0,0.23421262740950427,2024,6,1,5,Summer
11170,2023-10-21,Riaan Krishna,South,Thiruvananthapuram,Home Decor,Wall Art,Wall Art Dolor,1,19814,20,15851.2,2303.15,Debit Card,0.2,15851.2,0.0,0.145298147774301,2023,10,21,5,Fall
11171,2025-08-07,Vardaniya Bhagat,West,Pune,Clothing,Women'S Wear,Women's Wear Voluptate,2,48515,10,87327.0,11099.97,Upi,0.1,87327.0,0.0,0.12710811089353807,2025,8,7,3,Summer
11172,2024-08-21,Taimur Sachdeva,West,Surat,Books,Fiction,Fiction Numquam,3,1851,15,4720.05,383.95,Credit Card,0.15,4720.05,0.0,0.08134447728307963,2024,8,21,2,Summer
11173,2024-08-13,Aarush Thakkar,North,Jaipur,Kitchen,Refrigerator,Refrigerator Necessitatibus,2,50476,20,80761.6,12751.87,Credit Card,0.2,80761.6,0.0,0.15789521257627387,2024,8,13,1,Summer
11174,2025-03-08,Fateh Sama,West,Goa,Kitchen,Refrigerator,Refrigerator Molestias,2,47992,10,86385.6,6971.98,Upi,0.1,86385.6,0.0,0.08070766424033635,2025,3,8,5,Spring
11175,2025-05-12,Rasha Chaudhari,West,Mumbai,Toys,Action Figure,Action Figure Numquam,4,8030,10,28908.0,3814.6,Credit Card,0.1,28908.0,0.0,0.1319565518195655,2025,5,12,0,Spring
11176,2024-12-14,Shaan Edwin,South,Chennai,Toys,Puzzle,Puzzle Aliquid,1,8479,10,7631.1,1721.5,Credit Card,0.1,7631.1,0.0,0.22559001978744872,2024,12,14,5,winter
11177,2025-01-27,Jiya Bansal,West,Goa,Kitchen,Refrigerator,Refrigerator Aliquid,4,64522,20,206470.4,46386.8,Cod,0.2,206470.40000000002,2.9103830456733704e-11,0.2246656179287685,2025,1,27,0,winter
11178,2024-07-05,Shalv Gupta,North,Chandigarh,Books,Biography,Biography Tenetur,5,42094,5,199946.5,29876.63,Debit Card,0.05,199946.5,0.0,0.1494231206847832,2024,7,5,4,Summer
11179,2024-12-13,Aniruddh Bhat,West,Mumbai,Groceries,Spices,Spices Sed,4,1122,20,3590.4,600.13,Credit Card,0.2,3590.4,0.0,0.16714850713012477,2024,12,13,4,winter
11180,2025-05-18,Yashvi Ravi,South,Thiruvananthapuram,Clothing,Shoes,Shoes Eaque,3,44699,5,127392.15,23442.32,Net Banking,0.05,127392.15,0.0,0.18401699005786465,2025,5,18,6,Spring
11181,2024-12-03,Dharmajan Swaminathan,East,Bhubaneswar,Groceries,Wheat,Wheat Nam,5,27044,15,114937.0,20930.23,Debit Card,0.15,114937.0,0.0,0.18210176009466056,2024,12,3,1,winter
11182,2024-07-16,Baiju Sunder,East,Guwahati,Toys,Puzzle,Puzzle Nesciunt,4,29631,5,112597.8,13167.15,Net Banking,0.05,112597.79999999999,1.4551915228366852e-11,0.11693967377692992,2024,7,16,1,Summer
11183,2024-03-24,Divij Mallick,North,Lucknow,Kitchen,Mixer Grinder,Mixer Grinder Ullam,3,68227,0,204681.0,44311.79,Credit Card,0.0,204681.0,0.0,0.21649195577508415,2024,3,24,6,Spring
11184,2025-03-02,Aarush Mall,North,Delhi,Sports,Tennis Racket,Tennis Racket Ipsam,4,77522,15,263574.8,59364.54,Upi,0.15,263574.8,0.0,0.22522843610238916,2025,3,2,6,Spring
11185,2024-12-12,Neelofar Walia,West,Pune,Electronics,Mobile,Mobile Esse,1,79714,0,79714.0,17338.62,Cod,0.0,79714.0,0.0,0.21751034949946055,2024,12,12,3,winter
11186,2025-08-29,Ryan Banik,North,Jaipur,Kitchen,Mixer Grinder,Mixer Grinder Dolorem,2,54554,5,103652.6,21673.16,Credit Card,0.05,103652.59999999999,1.4551915228366852e-11,0.20909422436099045,2025,8,29,4,Summer
11187,2024-09-07,Rati Tailor,South,Coimbatore,Home Decor,Lamp,Lamp Eius,2,34906,0,69812.0,14777.1,Credit Card,0.0,69812.0,0.0,0.21166991348192288,2024,9,7,5,Fall
11188,2024-01-07,Amani Sabharwal,North,Amritsar,Books,Non-Fiction,Non-Fiction Ipsum,5,57791,0,288955.0,40433.92,Debit Card,0.0,288955.0,0.0,0.13993154643456593,2024,1,7,6,winter
11189,2024-02-26,Manikya Tella,North,Lucknow,Books,Textbook,Textbook Cum,5,24126,15,102535.5,17979.2,Net Banking,0.15,102535.5,0.0,0.1753460996435381,2024,2,26,0,winter
11190,2024-03-05,Tarini Kuruvilla,South,Bangalore,Sports,Tennis Racket,Tennis Racket Suscipit,3,21359,20,51261.6,6192.03,Net Banking,0.2,51261.600000000006,7.275957614183426e-12,0.12079275715155204,2024,3,5,1,Spring
11191,2024-11-19,Zoya Aurora,North,Lucknow,Home Decor,Vase,Vase Occaecati,5,12148,5,57703.0,10004.31,Credit Card,0.05,57703.0,0.0,0.1733759076651127,2024,11,19,1,Fall
11192,2024-09-22,Tara Chanda,East,Ranchi,Home Decor,Lamp,Lamp Totam,3,23208,15,59180.4,5772.78,Cod,0.15,59180.4,0.0,0.09754547113571384,2024,9,22,6,Fall
11193,2025-09-22,Ryan De,East,Ranchi,Kitchen,Cookware Set,Cookware Set Maiores,1,19909,5,18913.55,2259.66,Debit Card,0.05,18913.55,0.0,0.11947307618083332,2025,9,22,0,Fall
11194,2024-09-05,Mohanlal Roy,North,Delhi,Furniture,Table,Table Soluta,2,76443,15,129953.1,18030.42,Upi,0.15,129953.09999999999,1.4551915228366852e-11,0.13874559360261507,2024,9,5,3,Fall
11195,2023-12-30,Tejas Dara,North,Jaipur,Clothing,Accessories,Accessories Enim,1,32422,5,30800.9,3639.22,Net Banking,0.05,30800.899999999998,3.637978807091713e-12,0.11815304098256868,2023,12,30,5,winter
11196,2025-09-27,Divij Raj,East,Bhubaneswar,Kitchen,Cookware Set,Cookware Set Neque,2,60597,10,109074.6,18050.54,Cod,0.1,109074.6,0.0,0.16548802379289038,2025,9,27,5,Fall
11197,2024-05-23,Ehsaan Talwar,North,Chandigarh,Toys,Doll,Doll Error,2,71880,20,115008.0,24997.52,Credit Card,0.2,115008.0,0.0,0.21735461880912632,2024,5,23,3,Spring
11198,2024-02-10,Sara Sanghvi,West,Goa,Sports,Yoga Mat,Yoga Mat Aliquid,3,2465,20,5916.0,1167.71,Net Banking,0.2,5916.0,0.0,0.1973816768086545,2024,2,10,5,winter
11199,2024-07-05,Sana Raju,East,Kolkata,Books,Non-Fiction,Non-Fiction Error,1,38191,20,30552.8,5245.56,Cod,0.2,30552.800000000003,3.637978807091713e-12,0.17168835589536804,2024,7,5,4,Summer
11200,2025-02-11,Kismat Rau,West,Mumbai,Furniture,Chair,Chair Cumque,5,24539,10,110425.5,13001.74,Credit Card,0.1,110425.5,0.0,0.11774218817211604,2025,2,11,1,winter
11201,2024-08-17,Anahita Dasgupta,West,Ahmedabad,Groceries,Wheat,Wheat Possimus,5,9427,5,44778.25,4569.89,Upi,0.05,44778.25,0.0,0.1020560205010245,2024,8,17,5,Summer
11202,2023-12-14,Renee Talwar,West,Mumbai,Electronics,Camera,Camera Sit,3,66689,20,160053.6,24508.62,Credit Card,0.2,160053.6,0.0,0.15312757726161735,2023,12,14,3,winter
11203,2024-12-28,Kabir Srinivasan,North,Chandigarh,Furniture,Chair,Chair Repellendus,4,13734,10,49442.4,9561.05,Credit Card,0.1,49442.4,0.0,0.19337754639742405,2024,12,28,5,winter
11204,2025-05-18,Ira Dash,South,Bangalore,Toys,Doll,Doll Ab,3,35732,10,96476.4,16942.74,Debit Card,0.1,96476.40000000001,1.4551915228366852e-11,0.17561538365859425,2025,5,18,6,Spring
11205,2024-10-08,Miraan Chokshi,North,Jaipur,Home Decor,Vase,Vase Ducimus,3,4037,20,9688.8,1864.06,Credit Card,0.2,9688.800000000001,1.8189894035458565e-12,0.19239327883742052,2024,10,8,1,Fall
11206,2024-03-11,Aaina Chandran,East,Bhubaneswar,Electronics,Headphones,Headphones A,3,15350,5,43747.5,8556.76,Upi,0.05,43747.5,0.0,0.19559426252928738,2024,3,11,0,Spring
11207,2023-10-16,Kiara Sarkar,North,Delhi,Beauty,Perfume,Perfume Fugiat,2,38626,20,61801.6,12862.56,Upi,0.2,61801.600000000006,7.275957614183426e-12,0.20812665044270698,2023,10,16,0,Fall
11208,2024-05-02,Ojas Konda,East,Kolkata,Sports,Dumbbells,Dumbbells Cum,1,67700,20,54160.0,7072.49,Upi,0.2,54160.0,0.0,0.13058511816838994,2024,5,2,3,Spring
11209,2025-05-22,Dhruv Lad,West,Pune,Electronics,Smartwatch,Smartwatch Necessitatibus,3,63256,0,189768.0,44301.36,Credit Card,0.0,189768.0,0.0,0.23345010749968384,2025,5,22,3,Spring
11210,2025-06-23,Chirag Karan,West,Pune,Toys,Rc Car,RC Car Totam,4,43927,10,158137.2,22593.71,Debit Card,0.1,158137.2,0.0,0.14287409919993524,2025,6,23,0,Summer
11211,2024-12-24,Suhana Bala,North,Amritsar,Kitchen,Cookware Set,Cookware Set Commodi,1,10891,5,10346.45,1096.09,Cod,0.05,10346.449999999999,1.8189894035458565e-12,0.10593875193907087,2024,12,24,1,winter
11212,2024-04-22,Riaan Rajagopal,East,Bhubaneswar,Kitchen,Refrigerator,Refrigerator Tempore,3,63114,0,189342.0,32965.52,Cod,0.0,189342.0,0.0,0.1741056923450687,2024,4,22,0,Spring
11213,2024-05-20,Aradhya Sane,North,Delhi,Clothing,Kids Wear,Kids Wear Harum,1,18112,15,15395.2,3538.69,Debit Card,0.15,15395.199999999999,1.8189894035458565e-12,0.22985670858449386,2024,5,20,0,Spring
11214,2024-09-09,Badal Banik,East,Patna,Electronics,Smartwatch,Smartwatch Neque,2,18606,20,29769.6,4563.5,Debit Card,0.2,29769.600000000002,3.637978807091713e-12,0.15329396431258735,2024,9,9,0,Fall
11215,2024-01-22,Alisha Tata,West,Goa,Books,Comics,Comics Illo,4,7591,10,27327.6,4109.63,Debit Card,0.1,27327.600000000002,3.637978807091713e-12,0.1503838610049913,2024,1,22,0,winter
11216,2025-01-12,Gokul Bora,North,Amritsar,Clothing,Kids Wear,Kids Wear Nobis,1,64517,10,58065.3,6649.68,Upi,0.1,58065.3,0.0,0.11452072063693806,2025,1,12,6,winter
11217,2025-06-07,Dishani Tiwari,South,Thiruvananthapuram,Kitchen,Cookware Set,Cookware Set Ea,3,34872,0,104616.0,23985.99,Upi,0.0,104616.0,0.0,0.2292764969029594,2025,6,7,5,Summer
11218,2023-10-30,Reyansh Bassi,South,Coimbatore,Kitchen,Refrigerator,Refrigerator Cumque,5,68467,0,342335.0,20449.81,Upi,0.0,342335.0,0.0,0.05973625250120496,2023,10,30,0,Fall
11219,2024-02-16,Biju Sur,South,Coimbatore,Sports,Football,Football Dolore,2,44464,0,88928.0,6803.49,Cod,0.0,88928.0,0.0,0.07650560003598417,2024,2,16,4,winter
11220,2024-12-31,Renee Gole,West,Mumbai,Electronics,Camera,Camera Tempora,1,34220,20,27376.0,6620.01,Net Banking,0.2,27376.0,0.0,0.24181801578024548,2024,12,31,1,winter
11221,2024-10-07,Shanaya Kant,West,Mumbai,Home Decor,Vase,Vase Ullam,1,26431,15,22466.35,1244.25,Upi,0.15,22466.35,0.0,0.05538282809624172,2024,10,7,0,Fall
11222,2025-07-20,Shlok Thakkar,North,Jaipur,Furniture,Sofa,Sofa Sed,3,32377,0,97131.0,11165.69,Cod,0.0,97131.0,0.0,0.11495495773748855,2025,7,20,6,Summer
11223,2024-01-13,Jiya Mammen,North,Delhi,Furniture,Bed,Bed Culpa,1,12016,10,10814.4,641.61,Cod,0.1,10814.4,0.0,0.0593292276964048,2024,1,13,5,winter
11224,2024-02-17,Darshit Wali,West,Goa,Kitchen,Cookware Set,Cookware Set In,3,8027,5,22876.95,4882.74,Cod,0.05,22876.95,0.0,0.21343492030187589,2024,2,17,5,winter
11225,2024-04-14,Kartik Dayal,North,Jaipur,Home Decor,Clock,Clock Voluptates,2,36054,5,68502.6,16746.83,Credit Card,0.05,68502.59999999999,1.4551915228366852e-11,0.24446999092005267,2024,4,14,6,Spring
11226,2024-01-21,Rohan Karnik,East,Ranchi,Home Decor,Vase,Vase Enim,5,19221,15,81689.25,4493.85,Net Banking,0.15,81689.25,0.0,0.055011522323928794,2024,1,21,6,winter
11227,2025-02-14,Priyansh Barman,South,Chennai,Electronics,Laptop,Laptop Magnam,1,53001,0,53001.0,7914.39,Credit Card,0.0,53001.0,0.0,0.1493252957491368,2025,2,14,4,winter
11228,2024-08-16,Rohan Dayal,West,Ahmedabad,Home Decor,Wall Art,Wall Art Ipsa,1,40814,0,40814.0,7510.69,Upi,0.0,40814.0,0.0,0.18402239427647374,2024,8,16,4,Summer
11229,2024-06-29,Jiya Agarwal,South,Bangalore,Clothing,Shoes,Shoes Neque,2,71859,20,114974.4,7335.38,Cod,0.2,114974.40000000001,1.4551915228366852e-11,0.06380011550397306,2024,6,29,5,Summer
11230,2024-07-05,Divit Date,South,Chennai,Sports,Tennis Racket,Tennis Racket Quod,4,42753,15,145360.2,19340.21,Upi,0.15,145360.19999999998,2.9103830456733704e-11,0.13305024346416694,2024,7,5,4,Summer
11231,2023-10-20,Madhup Dasgupta,East,Kolkata,Sports,Cricket Bat,Cricket Bat Cum,4,31285,15,106369.0,16821.06,Cod,0.15,106369.0,0.0,0.15813874343088682,2023,10,20,4,Fall
11232,2024-10-12,Nirvi Sharma,North,Amritsar,Furniture,Bed,Bed Natus,3,66377,20,159304.8,28378.16,Cod,0.2,159304.80000000002,2.9103830456733704e-11,0.17813750746995696,2024,10,12,5,Fall
11233,2024-12-06,Krish Ghosh,East,Guwahati,Sports,Cricket Bat,Cricket Bat Cumque,1,41325,10,37192.5,4467.92,Upi,0.1,37192.5,0.0,0.1201295960207031,2024,12,6,4,winter
11234,2025-08-16,Prerak Jha,North,Lucknow,Books,Biography,Biography Sequi,5,71204,5,338219.0,74570.86,Net Banking,0.05,338219.0,0.0,0.22048099012769834,2025,8,16,5,Summer
11235,2025-08-03,Eva Brar,East,Bhubaneswar,Electronics,Smartwatch,Smartwatch Corrupti,5,76499,10,344245.5,71278.79,Net Banking,0.1,344245.5,0.0,0.20705801528269793,2025,8,3,6,Summer
11236,2024-08-27,Nayantara Sura,West,Ahmedabad,Kitchen,Microwave,Microwave Provident,4,15315,10,55134.0,8566.21,Debit Card,0.1,55134.0,0.0,0.15537073312293684,2024,8,27,1,Summer
11237,2025-07-15,Shayak Verma,South,Coimbatore,Kitchen,Microwave,Microwave Eveniet,2,11094,10,19969.2,4050.75,Cod,0.1,19969.2,0.0,0.20284988882879634,2025,7,15,1,Summer
11238,2024-09-15,Ayesha Sibal,West,Pune,Home Decor,Wall Art,Wall Art Voluptate,2,37711,0,75422.0,3784.17,Net Banking,0.0,75422.0,0.0,0.05017329161252685,2024,9,15,6,Fall
11239,2024-05-11,Shray Amble,East,Guwahati,Toys,Board Game,Board Game Eveniet,4,30120,20,96384.0,6183.22,Upi,0.2,96384.0,0.0,0.0641519339309429,2024,5,11,5,Spring
11240,2025-02-07,Indranil Banik,West,Mumbai,Electronics,Laptop,Laptop Deleniti,3,1789,15,4561.95,782.34,Cod,0.15,4561.95,0.0,0.17149245388485188,2025,2,7,4,winter
11241,2025-03-27,Kabir Ratta,South,Thiruvananthapuram,Furniture,Sofa,Sofa Adipisci,2,27120,0,54240.0,3084.99,Upi,0.0,54240.0,0.0,0.05687665929203539,2025,3,27,3,Spring
11242,2024-09-04,Nitya Chowdhury,East,Kolkata,Groceries,Spices,Spices Tenetur,4,13276,0,53104.0,4194.64,Credit Card,0.0,53104.0,0.0,0.07898915335944562,2024,9,4,2,Fall
11243,2024-07-08,Kabir Sastry,South,Thiruvananthapuram,Beauty,Perfume,Perfume Debitis,3,1578,15,4023.9,866.73,Net Banking,0.15,4023.9,0.0,0.21539551181689406,2024,7,8,0,Summer
11244,2024-05-22,Vivaan Kumer,East,Bhubaneswar,Kitchen,Juicer,Juicer Delectus,5,16068,15,68289.0,11639.76,Upi,0.15,68289.0,0.0,0.17044853490313228,2024,5,22,2,Spring
11245,2024-08-28,Vedika Tank,North,Lucknow,Sports,Cricket Bat,Cricket Bat Facilis,4,37969,10,136688.4,26268.67,Net Banking,0.1,136688.4,0.0,0.1921792193046374,2024,8,28,2,Summer
11246,2025-03-11,Armaan Sibal,South,Coimbatore,Home Decor,Lamp,Lamp Omnis,4,41958,10,151048.8,8095.62,Credit Card,0.1,151048.80000000002,2.9103830456733704e-11,0.053596056373834154,2025,3,11,1,Spring
11247,2025-04-29,Amira Chandran,South,Bangalore,Electronics,Laptop,Laptop Porro,3,79414,10,214417.8,20422.84,Debit Card,0.1,214417.80000000002,2.9103830456733704e-11,0.09524787587597672,2025,4,29,1,Spring
11248,2024-11-27,Abram Mani,North,Chandigarh,Sports,Football,Football Architecto,4,56787,15,193075.8,18580.58,Cod,0.15,193075.8,0.0,0.09623463945248448,2024,11,27,2,Fall
11249,2024-06-26,Rasha Dar,North,Jaipur,Kitchen,Juicer,Juicer Quis,4,15661,5,59511.8,4290.49,Net Banking,0.05,59511.799999999996,7.275957614183426e-12,0.07209477784237747,2024,6,26,2,Summer
11250,2024-04-08,Krish Gulati,West,Goa,Beauty,Foundation,Foundation Velit,4,55121,15,187411.4,36536.59,Credit Card,0.15,187411.4,0.0,0.19495393556635293,2024,4,8,0,Spring
11251,2025-05-23,Aaryahi Bhatia,West,Mumbai,Furniture,Chair,Chair Voluptatum,4,57942,15,197002.8,32957.34,Cod,0.15,197002.8,0.0,0.1672937643525879,2025,5,23,4,Spring
11252,2025-09-24,Ivana Saraf,West,Ahmedabad,Kitchen,Refrigerator,Refrigerator Ipsa,3,22966,0,68898.0,10901.64,Net Banking,0.0,68898.0,0.0,0.1582286858834799,2025,9,24,2,Fall
11253,2023-10-26,Divyansh Sarraf,North,Jaipur,Toys,Action Figure,Action Figure Iure,3,43825,15,111753.75,7213.9,Credit Card,0.15,111753.75,0.0,0.06455174882274643,2023,10,26,3,Fall
11254,2025-08-03,Manikya Halder,West,Pune,Electronics,Headphones,Headphones Corporis,5,19186,5,91133.5,9314.46,Credit Card,0.05,91133.5,0.0,0.10220676260650582,2025,8,3,6,Summer
11255,2024-08-24,Ritvik Kapadia,East,Guwahati,Sports,Dumbbells,Dumbbells Est,3,52078,20,124987.2,11868.47,Net Banking,0.2,124987.20000000001,1.4551915228366852e-11,0.09495748364632538,2024,8,24,5,Summer
11256,2024-09-23,Anya Dua,South,Coimbatore,Groceries,Oil,Oil Iusto,4,49022,5,186283.6,39618.09,Net Banking,0.05,186283.6,0.0,0.2126762098220133,2024,9,23,0,Fall
11257,2024-04-15,Charvi Gokhale,West,Surat,Kitchen,Cookware Set,Cookware Set Hic,1,28684,20,22947.2,4436.45,Cod,0.2,22947.2,0.0,0.1933329556547204,2024,4,15,0,Spring
11258,2024-06-13,Nakul Sura,East,Patna,Home Decor,Lamp,Lamp Molestiae,4,67475,5,256405.0,59425.58,Upi,0.05,256405.0,0.0,0.23176451317252003,2024,6,13,3,Summer
11259,2023-10-11,Nayantara Majumdar,East,Patna,Sports,Football,Football Nostrum,5,29646,0,148230.0,9688.02,Net Banking,0.0,148230.0,0.0,0.06535802469135803,2023,10,11,2,Fall
11260,2024-06-15,Jhanvi Chaudhuri,North,Chandigarh,Furniture,Cabinet,Cabinet Quaerat,3,43133,10,116459.1,19989.21,Credit Card,0.1,116459.1,0.0,0.17164146039253264,2024,6,15,5,Summer
11261,2024-08-06,Samaira Gara,South,Bangalore,Beauty,Perfume,Perfume Porro,5,27702,10,124659.0,26106.42,Upi,0.1,124659.0,0.0,0.20942266503020238,2024,8,6,1,Summer
11262,2023-11-11,Saanvi Konda,North,Chandigarh,Home Decor,Cushion,Cushion Quos,4,456,10,1641.6,198.27,Net Banking,0.1,1641.6000000000001,2.2737367544323206e-13,0.12077850877192983,2023,11,11,5,Fall
11263,2024-08-31,Jiya Tella,East,Kolkata,Kitchen,Mixer Grinder,Mixer Grinder Aliquid,1,79297,0,79297.0,10225.74,Upi,0.0,79297.0,0.0,0.1289549415488606,2024,8,31,5,Summer
11264,2024-11-10,Piya Sura,North,Chandigarh,Kitchen,Refrigerator,Refrigerator Minima,2,55685,5,105801.5,24399.43,Upi,0.05,105801.5,0.0,0.23061516141075505,2024,11,10,6,Fall
11265,2025-01-07,Amira Gupta,East,Ranchi,Kitchen,Microwave,Microwave Ad,1,8039,20,6431.2,803.22,Net Banking,0.2,6431.200000000001,9.094947017729282e-13,0.12489426545590249,2025,1,7,1,winter
11266,2024-11-13,Pihu Chana,North,Jaipur,Home Decor,Wall Art,Wall Art Reprehenderit,2,22703,20,36324.8,3116.14,Upi,0.2,36324.8,0.0,0.08578546888076465,2024,11,13,2,Fall
11267,2024-02-04,Saira Dara,West,Mumbai,Clothing,Shoes,Shoes At,2,39004,20,62406.4,9123.67,Credit Card,0.2,62406.4,0.0,0.14619766562403855,2024,2,4,6,winter
11268,2025-08-19,Divit Kumar,East,Ranchi,Books,Textbook,Textbook Labore,3,47015,5,133992.75,11478.75,Upi,0.05,133992.75,0.0,0.08566694839832752,2025,8,19,1,Summer
11269,2024-09-27,Kashvi Kapoor,West,Mumbai,Electronics,Mobile,Mobile Dolorem,1,30002,20,24001.6,3933.68,Upi,0.2,24001.600000000002,3.637978807091713e-12,0.16389240717285514,2024,9,27,4,Fall
11270,2024-07-03,Shaan Dube,North,Chandigarh,Sports,Yoga Mat,Yoga Mat Eaque,1,14626,15,12432.1,1605.82,Cod,0.15,12432.1,0.0,0.1291672364282784,2024,7,3,2,Summer
11271,2024-01-01,Jayant Dugar,North,Lucknow,Furniture,Table,Table Laudantium,5,29488,0,147440.0,23444.45,Debit Card,0.0,147440.0,0.0,0.1590101058057515,2024,1,1,0,winter
11272,2024-05-30,Vihaan Salvi,North,Chandigarh,Kitchen,Cookware Set,Cookware Set Voluptatem,3,28862,15,73598.1,6355.73,Net Banking,0.15,73598.09999999999,1.4551915228366852e-11,0.08635725650526303,2024,5,30,3,Spring
11273,2025-05-11,Ryan Goswami,East,Patna,Groceries,Sugar,Sugar Iste,4,3967,15,13487.8,3316.26,Upi,0.15,13487.8,0.0,0.24587108349767942,2025,5,11,6,Spring
11274,2023-12-10,Drishya Doshi,East,Bhubaneswar,Beauty,Perfume,Perfume Aspernatur,4,27946,0,111784.0,12439.05,Credit Card,0.0,111784.0,0.0,0.11127755313819508,2023,12,10,6,winter
11275,2025-01-01,Ojas Chakraborty,North,Chandigarh,Groceries,Sugar,Sugar Quam,1,55905,20,44724.0,11011.43,Debit Card,0.2,44724.0,0.0,0.24620852338789018,2025,1,1,2,winter
11276,2025-08-12,Farhan Bajaj,West,Pune,Kitchen,Microwave,Microwave Quas,1,38764,15,32949.4,2584.71,Debit Card,0.15,32949.4,0.0,0.07844482752341468,2025,8,12,1,Summer
11277,2025-08-14,Prisha Yohannan,South,Hyderabad,Clothing,Women'S Wear,Women's Wear Perspiciatis,5,15036,10,67662.0,6107.12,Credit Card,0.1,67662.0,0.0,0.09025922970057049,2025,8,14,3,Summer
11278,2024-02-25,Aradhya Rout,South,Bangalore,Beauty,Shampoo,Shampoo Molestiae,2,66296,15,112703.2,27945.83,Debit Card,0.15,112703.2,0.0,0.2479595078045699,2024,2,25,6,winter
11279,2024-09-18,Madhup Sem,East,Ranchi,Toys,Rc Car,RC Car Qui,5,27902,10,125559.0,20223.06,Debit Card,0.1,125559.0,0.0,0.16106420089360382,2024,9,18,2,Fall
11280,2024-03-20,Inaaya  Mannan,North,Lucknow,Sports,Cricket Bat,Cricket Bat Ullam,4,16273,20,52073.6,6809.53,Debit Card,0.2,52073.600000000006,7.275957614183426e-12,0.1307674138142936,2024,3,20,2,Spring
11281,2024-06-13,Indranil Suresh,South,Hyderabad,Toys,Puzzle,Puzzle Perspiciatis,4,78241,0,312964.0,26867.45,Credit Card,0.0,312964.0,0.0,0.0858483723367544,2024,6,13,3,Summer
11282,2024-12-20,Madhup Banerjee,West,Surat,Toys,Rc Car,RC Car Nihil,5,55215,5,262271.25,60529.81,Net Banking,0.05,262271.25,0.0,0.23079087013921654,2024,12,20,4,winter
11283,2025-02-14,Ranbir Shenoy,East,Kolkata,Electronics,Laptop,Laptop Repudiandae,4,25647,10,92329.2,11027.3,Upi,0.1,92329.2,0.0,0.1194345884075677,2025,2,14,4,winter
11284,2024-11-25,Ehsaan Mahal,West,Pune,Kitchen,Cookware Set,Cookware Set A,4,52353,10,188470.8,33416.79,Upi,0.1,188470.80000000002,2.9103830456733704e-11,0.17730486632412026,2024,11,25,0,Fall
11285,2024-10-01,Taimur Dewan,West,Goa,Furniture,Bed,Bed Tenetur,2,39647,5,75329.3,15386.06,Net Banking,0.05,75329.3,0.0,0.20425067005799866,2024,10,1,1,Fall
11286,2023-12-31,Yasmin Sankar,South,Chennai,Furniture,Bed,Bed Soluta,3,31790,20,76296.0,8592.07,Net Banking,0.2,76296.0,0.0,0.11261494704833805,2023,12,31,6,winter
11287,2025-04-08,Rati Thaker,South,Hyderabad,Groceries,Wheat,Wheat Temporibus,2,35707,15,60701.9,10337.93,Credit Card,0.15,60701.9,0.0,0.1703065307675707,2025,4,8,1,Spring
11288,2025-09-01,Stuvan Tiwari,North,Lucknow,Beauty,Lipstick,Lipstick Voluptate,3,30776,5,87711.6,16777.27,Debit Card,0.05,87711.59999999999,1.4551915228366852e-11,0.19127766452783895,2025,9,1,0,Fall
11289,2024-05-11,Raghav Yogi,West,Goa,Kitchen,Cookware Set,Cookware Set Consequatur,4,46347,0,185388.0,21047.84,Credit Card,0.0,185388.0,0.0,0.11353399357024187,2024,5,11,5,Spring
11290,2024-11-06,Abram Sura,West,Ahmedabad,Sports,Cricket Bat,Cricket Bat Iure,3,53954,0,161862.0,21216.11,Credit Card,0.0,161862.0,0.0,0.13107529871124785,2024,11,6,2,Fall
11291,2025-08-29,Ishaan Bhatnagar,South,Thiruvananthapuram,Groceries,Wheat,Wheat Doloremque,3,21273,20,51055.2,10598.53,Credit Card,0.2,51055.200000000004,7.275957614183426e-12,0.20758962848054657,2025,8,29,4,Summer
11292,2025-09-28,Vidur Hans,West,Surat,Toys,Rc Car,RC Car Tempora,2,55763,15,94797.1,14126.94,Upi,0.15,94797.09999999999,1.4551915228366852e-11,0.14902291314818703,2025,9,28,6,Fall
11293,2024-05-26,Divij Kamdar,East,Guwahati,Books,Comics,Comics Dignissimos,4,57031,15,193905.4,17820.36,Credit Card,0.15,193905.4,0.0,0.09190234000703436,2024,5,26,6,Spring
11294,2024-12-29,Dishani Sane,East,Bhubaneswar,Electronics,Laptop,Laptop Voluptatem,4,64662,0,258648.0,33868.65,Net Banking,0.0,258648.0,0.0,0.1309449522130463,2024,12,29,6,winter
11295,2024-03-22,Nitya Chatterjee,South,Coimbatore,Home Decor,Cushion,Cushion Deserunt,1,39720,20,31776.0,5637.75,Debit Card,0.2,31776.0,0.0,0.17742163897280966,2024,3,22,4,Spring
11296,2024-08-07,Zaina Sastry,North,Amritsar,Clothing,Men'S Wear,Men's Wear Voluptates,2,75270,0,150540.0,31539.13,Cod,0.0,150540.0,0.0,0.20950664275275674,2024,8,7,2,Summer
11297,2025-08-26,Jhanvi Sidhu,West,Pune,Books,Comics,Comics Debitis,4,19187,15,65235.8,4736.87,Credit Card,0.15,65235.799999999996,7.275957614183426e-12,0.07261151085753527,2025,8,26,1,Summer
11298,2025-09-23,Shray Seth,North,Chandigarh,Sports,Yoga Mat,Yoga Mat Ipsam,5,22158,0,110790.0,8082.14,Credit Card,0.0,110790.0,0.0,0.07295008574781117,2025,9,23,1,Fall
11299,2024-01-01,Ela Wadhwa,South,Thiruvananthapuram,Books,Comics,Comics Nostrum,2,33681,0,67362.0,9850.54,Net Banking,0.0,67362.0,0.0,0.14623289094741843,2024,1,1,0,winter
11300,2025-05-21,Nirvaan Ramanathan,South,Thiruvananthapuram,Clothing,Kids Wear,Kids Wear Ipsam,5,32102,5,152484.5,16563.9,Upi,0.05,152484.5,0.0,0.10862677845944999,2025,5,21,2,Spring
11301,2025-08-09,Kiara Dani,West,Surat,Furniture,Cabinet,Cabinet Aliquid,4,69025,5,262295.0,43946.95,Credit Card,0.05,262295.0,0.0,0.16754779923368726,2025,8,9,5,Summer
11302,2025-06-05,Riaan Malhotra,North,Amritsar,Home Decor,Clock,Clock Excepturi,2,29802,0,59604.0,5941.58,Debit Card,0.0,59604.0,0.0,0.0996842493792363,2025,6,5,3,Summer
11303,2025-02-27,Dishani Thaman,East,Bhubaneswar,Beauty,Face Cream,Face Cream Dolorum,4,70931,15,241165.4,40413.38,Credit Card,0.15,241165.4,0.0,0.16757536528871886,2025,2,27,3,winter
11304,2025-04-01,Dhanush Thaker,South,Bangalore,Toys,Action Figure,Action Figure Qui,2,1129,0,2258.0,437.78,Debit Card,0.0,2258.0,0.0,0.19387953941541186,2025,4,1,1,Spring
11305,2024-01-20,Kavya Sangha,North,Chandigarh,Furniture,Cabinet,Cabinet Quo,2,75247,0,150494.0,27592.81,Upi,0.0,150494.0,0.0,0.18334823979693543,2024,1,20,5,winter
11306,2024-07-27,Arhaan Dalal,South,Bangalore,Groceries,Oil,Oil Hic,1,38320,10,34488.0,6757.01,Cod,0.1,34488.0,0.0,0.19592350962653676,2024,7,27,5,Summer
11307,2025-03-04,Nitara Singhal,West,Ahmedabad,Clothing,Shoes,Shoes Iusto,2,53249,20,85198.4,11263.07,Debit Card,0.2,85198.40000000001,1.4551915228366852e-11,0.1321981398711713,2025,3,4,1,Spring
11308,2024-04-23,Vanya Choudhury,North,Delhi,Beauty,Lipstick,Lipstick Atque,3,46270,20,111048.0,10218.39,Upi,0.2,111048.0,0.0,0.09201777609682299,2024,4,23,1,Spring
11309,2025-05-29,Aradhya Atwal,West,Pune,Home Decor,Clock,Clock Beatae,4,27248,5,103542.4,12563.32,Debit Card,0.05,103542.4,0.0,0.12133502796921841,2025,5,29,3,Spring
11310,2024-09-21,Kartik Goyal,East,Guwahati,Furniture,Sofa,Sofa Ducimus,2,36932,5,70170.8,17213.64,Credit Card,0.05,70170.8,0.0,0.24531058502967043,2024,9,21,5,Fall
11311,2024-08-20,Emir Tak,West,Surat,Groceries,Spices,Spices Consectetur,5,18389,0,91945.0,10926.62,Cod,0.0,91945.0,0.0,0.1188386535428789,2024,8,20,1,Summer
11312,2023-11-05,Raunak Sankar,South,Bangalore,Clothing,Women'S Wear,Women's Wear Alias,5,14946,20,59784.0,12405.11,Debit Card,0.2,59784.0,0.0,0.2074988291181587,2023,11,5,6,Fall
11313,2025-03-04,Yashvi Gade,West,Pune,Groceries,Spices,Spices Quam,4,9616,0,38464.0,7110.4,Upi,0.0,38464.0,0.0,0.18485856905158068,2025,3,4,1,Spring
11314,2023-10-21,Amani Madan,North,Chandigarh,Beauty,Lipstick,Lipstick Amet,1,79998,10,71998.2,5443.8,Credit Card,0.1,71998.2,0.0,0.07561022358892307,2023,10,21,5,Fall
11315,2025-03-25,Raunak Badami,North,Chandigarh,Home Decor,Clock,Clock Repellendus,4,58740,20,187968.0,44491.13,Net Banking,0.2,187968.0,0.0,0.23669523535921005,2025,3,25,1,Spring
11316,2024-12-07,Piya Rout,East,Kolkata,Groceries,Oil,Oil Illo,2,25518,0,51036.0,4992.62,Cod,0.0,51036.0,0.0,0.09782545654048122,2024,12,7,5,winter
11317,2024-05-11,Anvi Sehgal,North,Delhi,Beauty,Face Cream,Face Cream Voluptatum,5,34673,10,156028.5,23506.05,Credit Card,0.1,156028.5,0.0,0.1506522846787606,2024,5,11,5,Spring
11318,2023-12-15,Baiju Goel,West,Ahmedabad,Sports,Yoga Mat,Yoga Mat Suscipit,3,70082,15,178709.1,14873.82,Cod,0.15,178709.1,0.0,0.08322922559623433,2023,12,15,4,winter
11319,2024-10-14,Himmat Ratta,South,Chennai,Books,Textbook,Textbook Totam,3,18201,0,54603.0,7129.22,Debit Card,0.0,54603.0,0.0,0.1305646209915206,2024,10,14,0,Fall
11320,2025-05-18,Sara Sidhu,East,Kolkata,Books,Non-Fiction,Non-Fiction Rem,4,59487,10,214153.2,44895.67,Cod,0.1,214153.2,0.0,0.20964276975548343,2025,5,18,6,Spring
11321,2024-02-02,Drishya Bahl,North,Lucknow,Sports,Cricket Bat,Cricket Bat Ratione,4,47183,0,188732.0,29552.34,Cod,0.0,188732.0,0.0,0.15658362121950703,2024,2,2,4,winter
11322,2024-03-21,Heer Cheema,West,Mumbai,Toys,Doll,Doll Sit,1,17904,0,17904.0,2671.04,Credit Card,0.0,17904.0,0.0,0.14918677390527257,2024,3,21,3,Spring
11323,2024-04-14,Siya Ahuja,South,Hyderabad,Books,Fiction,Fiction Accusamus,3,72148,0,216444.0,15676.05,Upi,0.0,216444.0,0.0,0.07242543105838,2024,4,14,6,Spring
11324,2023-12-04,Shaan Brahmbhatt,East,Ranchi,Clothing,Women'S Wear,Women's Wear Sequi,5,60301,10,271354.5,29546.39,Debit Card,0.1,271354.5,0.0,0.10888483515106623,2023,12,4,0,winter
11325,2025-01-26,Stuvan Krish,North,Jaipur,Beauty,Foundation,Foundation Excepturi,3,57840,5,164844.0,38325.73,Net Banking,0.05,164844.0,0.0,0.23249696682924464,2025,1,26,6,winter
11326,2024-12-02,Sahil Deshpande,South,Chennai,Groceries,Rice,Rice Officia,4,3166,20,10131.2,758.31,Credit Card,0.2,10131.2,0.0,0.07484898136449777,2024,12,2,0,winter
11327,2024-05-22,Vanya Sekhon,North,Lucknow,Books,Comics,Comics Nulla,2,60662,5,115257.8,13502.63,Net Banking,0.05,115257.79999999999,1.4551915228366852e-11,0.11715155069765343,2024,5,22,2,Spring
11328,2024-05-14,Prerak Sarkar,West,Surat,Clothing,Kids Wear,Kids Wear Nostrum,5,36207,20,144828.0,19373.73,Credit Card,0.2,144828.0,0.0,0.13377061065539814,2024,5,14,1,Spring
11329,2024-09-06,Trisha Dugar,North,Amritsar,Books,Textbook,Textbook Quae,2,38918,5,73944.2,14106.37,Debit Card,0.05,73944.2,0.0,0.19077047287008314,2024,9,6,4,Fall
11330,2024-02-05,Rati Karan,East,Patna,Books,Textbook,Textbook Quo,5,35494,10,159723.0,21166.83,Net Banking,0.1,159723.0,0.0,0.13252211641404182,2024,2,5,0,winter
11331,2024-08-15,Renee Dhar,West,Surat,Books,Biography,Biography Animi,5,23933,5,113681.75,17312.94,Cod,0.05,113681.75,0.0,0.15229304615736475,2024,8,15,3,Summer
11332,2024-11-17,Krish Subramaniam,North,Delhi,Groceries,Rice,Rice Doloremque,5,18658,20,74632.0,14566.03,Credit Card,0.2,74632.0,0.0,0.1951713742094544,2024,11,17,6,Fall
11333,2025-05-16,Adah D鈥橝Lia,West,Goa,Clothing,Kids Wear,Kids Wear Iste,3,41018,0,123054.0,8004.32,Credit Card,0.0,123054.0,0.0,0.06504721504380191,2025,5,16,4,Spring
11334,2025-08-29,Rhea Savant,North,Jaipur,Beauty,Perfume,Perfume Minus,3,21252,20,51004.8,4226.24,Credit Card,0.2,51004.8,0.0,0.08285965242486981,2025,8,29,4,Summer
11335,2024-10-05,Sahil Srivastava,North,Amritsar,Groceries,Wheat,Wheat Ullam,2,38122,0,76244.0,17850.18,Cod,0.0,76244.0,0.0,0.23411914380147947,2024,10,5,5,Fall
11336,2024-07-03,Inaaya  Zacharia,North,Chandigarh,Beauty,Shampoo,Shampoo Voluptatem,3,65725,15,167598.75,16849.96,Net Banking,0.15,167598.75,0.0,0.1005375040088306,2024,7,3,2,Summer
11337,2025-06-18,Elakshi Suresh,South,Hyderabad,Kitchen,Cookware Set,Cookware Set Corporis,1,60692,0,60692.0,12144.4,Upi,0.0,60692.0,0.0,0.2000988598167798,2025,6,18,2,Summer
11338,2025-01-27,Anahita Halder,West,Goa,Sports,Cricket Bat,Cricket Bat Dignissimos,1,37181,0,37181.0,7137.9,Cod,0.0,37181.0,0.0,0.19197708507033162,2025,1,27,0,winter
11339,2025-02-08,Miraya Trivedi,East,Kolkata,Home Decor,Cushion,Cushion Velit,5,21701,15,92229.25,5253.64,Cod,0.15,92229.25,0.0,0.056962839879973005,2025,2,8,5,winter
11340,2024-12-29,Anya Sagar,East,Patna,Toys,Puzzle,Puzzle Hic,2,40032,5,76060.8,7298.68,Upi,0.05,76060.8,0.0,0.0959584963608061,2024,12,29,6,winter
11341,2024-01-02,Arhaan Bhatnagar,West,Ahmedabad,Beauty,Shampoo,Shampoo Vero,1,6543,0,6543.0,424.27,Net Banking,0.0,6543.0,0.0,0.0648433440317897,2024,1,2,1,winter
11342,2024-06-02,Fateh Khanna,North,Amritsar,Beauty,Perfume,Perfume Itaque,4,59012,0,236048.0,19600.82,Cod,0.0,236048.0,0.0,0.08303743306446146,2024,6,2,6,Summer
11343,2024-11-26,Yuvraj  Madan,North,Chandigarh,Toys,Rc Car,RC Car Exercitationem,4,13363,15,45434.2,9134.44,Cod,0.15,45434.2,0.0,0.20104766893661605,2024,11,26,1,Fall
11344,2024-09-11,Kartik Bedi,West,Mumbai,Kitchen,Refrigerator,Refrigerator Aliquam,3,48616,20,116678.4,14084.13,Credit Card,0.2,116678.40000000001,1.4551915228366852e-11,0.12070897441171631,2024,9,11,2,Fall
11345,2025-04-06,Indranil Handa,West,Goa,Books,Fiction,Fiction Eaque,1,26132,0,26132.0,2268.91,Upi,0.0,26132.0,0.0,0.08682496555946731,2025,4,6,6,Spring
11346,2024-05-03,Zaina Kadakia,West,Pune,Home Decor,Lamp,Lamp Veritatis,5,61732,10,277794.0,35313.13,Cod,0.1,277794.0,0.0,0.12711984420109865,2024,5,3,4,Spring
11347,2024-08-17,Vardaniya Sethi,East,Guwahati,Books,Biography,Biography Repellat,3,12256,10,33091.2,2875.01,Credit Card,0.1,33091.200000000004,7.275957614183426e-12,0.0868814065370854,2024,8,17,5,Summer
11348,2024-10-28,Siya Hora,North,Jaipur,Furniture,Chair,Chair Vero,4,2901,15,9863.4,1198.77,Cod,0.15,9863.4,0.0,0.12153719812640672,2024,10,28,0,Fall
11349,2025-01-23,Shlok Bajwa,West,Ahmedabad,Clothing,Accessories,Accessories Eligendi,1,28655,10,25789.5,5686.13,Net Banking,0.1,25789.5,0.0,0.2204823668547277,2025,1,23,3,winter
11350,2025-06-01,Siya Chad,South,Thiruvananthapuram,Toys,Doll,Doll Dignissimos,2,16766,20,26825.6,6020.63,Cod,0.2,26825.600000000002,3.637978807091713e-12,0.2244359865203388,2025,6,1,6,Summer
11351,2025-01-20,Vardaniya Master,North,Jaipur,Furniture,Bed,Bed Tenetur,4,74890,0,299560.0,30319.01,Credit Card,0.0,299560.0,0.0,0.10121181065562825,2025,1,20,0,winter
11352,2024-12-30,Stuvan Apte,North,Delhi,Furniture,Sofa,Sofa Tempora,5,78400,15,333200.0,72215.26,Cod,0.15,333200.0,0.0,0.21673247298919565,2024,12,30,0,winter
11353,2024-02-26,Ranbir Kara,North,Chandigarh,Toys,Doll,Doll Quae,3,53443,5,152312.55,8913.05,Debit Card,0.05,152312.55,0.0,0.058518158877912556,2024,2,26,0,winter
11354,2023-10-24,Yashvi Sankaran,South,Thiruvananthapuram,Kitchen,Refrigerator,Refrigerator Quae,2,45753,5,86930.7,4380.43,Cod,0.05,86930.7,0.0,0.05038990828326472,2023,10,24,1,Fall
11355,2025-07-24,Tushar Goel,East,Bhubaneswar,Sports,Cricket Bat,Cricket Bat Inventore,3,47663,0,142989.0,29454.77,Cod,0.0,142989.0,0.0,0.20599325822266049,2025,7,24,3,Summer
11356,2024-10-26,Taimur Mann,South,Thiruvananthapuram,Kitchen,Juicer,Juicer Commodi,2,69740,20,111584.0,12090.26,Debit Card,0.2,111584.0,0.0,0.10835119730427302,2024,10,26,5,Fall
11357,2024-07-24,Kiaan Wable,South,Hyderabad,Sports,Yoga Mat,Yoga Mat Repellat,1,23482,5,22307.9,2350.07,Cod,0.05,22307.899999999998,3.637978807091713e-12,0.10534698470048727,2024,7,24,2,Summer
11358,2023-10-25,Jiya Vyas,North,Chandigarh,Home Decor,Cushion,Cushion Et,2,47485,0,94970.0,12609.38,Cod,0.0,94970.0,0.0,0.13277224386648415,2023,10,25,2,Fall
11359,2024-07-03,Abram Chaudhary,North,Jaipur,Sports,Yoga Mat,Yoga Mat Rerum,1,30547,20,24437.6,1504.09,Cod,0.2,24437.600000000002,3.637978807091713e-12,0.06154818803810522,2024,7,3,2,Summer
11360,2024-11-13,Yakshit Singh,South,Bangalore,Sports,Dumbbells,Dumbbells Cumque,3,79296,0,237888.0,55089.14,Upi,0.0,237888.0,0.0,0.23157595170836695,2024,11,13,2,Fall
11361,2025-04-11,Mannat Sandal,East,Kolkata,Toys,Puzzle,Puzzle Laborum,4,43841,20,140291.2,15960.84,Net Banking,0.2,140291.2,0.0,0.11376935973175793,2025,4,11,4,Spring
11362,2024-07-11,Jayan Walla,North,Amritsar,Books,Biography,Biography Doloribus,5,61062,20,244248.0,35178.03,Net Banking,0.2,244248.0,0.0,0.14402586715141985,2024,7,11,3,Summer
11363,2024-12-18,Azad Issac,East,Patna,Furniture,Chair,Chair Dolor,1,38588,10,34729.2,2648.1,Upi,0.1,34729.200000000004,7.275957614183426e-12,0.07624995680867973,2024,12,18,2,winter
11364,2025-07-31,Uthkarsh Bahl,West,Goa,Furniture,Bed,Bed Praesentium,2,13018,0,26036.0,4611.76,Net Banking,0.0,26036.0,0.0,0.17713012751574744,2025,7,31,3,Summer
11365,2023-10-28,Hunar Dora,North,Amritsar,Groceries,Spices,Spices Dolore,2,63094,5,119878.6,17242.69,Cod,0.05,119878.59999999999,1.4551915228366852e-11,0.1438345959996196,2023,10,28,5,Fall
11366,2024-10-02,Nirvi Kunda,East,Patna,Clothing,Men'S Wear,Men's Wear Quia,1,32692,10,29422.8,5974.92,Cod,0.1,29422.8,0.0,0.20307108772788451,2024,10,2,2,Fall
11367,2025-07-10,Dhanush Karpe,North,Amritsar,Books,Non-Fiction,Non-Fiction Quo,1,47091,5,44736.45,10667.21,Credit Card,0.05,44736.45,0.0,0.23844560755267796,2025,7,10,3,Summer
11368,2025-07-09,Vaibhav Keer,East,Guwahati,Electronics,Laptop,Laptop Facilis,4,37965,0,151860.0,9477.24,Cod,0.0,151860.0,0.0,0.06240774397471355,2025,7,9,2,Summer
11369,2025-05-21,Arnav Chakrabarti,East,Guwahati,Toys,Board Game,Board Game Accusantium,1,32354,5,30736.3,3811.01,Upi,0.05,30736.3,0.0,0.123990525860302,2025,5,21,2,Spring
11370,2025-03-30,Badal Din,North,Amritsar,Beauty,Shampoo,Shampoo Cumque,4,445,5,1691.0,358.78,Credit Card,0.05,1691.0,0.0,0.21217031342400944,2025,3,30,6,Spring
11371,2025-03-13,Onkar Vasa,West,Surat,Home Decor,Clock,Clock Repudiandae,1,32556,15,27672.6,4234.91,Net Banking,0.15,27672.6,0.0,0.15303621632951006,2025,3,13,3,Spring
11372,2024-03-24,Mannat Barad,South,Chennai,Electronics,Headphones,Headphones Aliquam,4,40124,15,136421.6,19061.19,Cod,0.15,136421.6,0.0,0.13972266855102122,2024,3,24,6,Spring
11373,2024-11-12,Bhavin Gill,West,Goa,Beauty,Face Cream,Face Cream Quod,4,65371,5,248409.8,48897.74,Cod,0.05,248409.8,0.0,0.19684303920376733,2024,11,12,1,Fall
11374,2024-09-24,Jivin Sarkar,North,Jaipur,Toys,Doll,Doll Amet,5,43156,0,215780.0,49195.96,Cod,0.0,215780.0,0.0,0.22799128742237465,2024,9,24,1,Fall
11375,2025-01-03,Renee Sen,West,Ahmedabad,Sports,Cricket Bat,Cricket Bat Voluptatem,2,32871,20,52593.6,8592.82,Credit Card,0.2,52593.600000000006,7.275957614183426e-12,0.16338147607313439,2025,1,3,4,winter
11376,2023-12-17,Aaryahi Khare,South,Chennai,Clothing,Shoes,Shoes Ratione,4,56993,10,205174.8,33028.02,Cod,0.1,205174.80000000002,2.9103830456733704e-11,0.1609750320214763,2023,12,17,6,winter
11377,2024-05-06,Prisha Chand,West,Mumbai,Sports,Yoga Mat,Yoga Mat Molestiae,1,51149,10,46034.1,3886.96,Cod,0.1,46034.1,0.0,0.08443653726259447,2024,5,6,0,Spring
11378,2024-11-12,Pranay Dash,North,Amritsar,Clothing,Women'S Wear,Women's Wear Sit,5,74691,0,373455.0,47947.78,Cod,0.0,373455.0,0.0,0.12838971228126547,2024,11,12,1,Fall
11379,2023-12-02,Navya Deshpande,South,Chennai,Clothing,Accessories,Accessories Pariatur,5,59691,5,283532.25,43006.04,Debit Card,0.05,283532.25,0.0,0.1516795355731138,2023,12,2,5,winter
11380,2025-07-24,Lakshit Keer,West,Mumbai,Kitchen,Cookware Set,Cookware Set Sequi,5,27714,15,117784.5,21282.16,Upi,0.15,117784.5,0.0,0.18068727209437574,2025,7,24,3,Summer
11381,2024-04-08,Eva Devan,South,Chennai,Home Decor,Lamp,Lamp Adipisci,1,19094,15,16229.9,1241.6,Credit Card,0.15,16229.9,0.0,0.07650077942562801,2024,4,8,0,Spring
11382,2025-03-30,Renee Bhatt,South,Chennai,Clothing,Shoes,Shoes Numquam,3,69544,5,198200.4,22915.35,Debit Card,0.05,198200.4,0.0,0.11561707241761368,2025,3,30,6,Spring
11383,2023-12-10,Kimaya Mander,South,Coimbatore,Beauty,Lipstick,Lipstick Vitae,4,45913,5,174469.4,9344.72,Debit Card,0.05,174469.4,0.0,0.05356079633448616,2023,12,10,6,winter
11384,2024-03-09,Darshit Kamdar,East,Patna,Home Decor,Lamp,Lamp Culpa,4,36107,15,122763.8,27355.49,Debit Card,0.15,122763.8,0.0,0.22283026429615246,2024,3,9,5,Spring
11385,2024-06-01,Bhavin Ray,West,Surat,Furniture,Sofa,Sofa Aperiam,1,3801,10,3420.9,205.0,Credit Card,0.1,3420.9,0.0,0.05992575053348534,2024,6,1,5,Summer
11386,2024-06-18,Bhavin Mani,East,Patna,Groceries,Spices,Spices Itaque,1,57929,15,49239.65,7740.55,Cod,0.15,49239.65,0.0,0.1572015641865854,2024,6,18,1,Summer
11387,2024-07-02,Madhup Hayer,West,Ahmedabad,Groceries,Wheat,Wheat Molestiae,5,21407,10,96331.5,12981.09,Net Banking,0.1,96331.5,0.0,0.13475436383737407,2024,7,2,1,Summer
11388,2024-05-14,Abram Datta,North,Lucknow,Home Decor,Lamp,Lamp Nostrum,4,46703,5,177471.4,28394.16,Credit Card,0.05,177471.4,0.0,0.15999287772565043,2024,5,14,1,Spring
11389,2025-01-24,Anay Gopal,North,Delhi,Beauty,Lipstick,Lipstick Deserunt,1,30391,15,25832.35,2886.23,Upi,0.15,25832.35,0.0,0.11172928517924231,2025,1,24,4,winter
11390,2024-11-12,Dishani Luthra,West,Pune,Home Decor,Vase,Vase Commodi,5,51544,10,231948.0,13321.02,Credit Card,0.1,231948.0,0.0,0.05743106213461638,2024,11,12,1,Fall
11391,2024-10-10,Vanya Bose,North,Chandigarh,Toys,Rc Car,RC Car Explicabo,2,15156,10,27280.8,6486.86,Credit Card,0.1,27280.8,0.0,0.2377811501128999,2024,10,10,3,Fall
11392,2025-01-03,Kimaya Atwal,North,Chandigarh,Kitchen,Cookware Set,Cookware Set Consequatur,1,4842,0,4842.0,1158.75,Net Banking,0.0,4842.0,0.0,0.23931226765799257,2025,1,3,4,winter
11393,2025-04-22,Jivin Shukla,North,Jaipur,Toys,Puzzle,Puzzle Unde,4,47431,15,161265.4,9602.02,Debit Card,0.15,161265.4,0.0,0.059541724387252325,2025,4,22,1,Spring
11394,2024-04-12,Lagan Kothari,East,Patna,Sports,Football,Football Vel,1,4254,5,4041.3,378.57,Net Banking,0.05,4041.2999999999997,4.547473508864641e-13,0.09367530250167025,2024,4,12,4,Spring
11395,2024-01-17,Elakshi Koshy,East,Bhubaneswar,Groceries,Sugar,Sugar Quis,2,66728,20,106764.8,25571.79,Cod,0.2,106764.8,0.0,0.23951517728689606,2024,1,17,2,winter
11396,2024-12-12,Pihu Gaba,South,Coimbatore,Clothing,Kids Wear,Kids Wear Sapiente,4,34919,5,132692.2,8957.49,Cod,0.05,132692.19999999998,2.9103830456733704e-11,0.06750577652642732,2024,12,12,3,winter
11397,2024-03-18,Krish Gole,South,Bangalore,Sports,Cricket Bat,Cricket Bat Blanditiis,2,69831,15,118712.7,6713.08,Cod,0.15,118712.7,0.0,0.05654896232669293,2024,3,18,0,Spring
11398,2025-02-10,Saksham Hayre,South,Thiruvananthapuram,Books,Textbook,Textbook Expedita,5,16738,10,75321.0,15368.06,Upi,0.1,75321.0,0.0,0.2040342002894279,2025,2,10,0,winter
11399,2024-09-23,Hazel Kulkarni,South,Hyderabad,Furniture,Cabinet,Cabinet Dolor,1,27395,10,24655.5,2317.42,Net Banking,0.1,24655.5,0.0,0.093992009896372,2024,9,23,0,Fall
11400,2024-02-10,Bhavin Dasgupta,West,Ahmedabad,Groceries,Sugar,Sugar Tempora,4,36193,20,115817.6,11661.58,Cod,0.2,115817.6,0.0,0.10068918713563396,2024,2,10,5,winter
11401,2024-09-25,Biju Chada,North,Chandigarh,Sports,Football,Football Saepe,3,1189,5,3388.65,236.43,Net Banking,0.05,3388.6499999999996,4.547473508864641e-13,0.06977114780222213,2024,9,25,2,Fall
11402,2025-07-08,Reyansh Deol,South,Bangalore,Books,Comics,Comics Corrupti,1,9126,10,8213.4,871.79,Upi,0.1,8213.4,0.0,0.10614240144154674,2025,7,8,1,Summer
11403,2023-12-16,Uthkarsh Sen,West,Ahmedabad,Sports,Tennis Racket,Tennis Racket Excepturi,4,42688,20,136601.6,16886.7,Net Banking,0.2,136601.6,0.0,0.12362007472826086,2023,12,16,5,winter
11404,2025-07-04,Jivin Iyengar,East,Ranchi,Electronics,Laptop,Laptop Voluptatum,5,57067,5,271068.25,23095.88,Debit Card,0.05,271068.25,0.0,0.08520319144717244,2025,7,4,4,Summer
11405,2025-06-02,Shlok Vaidya,West,Mumbai,Kitchen,Refrigerator,Refrigerator Explicabo,4,41620,0,166480.0,32961.75,Upi,0.0,166480.0,0.0,0.19799225132148005,2025,6,2,0,Summer
11406,2024-11-16,Faiyaz Borde,North,Delhi,Electronics,Laptop,Laptop Adipisci,1,37428,5,35556.6,2974.74,Cod,0.05,35556.6,0.0,0.08366210492566781,2024,11,16,5,Fall
11407,2024-12-13,Arhaan Dhillon,West,Mumbai,Furniture,Bed,Bed Reprehenderit,3,17042,15,43457.1,10061.05,Credit Card,0.15,43457.1,0.0,0.23151682924079148,2024,12,13,4,winter
11408,2025-03-08,Jayant Sachar,South,Bangalore,Toys,Doll,Doll Omnis,2,72925,20,116680.0,10906.98,Upi,0.2,116680.0,0.0,0.09347771683236202,2025,3,8,5,Spring
11409,2025-07-09,Romil Iyengar,East,Kolkata,Groceries,Oil,Oil Provident,5,42402,10,190809.0,26049.57,Credit Card,0.1,190809.0,0.0,0.1365217049510243,2025,7,9,2,Summer
11410,2024-07-28,Seher Agate,North,Lucknow,Home Decor,Vase,Vase Ex,3,62626,0,187878.0,13928.71,Cod,0.0,187878.0,0.0,0.07413699315513259,2024,7,28,6,Summer
11411,2024-12-11,Samarth Chand,East,Ranchi,Books,Comics,Comics Laboriosam,1,27474,0,27474.0,4052.31,Net Banking,0.0,27474.0,0.0,0.14749617820484823,2024,12,11,2,winter
11412,2024-11-05,Kavya Manne,West,Surat,Beauty,Perfume,Perfume Laudantium,3,50954,20,122289.6,10100.8,Net Banking,0.2,122289.6,0.0,0.08259737541050097,2024,11,5,1,Fall
11413,2025-08-05,Azad Chaudhry,South,Thiruvananthapuram,Toys,Doll,Doll Corporis,2,5007,20,8011.2,1968.74,Cod,0.2,8011.200000000001,9.094947017729282e-13,0.24574845216696625,2025,8,5,1,Summer
11414,2024-02-20,Kartik Bahl,West,Ahmedabad,Home Decor,Lamp,Lamp Dolorem,4,62119,10,223628.4,55725.11,Net Banking,0.1,223628.4,0.0,0.2491861945978239,2024,2,20,1,winter
11415,2025-02-24,Rhea Sanghvi,West,Pune,Beauty,Lipstick,Lipstick Iure,4,20217,0,80868.0,6742.94,Upi,0.0,80868.0,0.0,0.08338205470643517,2025,2,24,0,winter
11416,2025-03-30,Jayan Dara,North,Jaipur,Sports,Dumbbells,Dumbbells Distinctio,3,25307,20,60736.8,11776.86,Cod,0.2,60736.8,0.0,0.19389990911605484,2025,3,30,6,Spring
11417,2024-01-02,Jivika Dua,West,Pune,Beauty,Foundation,Foundation Quisquam,4,23916,0,95664.0,15179.03,Cod,0.0,95664.0,0.0,0.15867024167921057,2024,1,2,1,winter
11418,2024-09-08,Saksham Rana,North,Chandigarh,Books,Comics,Comics Voluptatibus,3,6415,15,16358.25,1430.73,Credit Card,0.15,16358.25,0.0,0.08746228967034983,2024,9,8,6,Fall
11419,2023-12-15,Mamooty Wagle,North,Delhi,Books,Non-Fiction,Non-Fiction Amet,4,43919,10,158108.4,23976.18,Net Banking,0.1,158108.4,0.0,0.15164393542658075,2023,12,15,4,winter
11420,2023-10-18,Hrishita Bhargava,North,Lucknow,Electronics,Mobile,Mobile Aperiam,5,43422,10,195399.0,16213.31,Debit Card,0.1,195399.0,0.0,0.08297539905526641,2023,10,18,2,Fall
11421,2023-11-21,Taran Chaudhary,East,Guwahati,Sports,Tennis Racket,Tennis Racket Dignissimos,2,54001,0,108002.0,16629.38,Cod,0.0,108002.0,0.0,0.1539728893909372,2023,11,21,1,Fall
11422,2024-07-20,Diya Char,East,Patna,Toys,Puzzle,Puzzle Quaerat,4,13912,5,52865.6,3136.41,Cod,0.05,52865.6,0.0,0.059327994007445296,2024,7,20,5,Summer
11423,2024-08-18,Mishti Yogi,North,Amritsar,Sports,Tennis Racket,Tennis Racket Pariatur,3,44421,10,119936.7,14181.28,Net Banking,0.1,119936.7,0.0,0.11823970477760352,2024,8,18,6,Summer
11424,2024-07-01,Mishti Keer,South,Coimbatore,Books,Fiction,Fiction Ipsam,4,26402,15,89766.8,11167.83,Credit Card,0.15,89766.8,0.0,0.12440935847106056,2024,7,1,0,Summer
11425,2023-10-20,Rati Grewal,North,Lucknow,Books,Fiction,Fiction Quibusdam,2,48812,20,78099.2,5054.2,Debit Card,0.2,78099.2,0.0,0.06471513152503483,2023,10,20,4,Fall
11426,2025-08-31,Chirag Chada,South,Chennai,Books,Fiction,Fiction Velit,2,16765,20,26824.0,3134.93,Net Banking,0.2,26824.0,0.0,0.11687033999403519,2025,8,31,6,Summer
11427,2024-03-15,Azad Kota,West,Ahmedabad,Electronics,Headphones,Headphones Laudantium,4,70205,0,280820.0,59885.0,Net Banking,0.0,280820.0,0.0,0.2132504807349904,2024,3,15,4,Spring
11428,2024-05-24,Sahil Raj,North,Delhi,Home Decor,Wall Art,Wall Art Unde,3,79374,15,202403.7,48725.77,Net Banking,0.15,202403.69999999998,2.9103830456733704e-11,0.24073556955727585,2024,5,24,4,Spring
11429,2024-11-09,Aayush Toor,East,Kolkata,Electronics,Mobile,Mobile Velit,1,50990,0,50990.0,11837.53,Upi,0.0,50990.0,0.0,0.23215395175524614,2024,11,9,5,Fall
11430,2024-01-15,Nayantara Sandhu,East,Ranchi,Groceries,Sugar,Sugar Inventore,5,3019,0,15095.0,858.18,Net Banking,0.0,15095.0,0.0,0.05685193772772441,2024,1,15,0,winter
11431,2023-10-22,Anahi Sarma,West,Surat,Kitchen,Juicer,Juicer Illo,2,69886,0,139772.0,23487.65,Debit Card,0.0,139772.0,0.0,0.16804259794522508,2023,10,22,6,Fall
11432,2024-05-29,Shaan Dua,West,Ahmedabad,Kitchen,Mixer Grinder,Mixer Grinder Iste,1,13377,0,13377.0,1758.03,Debit Card,0.0,13377.0,0.0,0.13142184346265978,2024,5,29,2,Spring
11433,2025-08-22,Lakshit Deo,North,Amritsar,Clothing,Men'S Wear,Men's Wear Error,3,53574,20,128577.6,25557.86,Net Banking,0.2,128577.6,0.0,0.19877381441246375,2025,8,22,4,Summer
11434,2025-08-13,Alisha Dhar,East,Ranchi,Home Decor,Clock,Clock Iusto,4,16159,10,58172.4,10005.43,Credit Card,0.1,58172.4,0.0,0.17199617000501957,2025,8,13,2,Summer
11435,2024-09-18,Tarini Doctor,West,Ahmedabad,Furniture,Bed,Bed Animi,4,54791,15,186289.4,12177.83,Upi,0.15,186289.4,0.0,0.06537049343655624,2024,9,18,2,Fall
11436,2024-06-02,Krish Solanki,South,Coimbatore,Books,Comics,Comics Molestiae,2,50012,15,85020.4,4700.81,Credit Card,0.15,85020.4,0.0,0.05529037736825516,2024,6,2,6,Summer
11437,2025-03-18,Saksham Kumar,West,Goa,Toys,Rc Car,RC Car Iure,4,73997,5,281188.6,55793.97,Cod,0.05,281188.6,0.0,0.19842187770058958,2025,3,18,1,Spring
11438,2024-07-14,Hunar Goda,South,Thiruvananthapuram,Clothing,Women'S Wear,Women's Wear Nostrum,5,51750,10,232875.0,13220.24,Cod,0.1,232875.0,0.0,0.0567696833064949,2024,7,14,6,Summer
11439,2024-02-19,Uthkarsh Bhat,South,Chennai,Beauty,Face Cream,Face Cream Corrupti,3,33780,10,91206.0,17898.65,Cod,0.1,91206.0,0.0,0.19624421638927264,2024,2,19,0,winter
11440,2025-06-13,Tarini Mall,East,Bhubaneswar,Clothing,Women'S Wear,Women's Wear Sint,4,58069,5,220662.2,34599.74,Net Banking,0.05,220662.19999999998,2.9103830456733704e-11,0.15679957872259043,2025,6,13,4,Summer
11441,2025-02-13,Romil Divan,West,Surat,Sports,Tennis Racket,Tennis Racket Atque,3,6783,20,16279.2,1772.92,Credit Card,0.2,16279.2,0.0,0.10890707160057005,2025,2,13,3,winter
11442,2024-09-19,Jivika Badami,East,Bhubaneswar,Beauty,Foundation,Foundation Perspiciatis,3,46887,0,140661.0,34962.57,Net Banking,0.0,140661.0,0.0,0.24855908887324846,2024,9,19,3,Fall
11443,2025-02-24,Pranay Kumer,South,Bangalore,Books,Fiction,Fiction Perspiciatis,5,48885,10,219982.5,20736.37,Credit Card,0.1,219982.5,0.0,0.0942637255236212,2025,2,24,0,winter
11444,2024-09-14,Alia Chacko,East,Bhubaneswar,Clothing,Women'S Wear,Women's Wear Ea,3,50793,5,144760.05,31253.32,Upi,0.05,144760.05,0.0,0.21589741092241957,2024,9,14,5,Fall
11445,2024-04-18,Mamooty Kari,West,Pune,Furniture,Sofa,Sofa Exercitationem,1,16997,0,16997.0,2959.07,Credit Card,0.0,16997.0,0.0,0.17409366358769196,2024,4,18,3,Spring
11446,2024-08-14,Vaibhav Sheth,South,Chennai,Beauty,Shampoo,Shampoo Incidunt,1,54181,5,51471.95,12268.1,Debit Card,0.05,51471.95,0.0,0.23834535120585099,2024,8,14,2,Summer
11447,2025-07-04,Ranbir Saraf,South,Chennai,Kitchen,Juicer,Juicer Tempora,3,79851,20,191642.4,30465.58,Upi,0.2,191642.40000000002,2.9103830456733704e-11,0.15897097928224654,2025,7,4,4,Summer
11448,2023-10-23,Kashvi Rout,South,Bangalore,Electronics,Headphones,Headphones Accusantium,5,67709,0,338545.0,81868.89,Credit Card,0.0,338545.0,0.0,0.24182572479286357,2023,10,23,0,Fall
11449,2024-06-21,Himmat Tak,South,Coimbatore,Toys,Rc Car,RC Car Fugit,3,10708,5,30517.8,3486.02,Credit Card,0.05,30517.8,0.0,0.11422907286894862,2024,6,21,4,Summer
11450,2025-03-17,Anvi Mallick,West,Pune,Beauty,Foundation,Foundation Cumque,3,69600,5,198360.0,38148.12,Cod,0.05,198360.0,0.0,0.1923176043557169,2025,3,17,0,Spring
11451,2025-09-27,Azad Ravel,North,Delhi,Toys,Puzzle,Puzzle Labore,4,38431,20,122979.2,20581.59,Upi,0.2,122979.20000000001,1.4551915228366852e-11,0.1673583012411855,2025,9,27,5,Fall
11452,2024-03-29,Manjari Ahuja,North,Delhi,Clothing,Kids Wear,Kids Wear Impedit,3,47134,20,113121.6,12564.93,Debit Card,0.2,113121.6,0.0,0.11107454279288836,2024,3,29,4,Spring
11453,2023-12-07,Piya Saha,East,Guwahati,Toys,Doll,Doll Ab,1,51243,15,43556.55,6661.28,Net Banking,0.15,43556.549999999996,7.275957614183426e-12,0.1529340592861464,2023,12,7,3,winter
11454,2024-08-28,Farhan Chhabra,South,Chennai,Beauty,Lipstick,Lipstick Eveniet,2,10564,10,19015.2,4365.82,Net Banking,0.1,19015.2,0.0,0.22959632294164667,2024,8,28,2,Summer
11455,2024-11-09,Anahi Vala,North,Chandigarh,Toys,Action Figure,Action Figure Laudantium,5,11067,0,55335.0,5950.22,Net Banking,0.0,55335.0,0.0,0.10753085750429205,2024,11,9,5,Fall
11456,2025-05-08,Faiyaz Aggarwal,North,Chandigarh,Sports,Tennis Racket,Tennis Racket Repellendus,2,56125,15,95412.5,8222.59,Credit Card,0.15,95412.5,0.0,0.08617937901218393,2025,5,8,3,Spring
11457,2024-08-22,Mannat Sani,East,Patna,Furniture,Cabinet,Cabinet Ab,2,73299,10,131938.2,18463.12,Net Banking,0.1,131938.2,0.0,0.1399376374696638,2024,8,22,3,Summer
11458,2023-10-12,Gatik Bhardwaj,West,Mumbai,Beauty,Lipstick,Lipstick Occaecati,1,23413,20,18730.4,2265.41,Credit Card,0.2,18730.4,0.0,0.12094829795412804,2023,10,12,3,Fall
11459,2024-03-22,Shanaya Bains,North,Delhi,Home Decor,Cushion,Cushion Deserunt,5,23691,15,100686.75,16585.86,Cod,0.15,100686.75,0.0,0.1647273350267041,2024,3,22,4,Spring
11460,2024-09-29,Nitara Chatterjee,North,Lucknow,Beauty,Foundation,Foundation Ipsa,3,45701,20,109682.4,23826.49,Cod,0.2,109682.40000000001,1.4551915228366852e-11,0.21723166159748514,2024,9,29,6,Fall
11461,2025-05-25,Myra Borra,North,Jaipur,Home Decor,Clock,Clock Rerum,2,31987,0,63974.0,13001.44,Net Banking,0.0,63974.0,0.0,0.20323006221277395,2025,5,25,6,Spring
11462,2025-01-06,Sahil Sem,West,Mumbai,Books,Fiction,Fiction Officiis,3,65969,20,158325.6,33279.17,Debit Card,0.2,158325.6,0.0,0.21019449792074052,2025,1,6,0,winter
11463,2024-11-30,Heer Dar,South,Coimbatore,Books,Comics,Comics Voluptates,1,13459,10,12113.1,2407.52,Credit Card,0.1,12113.1,0.0,0.19875341572347294,2024,11,30,5,Fall
11464,2024-06-11,Shayak Agrawal,South,Chennai,Electronics,Camera,Camera Porro,1,28915,10,26023.5,1621.5,Upi,0.1,26023.5,0.0,0.06230906680500317,2024,6,11,1,Summer
11465,2025-06-09,Tara Salvi,South,Thiruvananthapuram,Groceries,Rice,Rice Ex,1,56277,5,53463.15,12215.5,Credit Card,0.05,53463.149999999994,7.275957614183426e-12,0.22848447949662523,2025,6,9,0,Summer
11466,2024-09-23,Faiyaz Gole,South,Coimbatore,Clothing,Women'S Wear,Women's Wear Sapiente,1,48636,10,43772.4,5426.96,Net Banking,0.1,43772.4,0.0,0.12398132156335956,2024,9,23,0,Fall
11467,2024-04-30,Sumer Doshi,East,Bhubaneswar,Toys,Doll,Doll Ad,4,46758,15,158977.2,39373.94,Credit Card,0.15,158977.19999999998,2.9103830456733704e-11,0.24767035776199353,2024,4,30,1,Spring
11468,2024-09-08,Pranay Goel,South,Chennai,Toys,Doll,Doll Sit,2,67375,15,114537.5,10230.26,Cod,0.15,114537.5,0.0,0.08931799628942487,2024,9,8,6,Fall
11469,2024-04-11,Jivin Dutt,South,Thiruvananthapuram,Sports,Football,Football Ducimus,4,73545,10,264762.0,36604.12,Upi,0.1,264762.0,0.0,0.13825292149175486,2024,4,11,3,Spring
11470,2024-11-03,Ira Loke,North,Amritsar,Books,Fiction,Fiction Voluptatibus,3,33816,15,86230.8,6887.12,Cod,0.15,86230.8,0.0,0.07986844607727168,2024,11,3,6,Fall
11471,2024-10-13,Kartik Batta,North,Lucknow,Groceries,Spices,Spices Fugit,5,627,0,3135.0,447.89,Credit Card,0.0,3135.0,0.0,0.1428676236044657,2024,10,13,6,Fall
11472,2024-12-24,Parinaaz Sankaran,North,Jaipur,Furniture,Table,Table Ipsa,4,44313,20,141801.6,31103.35,Debit Card,0.2,141801.6,0.0,0.21934413998149524,2024,12,24,1,winter
11473,2024-10-27,Aradhya Setty,North,Amritsar,Beauty,Foundation,Foundation Saepe,4,34284,10,123422.4,14489.32,Credit Card,0.1,123422.40000000001,1.4551915228366852e-11,0.11739619388376826,2024,10,27,6,Fall
11474,2025-06-01,Ayesha Grover,North,Delhi,Toys,Doll,Doll Eveniet,4,47008,20,150425.6,29175.54,Upi,0.2,150425.6,0.0,0.1939532898655548,2025,6,1,6,Summer
11475,2024-01-03,Ishita Trivedi,North,Delhi,Beauty,Shampoo,Shampoo Ullam,2,69366,10,124858.8,9130.74,Upi,0.1,124858.8,0.0,0.07312852598295033,2024,1,3,2,winter
11476,2023-11-08,Umang Varty,East,Patna,Kitchen,Cookware Set,Cookware Set Voluptates,5,65778,5,312445.5,68446.84,Net Banking,0.05,312445.5,0.0,0.21906809347550213,2023,11,8,2,Fall
11477,2024-07-28,Parinaaz Sodhi,East,Kolkata,Sports,Yoga Mat,Yoga Mat Distinctio,3,1200,0,3600.0,499.42,Upi,0.0,3600.0,0.0,0.13872777777777778,2024,7,28,6,Summer
11478,2024-02-01,Eshani Kari,North,Lucknow,Books,Fiction,Fiction Quas,2,31819,15,54092.3,12966.11,Credit Card,0.15,54092.299999999996,7.275957614183426e-12,0.23970343283609682,2024,2,1,3,winter
11479,2025-06-10,Zeeshan Bal,North,Delhi,Home Decor,Cushion,Cushion Iure,4,47922,0,191688.0,17387.5,Cod,0.0,191688.0,0.0,0.09070729518801386,2025,6,10,1,Summer
11480,2025-05-02,Navya Bahl,North,Chandigarh,Groceries,Spices,Spices Totam,3,33133,10,89459.1,19424.54,Credit Card,0.1,89459.1,0.0,0.2171331927104118,2025,5,2,4,Spring
11481,2025-03-07,Rati Solanki,East,Kolkata,Home Decor,Wall Art,Wall Art Corrupti,1,67503,15,57377.55,3707.98,Upi,0.15,57377.549999999996,7.275957614183426e-12,0.06462423020850488,2025,3,7,4,Spring
11482,2023-12-18,Inaaya  Wagle,South,Thiruvananthapuram,Sports,Yoga Mat,Yoga Mat Sint,4,28665,5,108927.0,6013.46,Debit Card,0.05,108927.0,0.0,0.05520633084542859,2023,12,18,0,winter
11483,2025-03-25,Seher Hora,East,Patna,Kitchen,Microwave,Microwave Labore,4,57143,0,228572.0,29244.6,Cod,0.0,228572.0,0.0,0.12794480513798714,2025,3,25,1,Spring
11484,2023-10-16,Keya Basu,North,Amritsar,Toys,Board Game,Board Game Hic,3,33778,20,81067.2,6241.77,Upi,0.2,81067.20000000001,1.4551915228366852e-11,0.07699501154597668,2023,10,16,0,Fall
11485,2025-03-01,Chirag Desai,North,Amritsar,Groceries,Oil,Oil Earum,1,13630,0,13630.0,1198.07,Cod,0.0,13630.0,0.0,0.08789948642699927,2025,3,1,5,Spring
11486,2025-06-17,Alia Khare,South,Bangalore,Kitchen,Juicer,Juicer Consequatur,3,47961,10,129494.7,13233.45,Debit Card,0.1,129494.7,0.0,0.10219298550442606,2025,6,17,1,Summer
11487,2025-05-04,Nishith Vala,North,Lucknow,Clothing,Men'S Wear,Men's Wear Iure,3,58707,20,140896.8,27019.18,Cod,0.2,140896.80000000002,2.9103830456733704e-11,0.1917657462767075,2025,5,4,6,Spring
11488,2025-05-27,Rania Vig,East,Bhubaneswar,Furniture,Chair,Chair Minima,5,21305,10,95872.5,9530.97,Credit Card,0.1,95872.5,0.0,0.09941297035124774,2025,5,27,1,Spring
11489,2024-01-02,Zeeshan Dubey,South,Bangalore,Toys,Board Game,Board Game Officiis,3,55777,5,158964.45,20036.06,Net Banking,0.05,158964.44999999998,2.9103830456733704e-11,0.1260411368705393,2024,1,2,1,winter
11490,2025-01-29,Shalv Varty,South,Coimbatore,Electronics,Smartwatch,Smartwatch Magni,3,67587,20,162208.8,18563.73,Upi,0.2,162208.80000000002,2.9103830456733704e-11,0.11444342107209966,2025,1,29,2,winter
11491,2023-12-23,Vivaan Upadhyay,North,Lucknow,Home Decor,Wall Art,Wall Art Soluta,2,31379,15,53344.3,11506.05,Net Banking,0.15,53344.299999999996,7.275957614183426e-12,0.21569408540368884,2023,12,23,5,winter
11492,2025-05-12,Myra Anand,North,Chandigarh,Furniture,Sofa,Sofa Molestiae,2,70131,0,140262.0,18548.38,Credit Card,0.0,140262.0,0.0,0.13224094908100556,2025,5,12,0,Spring
11493,2024-02-10,Anay Kamdar,West,Surat,Toys,Rc Car,RC Car Eum,5,63338,20,253352.0,41372.55,Credit Card,0.2,253352.0,0.0,0.1633006646878651,2024,2,10,5,winter
11494,2025-04-09,Rania Rege,South,Chennai,Beauty,Face Cream,Face Cream Earum,1,45240,10,40716.0,2991.43,Upi,0.1,40716.0,0.0,0.073470625798212,2025,4,9,2,Spring
11495,2024-02-16,Ayesha Sant,South,Coimbatore,Toys,Puzzle,Puzzle Dolores,1,25879,15,21997.15,2045.29,Debit Card,0.15,21997.149999999998,3.637978807091713e-12,0.09297977237960371,2024,2,16,4,winter
11496,2024-05-01,Mohanlal Suresh,West,Surat,Kitchen,Refrigerator,Refrigerator Et,3,24895,15,63482.25,10260.83,Net Banking,0.15,63482.25,0.0,0.1616330549090494,2024,5,1,2,Spring
11497,2024-06-07,Misha Gulati,East,Patna,Home Decor,Cushion,Cushion Consectetur,3,56151,20,134762.4,14586.69,Credit Card,0.2,134762.4,0.0,0.10824005805773718,2024,6,7,4,Summer
11498,2024-03-26,Misha Sem,South,Chennai,Groceries,Wheat,Wheat Debitis,2,72161,20,115457.6,27371.8,Debit Card,0.2,115457.6,0.0,0.23707231052784744,2024,3,26,1,Spring
11499,2025-08-13,Madhup Tata,South,Chennai,Kitchen,Refrigerator,Refrigerator Reiciendis,1,79632,10,71668.8,11329.11,Credit Card,0.1,71668.8,0.0,0.1580758991360257,2025,8,13,2,Summer
11500,2024-03-06,Aarav Batra,South,Coimbatore,Home Decor,Clock,Clock Exercitationem,1,31128,15,26458.8,3222.21,Upi,0.15,26458.8,0.0,0.1217821669917003,2024,3,6,2,Spring
11501,2025-08-27,Urvi Shenoy,West,Pune,Electronics,Smartwatch,Smartwatch At,1,13595,5,12915.25,1869.58,Debit Card,0.05,12915.25,0.0,0.14475755405431562,2025,8,27,2,Summer
11502,2024-11-16,Damini Loke,West,Ahmedabad,Books,Biography,Biography Neque,1,6343,0,6343.0,870.73,Upi,0.0,6343.0,0.0,0.13727416049188082,2024,11,16,5,Fall
11503,2023-11-04,Dhanush Sankaran,East,Kolkata,Electronics,Laptop,Laptop Similique,2,68154,15,115861.8,28242.38,Upi,0.15,115861.8,0.0,0.24375920277433977,2023,11,4,5,Fall
11504,2024-06-07,Jayesh Ganguly,North,Delhi,Clothing,Women'S Wear,Women's Wear Placeat,1,74854,10,67368.6,4446.25,Cod,0.1,67368.6,0.0,0.06599884812805966,2024,6,7,4,Summer
11505,2024-11-06,Taimur Anand,South,Thiruvananthapuram,Clothing,Men'S Wear,Men's Wear Quaerat,5,27661,20,110644.0,7472.78,Upi,0.2,110644.0,0.0,0.06753895376161383,2024,11,6,2,Fall
11506,2024-03-02,Dhanush Khanna,South,Bangalore,Home Decor,Clock,Clock Odit,3,19872,10,53654.4,12127.18,Net Banking,0.1,53654.4,0.0,0.2260239607562474,2024,3,2,5,Spring
11507,2025-01-25,Yashvi Sastry,South,Hyderabad,Beauty,Perfume,Perfume Similique,2,69790,5,132601.0,14413.85,Debit Card,0.05,132601.0,0.0,0.10870091477439839,2025,1,25,5,winter
11508,2024-06-10,Urvi Chad,South,Chennai,Groceries,Sugar,Sugar Et,5,7842,15,33328.5,7452.92,Net Banking,0.15,33328.5,0.0,0.22362002490361102,2024,6,10,0,Summer
11509,2025-04-16,Zaina Chokshi,West,Ahmedabad,Sports,Tennis Racket,Tennis Racket Quos,1,46483,10,41834.7,7938.5,Credit Card,0.1,41834.700000000004,7.275957614183426e-12,0.18975874094949888,2025,4,16,2,Spring
11510,2025-07-26,Mamooty Maharaj,West,Ahmedabad,Toys,Board Game,Board Game Veniam,3,55155,10,148918.5,14928.45,Credit Card,0.1,148918.5,0.0,0.10024577201623708,2025,7,26,5,Summer
11511,2024-01-29,Anaya Singh,East,Patna,Home Decor,Clock,Clock Impedit,1,43008,20,34406.4,1761.39,Credit Card,0.2,34406.4,0.0,0.051193673270089286,2024,1,29,0,winter
11512,2025-02-26,Yasmin Yogi,South,Coimbatore,Sports,Tennis Racket,Tennis Racket Molestiae,4,56586,15,192392.4,41424.57,Upi,0.15,192392.4,0.0,0.21531292296369295,2025,2,26,2,winter
11513,2024-12-01,Krish Chada,South,Chennai,Sports,Yoga Mat,Yoga Mat Ipsam,2,21036,15,35761.2,4486.39,Debit Card,0.15,35761.2,0.0,0.12545412346341847,2024,12,1,6,winter
11514,2025-08-15,Tejas Gupta,South,Thiruvananthapuram,Beauty,Lipstick,Lipstick Deleniti,1,8435,0,8435.0,1710.32,Credit Card,0.0,8435.0,0.0,0.20276467101363366,2025,8,15,4,Summer
11515,2024-12-15,Taran Lad,South,Thiruvananthapuram,Furniture,Bed,Bed Labore,1,59069,20,47255.2,10613.84,Debit Card,0.2,47255.200000000004,7.275957614183426e-12,0.22460681575784255,2024,12,15,6,winter
11516,2024-11-02,Miraya Hans,North,Chandigarh,Groceries,Spices,Spices Cumque,4,72844,10,262238.4,28564.38,Net Banking,0.1,262238.4,0.0,0.10892523749382241,2024,11,2,5,Fall
11517,2024-01-18,Kavya Sastry,South,Coimbatore,Books,Textbook,Textbook Quia,4,56495,20,180784.0,10461.66,Net Banking,0.2,180784.0,0.0,0.05786828480396495,2024,1,18,3,winter
11518,2024-09-18,Kabir Sandal,North,Lucknow,Beauty,Foundation,Foundation Libero,2,58411,10,105139.8,7280.73,Cod,0.1,105139.8,0.0,0.06924808683295954,2024,9,18,2,Fall
11519,2025-01-31,Anahi Ram,East,Bhubaneswar,Toys,Puzzle,Puzzle Perspiciatis,1,74254,15,63115.9,14966.43,Credit Card,0.15,63115.9,0.0,0.23712614412533134,2025,1,31,4,winter
11520,2024-08-17,Madhup Tiwari,South,Thiruvananthapuram,Groceries,Oil,Oil Tempora,2,27743,5,52711.7,8356.02,Debit Card,0.05,52711.7,0.0,0.15852306034523647,2024,8,17,5,Summer
11521,2024-10-20,Samar Sachdeva,South,Hyderabad,Electronics,Smartwatch,Smartwatch Ipsa,1,78463,15,66693.55,13965.93,Upi,0.15,66693.55,0.0,0.20940450763229726,2024,10,20,6,Fall
11522,2025-04-10,Damini Sekhon,West,Surat,Clothing,Women'S Wear,Women's Wear Nulla,3,70431,15,179599.05,11601.92,Net Banking,0.15,179599.05,0.0,0.06459900539562988,2025,4,10,3,Spring
11523,2024-02-01,Manikya Kannan,South,Coimbatore,Groceries,Spices,Spices Eveniet,1,48348,15,41095.8,6503.35,Upi,0.15,41095.799999999996,7.275957614183426e-12,0.1582485314801026,2024,2,1,3,winter
11524,2025-10-03,Pranay Saraf,West,Mumbai,Beauty,Foundation,Foundation Veritatis,5,18837,15,80057.25,13932.28,Net Banking,0.15,80057.25,0.0,0.1740289605251242,2025,10,3,4,Fall
11525,2024-07-31,Anika Bansal,West,Goa,Sports,Yoga Mat,Yoga Mat Enim,3,11450,0,34350.0,2832.81,Upi,0.0,34350.0,0.0,0.08246899563318777,2024,7,31,2,Summer
11526,2024-01-05,Yakshit Dara,North,Delhi,Kitchen,Cookware Set,Cookware Set Possimus,2,77558,20,124092.8,11165.53,Debit Card,0.2,124092.8,0.0,0.08997725895458883,2024,1,5,4,winter
11527,2025-07-01,Gatik Savant,West,Surat,Furniture,Cabinet,Cabinet Quasi,2,13108,20,20972.8,2193.88,Net Banking,0.2,20972.800000000003,3.637978807091713e-12,0.10460596582239855,2025,7,1,1,Summer
11528,2025-08-27,Aarav Bail,West,Pune,Electronics,Mobile,Mobile Dolores,3,57883,15,147601.65,12103.79,Net Banking,0.15,147601.65,0.0,0.08200308058886877,2025,8,27,2,Summer
11529,2025-07-10,Hunar Mani,East,Guwahati,Clothing,Women'S Wear,Women's Wear Ratione,3,42725,10,115357.5,13828.58,Credit Card,0.1,115357.5,0.0,0.11987586416141126,2025,7,10,3,Summer
11530,2024-04-14,Heer Raj,West,Goa,Beauty,Perfume,Perfume Error,3,55957,0,167871.0,10701.22,Credit Card,0.0,167871.0,0.0,0.0637466864437574,2024,4,14,6,Spring
11531,2025-05-24,Baiju Bhakta,East,Guwahati,Sports,Tennis Racket,Tennis Racket Perferendis,4,56766,15,193004.4,46227.53,Net Banking,0.15,193004.4,0.0,0.23951542037383602,2025,5,24,5,Spring
11532,2025-05-29,Vanya Shan,North,Chandigarh,Clothing,Accessories,Accessories Deserunt,2,74359,10,133846.2,22113.85,Credit Card,0.1,133846.2,0.0,0.1652183625683807,2025,5,29,3,Spring
11533,2025-09-02,Yuvraj  Bhavsar,South,Bangalore,Electronics,Mobile,Mobile Architecto,2,16331,5,31028.9,5368.05,Credit Card,0.05,31028.899999999998,3.637978807091713e-12,0.17300162106939015,2025,9,2,1,Fall
11534,2023-10-04,Advik Sarraf,West,Surat,Furniture,Bed,Bed Sapiente,5,44511,20,178044.0,41209.73,Cod,0.2,178044.0,0.0,0.23145812271123994,2023,10,4,2,Fall
11535,2023-10-08,Pari Kalita,North,Jaipur,Furniture,Chair,Chair Dicta,4,42955,5,163229.0,26318.32,Upi,0.05,163229.0,0.0,0.16123556475871323,2023,10,8,6,Fall
11536,2024-03-17,Anahi Dixit,West,Surat,Groceries,Wheat,Wheat Nulla,5,58177,0,290885.0,63620.24,Debit Card,0.0,290885.0,0.0,0.21871268714440414,2024,3,17,6,Spring
11537,2025-09-04,Piya Kakar,South,Thiruvananthapuram,Toys,Action Figure,Action Figure Est,4,54053,5,205401.4,21438.76,Upi,0.05,205401.4,0.0,0.10437494583775962,2025,9,4,3,Fall
11538,2025-07-01,Taimur Talwar,North,Delhi,Electronics,Headphones,Headphones Incidunt,5,29477,0,147385.0,21636.95,Net Banking,0.0,147385.0,0.0,0.14680564507921431,2025,7,1,1,Summer
11539,2024-06-12,Jayant Sood,South,Bangalore,Electronics,Mobile,Mobile Quidem,4,56039,5,212948.2,52225.34,Cod,0.05,212948.19999999998,2.9103830456733704e-11,0.2452490323937934,2024,6,12,2,Summer
11540,2025-01-20,Kiara Garde,South,Hyderabad,Sports,Football,Football Corporis,1,65150,5,61892.5,4292.81,Net Banking,0.05,61892.5,0.0,0.06935913075089874,2025,1,20,0,winter
11541,2024-07-17,Romil Sani,West,Goa,Kitchen,Refrigerator,Refrigerator Molestias,3,54345,0,163035.0,34456.66,Debit Card,0.0,163035.0,0.0,0.21134517128224004,2024,7,17,2,Summer
11542,2025-05-16,Alisha Sarma,South,Bangalore,Sports,Football,Football Magni,4,45467,5,172774.6,20563.95,Credit Card,0.05,172774.6,0.0,0.11902183538552542,2025,5,16,4,Spring
11543,2024-04-14,Saanvi Seth,North,Jaipur,Toys,Board Game,Board Game Alias,3,53536,20,128486.4,31527.42,Credit Card,0.2,128486.40000000001,1.4551915228366852e-11,0.24537554169157202,2024,4,14,6,Spring
11544,2025-03-08,Veer Luthra,North,Jaipur,Books,Textbook,Textbook Non,3,56465,15,143985.75,21968.41,Cod,0.15,143985.75,0.0,0.1525735011971671,2025,3,8,5,Spring
11545,2025-09-13,Jivin Chandran,North,Jaipur,Books,Biography,Biography Officia,2,68644,10,123559.2,13468.47,Credit Card,0.1,123559.2,0.0,0.10900418584775556,2025,9,13,5,Fall
11546,2025-05-31,Siya Desai,South,Hyderabad,Furniture,Table,Table Molestiae,4,63192,20,202214.4,15630.52,Debit Card,0.2,202214.40000000002,2.9103830456733704e-11,0.07729677016077985,2025,5,31,5,Spring
11547,2025-08-16,Kabir Ramaswamy,West,Goa,Groceries,Rice,Rice Corporis,3,57535,0,172605.0,42852.79,Credit Card,0.0,172605.0,0.0,0.24827084962776283,2025,8,16,5,Summer
11548,2025-06-13,Priyansh Singhal,East,Patna,Kitchen,Cookware Set,Cookware Set Asperiores,1,4957,15,4213.45,662.55,Net Banking,0.15,4213.45,0.0,0.15724643700530444,2025,6,13,4,Summer
11549,2025-06-28,Zaina Dave,West,Mumbai,Electronics,Headphones,Headphones Accusantium,3,68401,10,184682.7,30435.71,Debit Card,0.1,184682.7,0.0,0.16480000563128,2025,6,28,5,Summer
11550,2025-04-18,Samarth Khare,North,Delhi,Books,Comics,Comics Eos,5,30383,0,151915.0,35359.41,Net Banking,0.0,151915.0,0.0,0.2327578580127045,2025,4,18,4,Spring
11551,2024-07-17,Nehmat Tiwari,East,Kolkata,Books,Textbook,Textbook Blanditiis,1,75876,0,75876.0,8554.23,Debit Card,0.0,75876.0,0.0,0.11273960145500553,2024,7,17,2,Summer
11552,2025-02-13,Advika Sidhu,North,Delhi,Home Decor,Vase,Vase Quisquam,4,78123,5,296867.4,35529.65,Credit Card,0.05,296867.39999999997,5.820766091346741e-11,0.11968188490888525,2025,2,13,3,winter
11553,2024-05-06,Charvi Rama,West,Goa,Clothing,Men'S Wear,Men's Wear Quisquam,3,66674,15,170018.7,37822.81,Net Banking,0.15,170018.69999999998,2.9103830456733704e-11,0.22246264675591565,2024,5,6,0,Spring
11554,2024-03-19,Lagan Sidhu,North,Amritsar,Kitchen,Cookware Set,Cookware Set Optio,1,53914,10,48522.6,3280.08,Debit Card,0.1,48522.6,0.0,0.06759901571638782,2024,3,19,1,Spring
11555,2024-02-05,Nehmat Batra,South,Thiruvananthapuram,Toys,Board Game,Board Game A,5,42355,0,211775.0,41918.73,Debit Card,0.0,211775.0,0.0,0.19793993625309883,2024,2,5,0,winter
11556,2025-01-08,Zaina Agarwal,West,Ahmedabad,Books,Biography,Biography Similique,2,14604,20,23366.4,3269.92,Credit Card,0.2,23366.4,0.0,0.13994111202410298,2025,1,8,2,winter
11557,2024-12-18,Devansh Kakar,East,Bhubaneswar,Books,Comics,Comics Iste,2,56144,15,95444.8,12913.43,Net Banking,0.15,95444.8,0.0,0.13529736559770675,2024,12,18,2,winter
11558,2024-03-26,Lakshay Kurian,North,Jaipur,Electronics,Mobile,Mobile Maxime,4,69488,0,277952.0,62478.5,Net Banking,0.0,277952.0,0.0,0.2247816169698365,2024,3,26,1,Spring
11559,2024-08-03,Arhaan Loyal,North,Jaipur,Groceries,Wheat,Wheat Provident,1,54783,15,46565.55,3984.69,Debit Card,0.15,46565.549999999996,7.275957614183426e-12,0.08557162967043232,2024,8,3,5,Summer
11560,2023-11-15,Miraya Gera,North,Jaipur,Electronics,Headphones,Headphones Explicabo,4,31813,15,108164.2,26474.26,Net Banking,0.15,108164.2,0.0,0.2447599113200116,2023,11,15,2,Fall
11561,2024-06-28,Trisha Dewan,West,Pune,Home Decor,Lamp,Lamp Exercitationem,3,22087,0,66261.0,14117.39,Debit Card,0.0,66261.0,0.0,0.2130573036929717,2024,6,28,4,Summer
11562,2025-04-25,Taran Sahni,North,Lucknow,Sports,Football,Football Natus,5,42219,15,179430.75,14017.16,Upi,0.15,179430.75,0.0,0.07812016613651784,2025,4,25,4,Spring
11563,2025-02-03,Samiha Yadav,East,Guwahati,Home Decor,Lamp,Lamp Placeat,1,67580,20,54064.0,4728.27,Net Banking,0.2,54064.0,0.0,0.08745690292986091,2025,2,3,0,winter
11564,2024-03-22,Tara Sanghvi,West,Surat,Beauty,Lipstick,Lipstick Quos,2,36046,20,57673.6,9875.64,Cod,0.2,57673.600000000006,7.275957614183426e-12,0.1712332852466293,2024,3,22,4,Spring
11565,2024-12-24,Ishaan Dhaliwal,South,Coimbatore,Sports,Tennis Racket,Tennis Racket Corrupti,3,45233,10,122129.1,13140.77,Net Banking,0.1,122129.1,0.0,0.10759737032369844,2024,12,24,1,winter
11566,2024-03-31,Yashvi Dewan,North,Amritsar,Beauty,Foundation,Foundation Dolorem,5,8191,5,38907.25,9434.86,Upi,0.05,38907.25,0.0,0.24249619286893834,2024,3,31,6,Spring
11567,2024-12-12,Purab Kari,South,Thiruvananthapuram,Home Decor,Wall Art,Wall Art Ipsum,2,51678,20,82684.8,10796.75,Debit Card,0.2,82684.8,0.0,0.1305772040326638,2024,12,12,3,winter
11568,2023-10-27,Adira Chander,East,Guwahati,Furniture,Table,Table Similique,4,15799,10,56876.4,11137.0,Cod,0.1,56876.4,0.0,0.19581056466302368,2023,10,27,4,Fall
11569,2023-12-01,Anika Lala,South,Coimbatore,Beauty,Perfume,Perfume Sequi,3,42318,20,101563.2,23837.43,Debit Card,0.2,101563.20000000001,1.4551915228366852e-11,0.23470538541518976,2023,12,1,4,winter
11570,2023-12-01,Tara Sagar,West,Ahmedabad,Sports,Cricket Bat,Cricket Bat Aliquid,5,39187,20,156748.0,36611.86,Net Banking,0.2,156748.0,0.0,0.233571465026667,2023,12,1,4,winter
11571,2025-06-13,Lakshit Salvi,North,Delhi,Sports,Dumbbells,Dumbbells Facere,3,72783,10,196514.1,25235.58,Upi,0.1,196514.1,0.0,0.1284161289189936,2025,6,13,4,Summer
11572,2024-05-05,Indrans Reddy,North,Lucknow,Furniture,Table,Table Voluptas,1,62101,15,52785.85,7000.08,Upi,0.15,52785.85,0.0,0.13261281195623448,2024,5,5,6,Spring
11573,2024-07-25,Riaan Choudhry,East,Ranchi,Toys,Action Figure,Action Figure Pariatur,2,10088,15,17149.6,1071.1,Cod,0.15,17149.6,0.0,0.062456267201567384,2024,7,25,3,Summer
11574,2025-03-21,Anay Sangha,North,Lucknow,Sports,Football,Football A,4,79712,0,318848.0,36875.17,Debit Card,0.0,318848.0,0.0,0.11565125075270975,2025,3,21,4,Spring
11575,2025-07-09,Inaaya  Zachariah,West,Goa,Home Decor,Lamp,Lamp Fugit,5,46998,20,187992.0,39194.44,Upi,0.2,187992.0,0.0,0.2084899357419465,2025,7,9,2,Summer
11576,2024-10-20,Navya Sampath,North,Jaipur,Sports,Yoga Mat,Yoga Mat Facilis,4,74530,5,283214.0,66074.46,Net Banking,0.05,283214.0,0.0,0.23330223788372045,2024,10,20,6,Fall
11577,2025-08-18,Uthkarsh Khosla,South,Thiruvananthapuram,Home Decor,Cushion,Cushion Explicabo,2,3891,0,7782.0,1097.42,Credit Card,0.0,7782.0,0.0,0.14102030326394244,2025,8,18,0,Summer
11578,2024-02-05,Dhanuk Shukla,East,Guwahati,Home Decor,Vase,Vase Dignissimos,5,42882,0,214410.0,51786.03,Cod,0.0,214410.0,0.0,0.24152805372883726,2024,2,5,0,winter
11579,2025-05-12,Miraya Raju,West,Goa,Books,Fiction,Fiction Aperiam,5,37420,0,187100.0,33417.76,Upi,0.0,187100.0,0.0,0.17860908605024053,2025,5,12,0,Spring
11580,2025-03-24,Arnav Karpe,North,Amritsar,Clothing,Accessories,Accessories Ratione,3,41464,20,99513.6,18526.87,Upi,0.2,99513.6,0.0,0.1861742515595858,2025,3,24,0,Spring
11581,2025-06-04,Azad Viswanathan,North,Delhi,Electronics,Headphones,Headphones Aliquid,2,7577,0,15154.0,2025.72,Upi,0.0,15154.0,0.0,0.13367559720205888,2025,6,4,2,Summer
11582,2023-10-10,Lavanya Sabharwal,North,Amritsar,Groceries,Spices,Spices Quidem,4,24513,20,78441.6,11584.72,Cod,0.2,78441.6,0.0,0.14768592175580303,2023,10,10,1,Fall
11583,2024-07-31,Priyansh Sidhu,West,Goa,Groceries,Oil,Oil Id,5,46871,0,234355.0,12869.71,Net Banking,0.0,234355.0,0.0,0.05491544878496298,2024,7,31,2,Summer
11584,2024-03-02,Bhamini Subramaniam,East,Patna,Sports,Yoga Mat,Yoga Mat Velit,2,44818,15,76190.6,7521.02,Cod,0.15,76190.59999999999,1.4551915228366852e-11,0.09871322709100598,2024,3,2,5,Spring
11585,2024-12-28,Indrajit Grewal,South,Thiruvananthapuram,Groceries,Spices,Spices Iste,3,22804,0,68412.0,12355.64,Debit Card,0.0,68412.0,0.0,0.18060632637548968,2024,12,28,5,winter
11586,2023-10-16,Nakul Krishnan,West,Ahmedabad,Groceries,Wheat,Wheat Nam,4,2456,10,8841.6,1589.25,Net Banking,0.1,8841.6,0.0,0.17974687839305103,2023,10,16,0,Fall
11587,2025-08-07,Taran Dhingra,North,Jaipur,Books,Comics,Comics Excepturi,3,61404,10,165790.8,23145.79,Upi,0.1,165790.80000000002,2.9103830456733704e-11,0.13960841011684608,2025,8,7,3,Summer
11588,2024-08-11,Shlok Bhatia,South,Chennai,Books,Biography,Biography Consequatur,2,6809,0,13618.0,1033.23,Debit Card,0.0,13618.0,0.0,0.07587237479806139,2024,8,11,6,Summer
11589,2025-07-18,Umang Kapadia,East,Kolkata,Books,Fiction,Fiction Quod,5,64990,0,324950.0,37182.7,Debit Card,0.0,324950.0,0.0,0.1144259116787198,2025,7,18,4,Summer
11590,2025-09-15,Purab Sarraf,South,Hyderabad,Sports,Football,Football Similique,1,51441,20,41152.8,6785.95,Cod,0.2,41152.8,0.0,0.16489643475049084,2025,9,15,0,Fall
11591,2024-09-23,Kanav Hayer,North,Amritsar,Kitchen,Mixer Grinder,Mixer Grinder Quisquam,2,67850,20,108560.0,21692.52,Upi,0.2,108560.0,0.0,0.19982056005895357,2024,9,23,0,Fall
11592,2024-10-19,Samaira Jain,North,Chandigarh,Home Decor,Lamp,Lamp Nostrum,4,53753,20,172009.6,18485.85,Cod,0.2,172009.6,0.0,0.107469873774487,2024,10,19,5,Fall
11593,2024-08-16,Mehul Johal,South,Hyderabad,Toys,Board Game,Board Game Rem,2,35273,10,63491.4,11506.5,Debit Card,0.1,63491.4,0.0,0.18122926884585944,2024,8,16,4,Summer
11594,2025-08-24,Chirag Sarma,East,Guwahati,Beauty,Foundation,Foundation Ullam,1,77782,0,77782.0,7989.3,Net Banking,0.0,77782.0,0.0,0.10271399552595717,2025,8,24,6,Summer
11595,2025-05-21,Himmat Ramanathan,South,Chennai,Home Decor,Cushion,Cushion Ad,4,5300,20,16960.0,2057.37,Cod,0.2,16960.0,0.0,0.1213071933962264,2025,5,21,2,Spring
11596,2025-08-09,Aarav Sami,West,Surat,Home Decor,Lamp,Lamp Voluptatibus,3,61760,0,185280.0,10418.76,Debit Card,0.0,185280.0,0.0,0.056232512953367876,2025,8,9,5,Summer
11597,2025-06-10,Dhanush Talwar,East,Bhubaneswar,Books,Biography,Biography Odit,3,5715,20,13716.0,2129.1,Credit Card,0.2,13716.0,0.0,0.15522747156605424,2025,6,10,1,Summer
11598,2024-12-19,Jiya Sem,South,Bangalore,Kitchen,Cookware Set,Cookware Set Facere,3,68753,5,195946.05,40263.16,Cod,0.05,195946.05,0.0,0.20548084536534422,2024,12,19,3,winter
11599,2025-05-11,Divyansh Chowdhury,West,Surat,Electronics,Headphones,Headphones Illo,4,19750,15,67150.0,8067.9,Credit Card,0.15,67150.0,0.0,0.12014743112434847,2025,5,11,6,Spring
11600,2024-04-11,Mishti Sha,East,Ranchi,Books,Biography,Biography Facere,1,13191,15,11212.35,1889.64,Cod,0.15,11212.35,0.0,0.16853202049525748,2024,4,11,3,Spring
11601,2025-04-11,Saksham Chandra,East,Bhubaneswar,Electronics,Mobile,Mobile Libero,4,33682,0,134728.0,11246.41,Net Banking,0.0,134728.0,0.0,0.0834749272608515,2025,4,11,4,Spring
11602,2023-10-05,Ishita Bala,North,Delhi,Beauty,Foundation,Foundation Dignissimos,4,56760,15,192984.0,23985.65,Credit Card,0.15,192984.0,0.0,0.12428828296646355,2023,10,5,3,Fall
11603,2024-02-08,Veer Dara,West,Mumbai,Groceries,Rice,Rice Adipisci,1,38881,0,38881.0,4094.1,Upi,0.0,38881.0,0.0,0.10529821763843522,2024,2,8,3,winter
11604,2024-02-19,Rohan Lad,South,Chennai,Groceries,Sugar,Sugar Dicta,1,60906,5,57860.7,9905.9,Debit Card,0.05,57860.7,0.0,0.17120256063269196,2024,2,19,0,winter
11605,2024-07-01,Shlok Singhal,North,Delhi,Groceries,Rice,Rice Exercitationem,4,32310,15,109854.0,11445.83,Upi,0.15,109854.0,0.0,0.10419129025797877,2024,7,1,0,Summer
11606,2024-02-22,Kiaan Saini,East,Guwahati,Furniture,Sofa,Sofa Nobis,5,39963,5,189824.25,20130.56,Debit Card,0.05,189824.25,0.0,0.10604841056925025,2024,2,22,3,winter
11607,2024-10-27,Kanav Kale,North,Jaipur,Furniture,Chair,Chair Voluptatum,4,12256,0,49024.0,4940.52,Upi,0.0,49024.0,0.0,0.10077757832898174,2024,10,27,6,Fall
11608,2024-11-11,Ojas Jaggi,East,Guwahati,Groceries,Rice,Rice Voluptatibus,2,63511,0,127022.0,30831.18,Net Banking,0.0,127022.0,0.0,0.24272315032041694,2024,11,11,0,Fall
11609,2023-12-07,Kismat Jaggi,North,Lucknow,Furniture,Cabinet,Cabinet Explicabo,1,76977,0,76977.0,9755.28,Debit Card,0.0,76977.0,0.0,0.12672980240851164,2023,12,7,3,winter
11610,2024-09-15,Pihu Shan,North,Delhi,Books,Comics,Comics Dolorem,2,6351,0,12702.0,924.79,Net Banking,0.0,12702.0,0.0,0.07280664462289403,2024,9,15,6,Fall
11611,2024-09-10,Saira Salvi,East,Ranchi,Sports,Cricket Bat,Cricket Bat Necessitatibus,1,44695,15,37990.75,3808.67,Debit Card,0.15,37990.75,0.0,0.10025256147878102,2024,9,10,1,Fall
11612,2025-08-27,Jivika Lalla,West,Goa,Groceries,Spices,Spices Omnis,5,57377,15,243852.25,39829.88,Cod,0.15,243852.25,0.0,0.16333611848978222,2025,8,27,2,Summer
11613,2025-03-14,Kavya Rao,West,Mumbai,Sports,Cricket Bat,Cricket Bat Ex,5,7268,15,30889.0,4148.52,Credit Card,0.15,30889.0,0.0,0.1343041212081971,2025,3,14,4,Spring
11614,2024-06-23,Parinaaz Sule,East,Guwahati,Sports,Dumbbells,Dumbbells Perferendis,3,20458,5,58305.3,11037.95,Net Banking,0.05,58305.299999999996,7.275957614183426e-12,0.18931297840848088,2024,6,23,6,Summer
11615,2025-09-12,Farhan Yadav,North,Lucknow,Groceries,Wheat,Wheat Repellat,3,42172,5,120190.2,19480.82,Cod,0.05,120190.2,0.0,0.16208326469212964,2025,9,12,4,Fall
11616,2025-08-07,Hazel Varty,East,Patna,Home Decor,Wall Art,Wall Art Fuga,3,20044,15,51112.2,10325.64,Cod,0.15,51112.2,0.0,0.20201908741944194,2025,8,7,3,Summer
11617,2025-01-30,Ishita Divan,South,Hyderabad,Clothing,Shoes,Shoes Ullam,1,54250,0,54250.0,4678.75,Upi,0.0,54250.0,0.0,0.0862442396313364,2025,1,30,3,winter
11618,2024-05-21,Krish Randhawa,East,Ranchi,Sports,Dumbbells,Dumbbells Vero,2,35691,0,71382.0,4565.24,Upi,0.0,71382.0,0.0,0.06395505869827127,2024,5,21,1,Spring
11619,2025-08-05,Hrishita Vora,East,Ranchi,Home Decor,Clock,Clock Atque,1,49454,0,49454.0,11369.32,Debit Card,0.0,49454.0,0.0,0.22989687386257937,2025,8,5,1,Summer
11620,2025-07-28,Raunak Tara,North,Chandigarh,Sports,Football,Football Ea,2,77408,10,139334.4,16926.08,Net Banking,0.1,139334.4,0.0,0.12147811308621563,2025,7,28,0,Summer
11621,2025-02-26,Keya Bhalla,West,Mumbai,Home Decor,Vase,Vase Occaecati,2,24823,10,44681.4,7182.14,Upi,0.1,44681.4,0.0,0.16074115851338588,2025,2,26,2,winter
11622,2025-09-02,Kashvi Bera,East,Ranchi,Electronics,Mobile,Mobile Modi,3,47062,0,141186.0,8557.97,Credit Card,0.0,141186.0,0.0,0.06061486266343688,2025,9,2,1,Fall
11623,2024-08-07,Yasmin Borde,North,Lucknow,Clothing,Men'S Wear,Men's Wear Quidem,3,63805,15,162702.75,29052.25,Credit Card,0.15,162702.75,0.0,0.17856028862450082,2024,8,7,2,Summer
11624,2024-05-26,Riya Manda,South,Bangalore,Books,Fiction,Fiction Doloremque,4,78933,0,315732.0,42110.49,Cod,0.0,315732.0,0.0,0.13337415909695563,2024,5,26,6,Spring
11625,2025-03-27,Indrans Lalla,North,Amritsar,Clothing,Men'S Wear,Men's Wear Eaque,1,61502,0,61502.0,8436.36,Net Banking,0.0,61502.0,0.0,0.13717212448375662,2025,3,27,3,Spring
11626,2024-01-09,Dharmajan Bhandari,West,Ahmedabad,Sports,Cricket Bat,Cricket Bat Earum,2,66194,5,125768.6,19628.07,Credit Card,0.05,125768.59999999999,1.4551915228366852e-11,0.1560649478486681,2024,1,9,1,winter
11627,2024-09-07,Rasha Dhingra,East,Bhubaneswar,Home Decor,Vase,Vase Tempore,5,42552,20,170208.0,27050.84,Net Banking,0.2,170208.0,0.0,0.15892813498777966,2024,9,7,5,Fall
11628,2024-08-27,Kabir Chauhan,West,Goa,Sports,Yoga Mat,Yoga Mat Esse,4,44013,20,140841.6,21148.03,Net Banking,0.2,140841.6,0.0,0.15015471281212367,2024,8,27,1,Summer
11629,2025-09-25,Neelofar Batta,West,Ahmedabad,Furniture,Bed,Bed Rem,2,60635,10,109143.0,13551.01,Credit Card,0.1,109143.0,0.0,0.1241583060755156,2025,9,25,3,Fall
11630,2024-03-30,Hiran Rama,North,Jaipur,Beauty,Foundation,Foundation Assumenda,1,66646,15,56649.1,10433.92,Cod,0.15,56649.1,0.0,0.18418509738018787,2024,3,30,5,Spring
11631,2025-01-17,Shaan Varty,North,Delhi,Electronics,Smartwatch,Smartwatch Veniam,2,72481,0,144962.0,30909.0,Credit Card,0.0,144962.0,0.0,0.2132213959520426,2025,1,17,4,winter
11632,2023-10-22,Alia Shenoy,South,Chennai,Electronics,Smartwatch,Smartwatch Aliquid,3,56472,0,169416.0,24115.18,Debit Card,0.0,169416.0,0.0,0.1423429900363602,2023,10,22,6,Fall
11633,2025-06-01,Elakshi Lanka,East,Bhubaneswar,Kitchen,Microwave,Microwave At,3,57285,10,154669.5,30424.95,Upi,0.1,154669.5,0.0,0.19670943527974163,2025,6,1,6,Summer
11634,2025-07-22,Jayesh Batra,North,Lucknow,Kitchen,Mixer Grinder,Mixer Grinder Alias,1,32892,20,26313.6,6364.28,Credit Card,0.2,26313.600000000002,3.637978807091713e-12,0.2418627629818801,2025,7,22,1,Summer
11635,2024-09-01,Prisha Chaudhary,East,Patna,Beauty,Shampoo,Shampoo Eveniet,3,3650,5,10402.5,2259.5,Cod,0.05,10402.5,0.0,0.21720740206681086,2024,9,1,6,Fall
11636,2025-01-20,Drishya Ahluwalia,North,Chandigarh,Clothing,Accessories,Accessories Error,2,50608,5,96155.2,18347.64,Upi,0.05,96155.2,0.0,0.19081276935620747,2025,1,20,0,winter
11637,2024-03-16,Advik Jha,West,Ahmedabad,Sports,Football,Football Esse,5,28103,10,126463.5,10750.92,Credit Card,0.1,126463.5,0.0,0.0850120390468396,2024,3,16,5,Spring
11638,2023-10-14,Renee Ramesh,East,Patna,Electronics,Smartwatch,Smartwatch Quia,5,61575,10,277087.5,65900.41,Cod,0.1,277087.5,0.0,0.23783248973699644,2023,10,14,5,Fall
11639,2025-07-21,Zara Sehgal,North,Lucknow,Kitchen,Cookware Set,Cookware Set Necessitatibus,1,60303,20,48242.4,4371.72,Net Banking,0.2,48242.4,0.0,0.09061986965822597,2025,7,21,0,Summer
11640,2024-08-31,Jayant Karnik,North,Lucknow,Toys,Action Figure,Action Figure Aliquam,5,42684,20,170736.0,35802.53,Upi,0.2,170736.0,0.0,0.2096952605191641,2024,8,31,5,Summer
11641,2024-06-06,Gokul Dixit,North,Delhi,Furniture,Chair,Chair Iusto,2,9148,20,14636.8,3549.47,Debit Card,0.2,14636.800000000001,1.8189894035458565e-12,0.24250314276344556,2024,6,6,3,Summer
11642,2024-12-15,Romil Sankar,North,Lucknow,Furniture,Bed,Bed Numquam,4,62391,15,212129.4,39302.36,Net Banking,0.15,212129.4,0.0,0.1852754026551718,2024,12,15,6,winter
11643,2024-02-25,Saksham Balan,South,Chennai,Electronics,Smartwatch,Smartwatch Cumque,2,37011,5,70320.9,10952.68,Credit Card,0.05,70320.9,0.0,0.15575284161607716,2024,2,25,6,winter
11644,2023-10-06,Anahita Sathe,North,Jaipur,Home Decor,Cushion,Cushion Ratione,1,24438,10,21994.2,5463.56,Net Banking,0.1,21994.2,0.0,0.24840912604232027,2023,10,6,4,Fall
11645,2025-06-28,Armaan Bawa,East,Ranchi,Furniture,Chair,Chair Iure,1,72063,5,68459.85,5222.84,Net Banking,0.05,68459.84999999999,1.4551915228366852e-11,0.07629055570527835,2025,6,28,5,Summer
11646,2025-08-23,Anvi Bawa,North,Lucknow,Groceries,Spices,Spices Expedita,1,55914,0,55914.0,3180.85,Net Banking,0.0,55914.0,0.0,0.05688825696605501,2025,8,23,5,Summer
11647,2023-11-02,Shalv Gole,East,Kolkata,Electronics,Headphones,Headphones Corporis,3,79420,20,190608.0,41600.7,Credit Card,0.2,190608.0,0.0,0.21825264417023418,2023,11,2,3,Fall
11648,2023-10-19,Vaibhav Banik,East,Kolkata,Beauty,Foundation,Foundation Assumenda,4,42925,0,171700.0,28766.76,Debit Card,0.0,171700.0,0.0,0.16754082702387885,2023,10,19,3,Fall
11649,2025-03-15,Shalv Rattan,West,Mumbai,Furniture,Sofa,Sofa Quisquam,4,48402,0,193608.0,22576.47,Cod,0.0,193608.0,0.0,0.1166091793727532,2025,3,15,5,Spring
11650,2023-12-27,Vivaan Biswas,North,Delhi,Furniture,Chair,Chair Aut,2,33002,20,52803.2,12398.2,Upi,0.2,52803.200000000004,7.275957614183426e-12,0.2348001636264469,2023,12,27,2,winter
11651,2024-10-23,Myra Chaudhuri,West,Surat,Kitchen,Cookware Set,Cookware Set Beatae,3,5548,0,16644.0,2668.12,Net Banking,0.0,16644.0,0.0,0.16030521509252582,2024,10,23,2,Fall
11652,2024-04-11,Kaira Goswami,East,Bhubaneswar,Beauty,Face Cream,Face Cream Tempora,5,75565,15,321151.25,40472.69,Credit Card,0.15,321151.25,0.0,0.12602376606038432,2024,4,11,3,Spring
11653,2024-01-26,Nayantara Sunder,West,Surat,Books,Comics,Comics Impedit,1,39595,0,39595.0,2517.44,Cod,0.0,39595.0,0.0,0.06357974491728753,2024,1,26,4,winter
11654,2025-01-21,Zara Dugar,South,Chennai,Toys,Doll,Doll Odio,2,2060,0,4120.0,225.9,Net Banking,0.0,4120.0,0.0,0.05483009708737864,2025,1,21,1,winter
11655,2025-01-12,Kiara Rout,South,Thiruvananthapuram,Beauty,Perfume,Perfume Eius,3,68438,0,205314.0,33447.95,Net Banking,0.0,205314.0,0.0,0.16291119943111526,2025,1,12,6,winter
11656,2025-02-12,Yuvraj  Majumdar,South,Chennai,Groceries,Oil,Oil Ex,3,19152,10,51710.4,6633.79,Debit Card,0.1,51710.4,0.0,0.12828734645255113,2025,2,12,2,winter
11657,2023-12-25,Yuvraj  Kanda,East,Kolkata,Home Decor,Vase,Vase Reiciendis,2,57033,5,108362.7,11472.15,Debit Card,0.05,108362.7,0.0,0.10586807083987387,2023,12,25,0,winter
11658,2025-05-18,Samarth Basu,East,Patna,Electronics,Mobile,Mobile Blanditiis,2,2115,5,4018.5,593.97,Upi,0.05,4018.5,0.0,0.14780888391190744,2025,5,18,6,Spring
11659,2025-05-24,Jayant Kothari,North,Lucknow,Books,Fiction,Fiction Voluptates,5,74783,0,373915.0,43357.72,Net Banking,0.0,373915.0,0.0,0.11595608627629274,2025,5,24,5,Spring
11660,2023-12-17,Rhea Sarma,West,Pune,Toys,Action Figure,Action Figure Dolorem,3,19701,10,53192.7,3178.33,Credit Card,0.1,53192.700000000004,7.275957614183426e-12,0.05975124406168516,2023,12,17,6,winter
11661,2024-03-14,Faiyaz Garde,East,Patna,Groceries,Oil,Oil Corporis,5,2411,20,9644.0,693.05,Net Banking,0.2,9644.0,0.0,0.07186333471588552,2024,3,14,3,Spring
11662,2024-06-10,Shanaya Ranganathan,West,Surat,Books,Fiction,Fiction Praesentium,5,11866,20,47464.0,9468.61,Net Banking,0.2,47464.0,0.0,0.19949035058149336,2024,6,10,0,Summer
11663,2025-01-14,Alisha Grewal,South,Chennai,Furniture,Chair,Chair Quaerat,5,33773,20,135092.0,32752.29,Credit Card,0.2,135092.0,0.0,0.2424443342314867,2025,1,14,1,winter
11664,2024-12-19,Riya Sankaran,East,Kolkata,Toys,Rc Car,RC Car Optio,4,72509,10,261032.4,59195.25,Cod,0.1,261032.4,0.0,0.2267735729357735,2024,12,19,3,winter
11665,2025-02-08,Advik Kakar,South,Chennai,Groceries,Spices,Spices Exercitationem,2,53752,0,107504.0,25624.1,Debit Card,0.0,107504.0,0.0,0.23835485191248695,2025,2,8,5,winter
11666,2023-12-06,Zara Bhat,South,Chennai,Clothing,Women'S Wear,Women's Wear Officiis,1,63433,0,63433.0,15133.43,Net Banking,0.0,63433.0,0.0,0.2385734554569388,2023,12,6,2,winter
11667,2024-07-07,Anvi Kalita,North,Jaipur,Toys,Rc Car,RC Car Eius,5,59997,20,239988.0,46159.38,Credit Card,0.2,239988.0,0.0,0.19234036701835092,2024,7,7,6,Summer
11668,2024-02-02,Baiju Sandhu,West,Ahmedabad,Furniture,Bed,Bed Illum,1,60156,10,54140.4,11831.41,Cod,0.1,54140.4,0.0,0.21853200198003708,2024,2,2,4,winter
11669,2025-04-18,Yuvaan Thaman,North,Amritsar,Electronics,Headphones,Headphones Officia,4,69718,10,250984.8,36369.51,Cod,0.1,250984.80000000002,2.9103830456733704e-11,0.1449072214731729,2025,4,18,4,Spring
11670,2024-07-15,Rasha Buch,North,Jaipur,Electronics,Mobile,Mobile Nesciunt,2,49573,20,79316.8,18206.41,Upi,0.2,79316.8,0.0,0.22954040001613782,2024,7,15,0,Summer
11671,2024-01-12,Prisha Kala,East,Guwahati,Sports,Football,Football Quia,3,18632,10,50306.4,5123.95,Net Banking,0.1,50306.4,0.0,0.10185483357982283,2024,1,12,4,winter
11672,2025-07-18,Anvi Biswas,West,Surat,Sports,Dumbbells,Dumbbells Repellendus,4,79376,10,285753.6,63249.01,Cod,0.1,285753.60000000003,5.820766091346741e-11,0.22134107846760287,2025,7,18,4,Summer
11673,2023-11-02,Elakshi Comar,East,Bhubaneswar,Kitchen,Juicer,Juicer Odio,1,46364,5,44045.8,8913.87,Debit Card,0.05,44045.799999999996,7.275957614183426e-12,0.20237729817598954,2023,11,2,3,Fall
11674,2024-03-04,Vedika Khalsa,North,Jaipur,Electronics,Laptop,Laptop Perspiciatis,3,39158,20,93979.2,17449.47,Debit Card,0.2,93979.20000000001,1.4551915228366852e-11,0.18567374482864296,2024,3,4,0,Spring
11675,2023-10-19,Anika Talwar,East,Bhubaneswar,Furniture,Cabinet,Cabinet Ratione,2,27775,20,44440.0,2544.88,Upi,0.2,44440.0,0.0,0.057265526552655266,2023,10,19,3,Fall
11676,2024-02-29,Prerak Magar,West,Pune,Toys,Board Game,Board Game Culpa,5,11231,0,56155.0,4902.83,Credit Card,0.0,56155.0,0.0,0.08730887721485175,2024,2,29,3,winter
11677,2024-10-27,Aaryahi Madan,West,Goa,Kitchen,Cookware Set,Cookware Set Omnis,1,70622,10,63559.8,4851.06,Cod,0.1,63559.8,0.0,0.0763227700527692,2024,10,27,6,Fall
11678,2025-05-09,Ranbir Khatri,North,Lucknow,Home Decor,Clock,Clock Quisquam,2,7565,20,12104.0,2075.98,Cod,0.2,12104.0,0.0,0.1715118968935889,2025,5,9,4,Spring
11679,2024-11-07,Biju Uppal,South,Coimbatore,Books,Fiction,Fiction Velit,1,65926,20,52740.8,4635.38,Upi,0.2,52740.8,0.0,0.08788983102266176,2024,11,7,3,Fall
11680,2024-05-11,Priyansh Srinivas,West,Mumbai,Sports,Tennis Racket,Tennis Racket Asperiores,3,49393,5,140770.05,32407.19,Credit Card,0.05,140770.05,0.0,0.2302136711608755,2024,5,11,5,Spring
11681,2024-12-02,Shanaya Sidhu,East,Bhubaneswar,Books,Comics,Comics Unde,3,48500,15,123675.0,20159.26,Net Banking,0.15,123675.0,0.0,0.16300190014149987,2024,12,2,0,winter
11682,2024-03-01,Miraya Bhalla,South,Bangalore,Clothing,Accessories,Accessories Repellendus,4,69110,20,221152.0,54248.84,Cod,0.2,221152.0,0.0,0.2453011503400376,2024,3,1,4,Spring
11683,2025-01-07,Nitya Basak,East,Bhubaneswar,Books,Biography,Biography Ipsa,1,69737,5,66250.15,10451.39,Debit Card,0.05,66250.15,0.0,0.15775647300421208,2025,1,7,1,winter
11684,2023-11-18,Anahita Datta,North,Lucknow,Clothing,Kids Wear,Kids Wear Eos,2,60494,15,102839.8,18089.76,Cod,0.15,102839.8,0.0,0.17590232575325893,2023,11,18,5,Fall
11685,2023-12-28,Aaryahi Ben,North,Lucknow,Home Decor,Vase,Vase Ut,4,58841,5,223595.8,28225.93,Net Banking,0.05,223595.8,0.0,0.1262364051560897,2023,12,28,3,winter
11686,2024-04-03,Prerak Arora,East,Bhubaneswar,Furniture,Sofa,Sofa Repellendus,3,55235,10,149134.5,19303.92,Debit Card,0.1,149134.5,0.0,0.12943966687788538,2024,4,3,2,Spring
11687,2024-09-27,Vivaan Bobal,North,Lucknow,Books,Non-Fiction,Non-Fiction Reiciendis,4,73314,20,234604.8,29815.19,Cod,0.2,234604.80000000002,2.9103830456733704e-11,0.12708687119786125,2024,9,27,4,Fall
11688,2024-04-09,Zeeshan Bail,East,Kolkata,Home Decor,Vase,Vase Officiis,2,30171,5,57324.9,11541.33,Cod,0.05,57324.899999999994,7.275957614183426e-12,0.20133188195705531,2024,4,9,1,Spring
11689,2025-05-24,Aaina Bir,South,Chennai,Furniture,Sofa,Sofa Praesentium,5,57761,20,231044.0,57568.32,Debit Card,0.2,231044.0,0.0,0.24916604629421235,2025,5,24,5,Spring
11690,2025-05-09,Hiran Goda,South,Hyderabad,Groceries,Sugar,Sugar Cupiditate,3,5256,20,12614.4,1472.03,Credit Card,0.2,12614.400000000001,1.8189894035458565e-12,0.11669441273465246,2025,5,9,4,Spring
11691,2025-01-21,Alisha Devi,North,Lucknow,Beauty,Foundation,Foundation Odit,4,25253,0,101012.0,6703.33,Credit Card,0.0,101012.0,0.0,0.06636171939967528,2025,1,21,1,winter
11692,2025-01-21,Damini Sengupta,East,Patna,Clothing,Women'S Wear,Women's Wear Incidunt,5,42333,10,190498.5,33377.71,Net Banking,0.1,190498.5,0.0,0.17521245574112132,2025,1,21,1,winter
11693,2024-03-30,Purab Dixit,North,Chandigarh,Home Decor,Clock,Clock Maiores,3,57740,10,155898.0,11346.78,Cod,0.1,155898.0,0.0,0.07278335834969019,2024,3,30,5,Spring
11694,2025-01-30,Manikya Mahal,East,Ranchi,Clothing,Men'S Wear,Men's Wear Architecto,3,78167,20,187600.8,28058.26,Upi,0.2,187600.80000000002,2.9103830456733704e-11,0.14956364791621357,2025,1,30,3,winter
11695,2025-07-20,Lakshay Arya,West,Goa,Electronics,Camera,Camera Optio,5,71884,10,323478.0,42505.17,Net Banking,0.1,323478.0,0.0,0.13140049709717508,2025,7,20,6,Summer
11696,2024-11-22,Ishaan Singhal,East,Kolkata,Electronics,Laptop,Laptop Recusandae,3,11886,0,35658.0,5755.32,Upi,0.0,35658.0,0.0,0.16140333165068146,2024,11,22,4,Fall
11697,2025-05-10,Jivika Baral,East,Guwahati,Beauty,Lipstick,Lipstick Labore,3,50394,15,128504.7,7003.12,Net Banking,0.15,128504.7,0.0,0.05449699505154286,2025,5,10,5,Spring
11698,2025-07-12,Krish Mall,South,Hyderabad,Home Decor,Vase,Vase Quam,2,2618,15,4450.6,1050.15,Debit Card,0.15,4450.599999999999,9.094947017729282e-13,0.2359569496247697,2025,7,12,5,Summer
11699,2023-10-18,Taran Aggarwal,West,Ahmedabad,Toys,Action Figure,Action Figure Mollitia,1,12301,0,12301.0,2273.16,Upi,0.0,12301.0,0.0,0.18479473213559872,2023,10,18,2,Fall
11700,2024-08-19,Hansh Ram,South,Chennai,Sports,Tennis Racket,Tennis Racket Modi,5,77628,20,310512.0,69855.18,Net Banking,0.2,310512.0,0.0,0.2249677307157211,2024,8,19,0,Summer
11701,2024-10-29,Mohanlal Sampath,North,Delhi,Groceries,Rice,Rice Nam,5,74166,20,296664.0,54818.48,Cod,0.2,296664.0,0.0,0.18478305422970095,2024,10,29,1,Fall
11702,2024-08-29,Pari Anand,West,Mumbai,Groceries,Wheat,Wheat Quod,4,75821,10,272955.6,60121.92,Upi,0.1,272955.60000000003,5.820766091346741e-11,0.22026263612103947,2024,8,29,3,Summer
11703,2025-04-17,Samaira Ramanathan,West,Surat,Beauty,Face Cream,Face Cream Distinctio,3,22061,20,52946.4,3283.28,Upi,0.2,52946.4,0.0,0.06201139265370261,2025,4,17,3,Spring
11704,2025-07-25,Khushi Sridhar,West,Mumbai,Clothing,Shoes,Shoes Necessitatibus,1,62796,0,62796.0,12979.0,Credit Card,0.0,62796.0,0.0,0.20668513918083956,2025,7,25,4,Summer
11705,2023-12-28,Riya Dhawan,North,Amritsar,Electronics,Smartwatch,Smartwatch Rerum,3,35808,10,96681.6,9239.84,Debit Card,0.1,96681.6,0.0,0.09556978783967165,2023,12,28,3,winter
11706,2023-11-12,Bhavin Chahal,West,Ahmedabad,Kitchen,Juicer,Juicer Vitae,1,62675,15,53273.75,2838.01,Net Banking,0.15,53273.75,0.0,0.05327220253877379,2023,11,12,6,Fall
11707,2024-04-26,Shray Salvi,West,Goa,Groceries,Spices,Spices Nostrum,3,30204,10,81550.8,16619.07,Cod,0.1,81550.8,0.0,0.20378794567312644,2024,4,26,4,Spring
11708,2024-12-31,Pihu Gopal,North,Amritsar,Electronics,Smartwatch,Smartwatch Dolorum,3,4373,20,10495.2,1731.13,Debit Card,0.2,10495.2,0.0,0.16494492720481743,2024,12,31,1,winter
11709,2025-08-24,Siya Bhatt,West,Ahmedabad,Kitchen,Mixer Grinder,Mixer Grinder Neque,2,59417,0,118834.0,19244.07,Upi,0.0,118834.0,0.0,0.1619407745258091,2025,8,24,6,Summer
11710,2024-10-17,Umang Saran,East,Guwahati,Clothing,Women'S Wear,Women's Wear Pariatur,1,67171,10,60453.9,9287.46,Upi,0.1,60453.9,0.0,0.15362879814205532,2024,10,17,3,Fall
11711,2024-04-12,Dhanush Kaul,West,Pune,Books,Fiction,Fiction Quisquam,4,31565,10,113634.0,11751.62,Credit Card,0.1,113634.0,0.0,0.10341640706126688,2024,4,12,4,Spring
11712,2024-06-03,Heer Saini,South,Hyderabad,Clothing,Men'S Wear,Men's Wear Ipsam,1,35100,15,29835.0,2153.01,Net Banking,0.15,29835.0,0.0,0.07216390145801911,2024,6,3,0,Summer
11713,2023-12-19,Shlok Sarna,West,Goa,Books,Comics,Comics Iste,2,65407,15,111191.9,24561.29,Credit Card,0.15,111191.9,0.0,0.2208910001537882,2023,12,19,1,winter
11714,2025-09-08,Taran Setty,East,Patna,Clothing,Kids Wear,Kids Wear Fugit,1,19871,0,19871.0,1381.21,Debit Card,0.0,19871.0,0.0,0.06950883196618188,2025,9,8,0,Fall
11715,2025-08-12,Kimaya Divan,West,Ahmedabad,Furniture,Bed,Bed Ullam,3,79930,0,239790.0,40314.98,Net Banking,0.0,239790.0,0.0,0.1681261937528671,2025,8,12,1,Summer
11716,2024-06-07,Anahi Bail,North,Jaipur,Kitchen,Cookware Set,Cookware Set Ducimus,4,27694,15,94159.6,7836.83,Upi,0.15,94159.59999999999,1.4551915228366852e-11,0.08322921932548566,2024,6,7,4,Summer
11717,2025-04-07,Baiju Kakar,North,Delhi,Beauty,Perfume,Perfume Labore,3,75973,5,216523.05,30633.55,Debit Card,0.05,216523.05,0.0,0.14147939445707974,2025,4,7,0,Spring
11718,2025-09-27,Arhaan Venkataraman,South,Thiruvananthapuram,Home Decor,Lamp,Lamp Quos,1,4952,20,3961.6,319.05,Debit Card,0.2,3961.6000000000004,4.547473508864641e-13,0.08053564216478191,2025,9,27,5,Fall
11719,2025-09-19,Anika Lanka,East,Ranchi,Kitchen,Refrigerator,Refrigerator Modi,1,11418,10,10276.2,706.96,Credit Card,0.1,10276.2,0.0,0.06879585839123412,2025,9,19,4,Fall
11720,2024-04-17,Ranbir Tailor,West,Goa,Home Decor,Wall Art,Wall Art Aspernatur,1,21299,0,21299.0,3062.26,Credit Card,0.0,21299.0,0.0,0.14377482510916006,2024,4,17,2,Spring
11721,2024-08-05,Dhanush Kothari,South,Chennai,Beauty,Face Cream,Face Cream Labore,3,32002,10,86405.4,12311.35,Net Banking,0.1,86405.40000000001,1.4551915228366852e-11,0.14248357162862507,2024,8,5,0,Summer
11722,2025-04-19,Stuvan Raman,East,Guwahati,Furniture,Table,Table Debitis,3,22224,20,53337.6,7880.65,Debit Card,0.2,53337.600000000006,7.275957614183426e-12,0.14775036747060236,2025,4,19,5,Spring
11723,2024-06-12,Samarth Raval,North,Chandigarh,Furniture,Cabinet,Cabinet Dignissimos,3,45795,5,130515.75,22802.44,Net Banking,0.05,130515.75,0.0,0.17471025527570427,2024,6,12,2,Summer
11724,2025-06-30,Shanaya Seshadri,West,Mumbai,Beauty,Perfume,Perfume Numquam,3,19952,10,53870.4,9809.2,Cod,0.1,53870.4,0.0,0.18208886512815944,2025,6,30,0,Summer
11725,2023-10-23,Inaaya  Cheema,South,Coimbatore,Toys,Doll,Doll Quia,2,21170,5,40223.0,5390.61,Cod,0.05,40223.0,0.0,0.13401809909753126,2023,10,23,0,Fall
11726,2025-03-12,Jivin Manne,South,Bangalore,Kitchen,Juicer,Juicer Harum,1,48597,0,48597.0,3777.14,Upi,0.0,48597.0,0.0,0.0777237278021277,2025,3,12,2,Spring
11727,2025-05-07,Raunak Dalal,West,Pune,Electronics,Mobile,Mobile Aut,3,37237,0,111711.0,26905.4,Upi,0.0,111711.0,0.0,0.24084826024294834,2025,5,7,2,Spring
11728,2024-01-10,Mannat Dugar,North,Lucknow,Home Decor,Clock,Clock Enim,5,66835,10,300757.5,47167.33,Debit Card,0.1,300757.5,0.0,0.15682844151849912,2024,1,10,2,winter
11729,2024-07-11,Myra Sharaf,East,Bhubaneswar,Electronics,Camera,Camera Quod,3,6082,10,16421.4,2105.21,Cod,0.1,16421.4,0.0,0.12819917911992887,2024,7,11,3,Summer
11730,2024-10-02,Dhanush Sandal,South,Hyderabad,Furniture,Table,Table Cum,2,39347,5,74759.3,4954.31,Upi,0.05,74759.3,0.0,0.06627014966699796,2024,10,2,2,Fall
11731,2024-09-23,Lagan Bora,East,Guwahati,Home Decor,Cushion,Cushion Eligendi,5,79720,15,338810.0,56858.14,Upi,0.15,338810.0,0.0,0.1678171836722647,2024,9,23,0,Fall
11732,2024-12-04,Samar Sant,North,Amritsar,Sports,Football,Football Qui,3,65579,10,177063.3,16632.21,Cod,0.1,177063.30000000002,2.9103830456733704e-11,0.09393369489894292,2024,12,4,2,winter
11733,2024-05-17,Anya Dyal,North,Lucknow,Books,Textbook,Textbook Debitis,4,70452,10,253627.2,43553.38,Net Banking,0.1,253627.2,0.0,0.17172203927654445,2024,5,17,4,Spring
11734,2025-05-27,Dishani Sethi,North,Lucknow,Home Decor,Wall Art,Wall Art Amet,4,78577,10,282877.2,41965.03,Upi,0.1,282877.2,0.0,0.14835069775860338,2025,5,27,1,Spring
11735,2025-08-21,Tanya Sha,North,Lucknow,Sports,Tennis Racket,Tennis Racket Commodi,4,1220,15,4148.0,1007.41,Debit Card,0.15,4148.0,0.0,0.24286644165863067,2025,8,21,3,Summer
11736,2024-08-01,Gokul Bava,West,Surat,Toys,Doll,Doll Debitis,2,9079,15,15434.3,2682.4,Debit Card,0.15,15434.3,0.0,0.17379472991972428,2024,8,1,3,Summer
11737,2024-06-11,Madhav Gandhi,North,Lucknow,Books,Biography,Biography Nam,3,8645,5,24638.25,5116.79,Upi,0.05,24638.25,0.0,0.20767668158249875,2024,6,11,1,Summer
11738,2024-05-23,Jivin Shah,North,Chandigarh,Clothing,Men'S Wear,Men's Wear Eum,3,35294,10,95293.8,12177.03,Credit Card,0.1,95293.8,0.0,0.1277840740950618,2024,5,23,3,Spring
11739,2025-02-02,Zeeshan Sule,North,Delhi,Home Decor,Wall Art,Wall Art Quae,3,24777,15,63181.35,3552.34,Cod,0.15,63181.35,0.0,0.056224502958547105,2025,2,2,6,winter
11740,2024-11-25,Parinaaz Dhingra,West,Goa,Kitchen,Cookware Set,Cookware Set Culpa,1,40154,15,34130.9,3337.32,Debit Card,0.15,34130.9,0.0,0.09778001752078029,2024,11,25,0,Fall
11741,2023-11-22,Hrishita Yohannan,West,Surat,Kitchen,Microwave,Microwave Cumque,4,17598,20,56313.6,11498.54,Credit Card,0.2,56313.600000000006,7.275957614183426e-12,0.20418762075235825,2023,11,22,2,Fall
11742,2024-03-06,Emir Vasa,South,Hyderabad,Groceries,Oil,Oil Fuga,2,18380,15,31246.0,6159.83,Credit Card,0.15,31246.0,0.0,0.19713979389361838,2024,3,6,2,Spring
11743,2024-07-21,Saksham Lal,West,Mumbai,Home Decor,Vase,Vase Nihil,5,23101,10,103954.5,13413.09,Net Banking,0.1,103954.5,0.0,0.12902846918603814,2024,7,21,6,Summer
11744,2024-02-18,Kimaya Aurora,North,Lucknow,Home Decor,Vase,Vase Adipisci,3,35662,10,96287.4,22651.78,Credit Card,0.1,96287.40000000001,1.4551915228366852e-11,0.23525175671998622,2024,2,18,6,winter
11745,2025-08-03,Advika Sood,South,Thiruvananthapuram,Beauty,Foundation,Foundation Quisquam,5,65191,5,309657.25,52875.95,Upi,0.05,309657.25,0.0,0.17075637660671597,2025,8,3,6,Summer
11746,2025-09-02,Keya Gupta,East,Kolkata,Kitchen,Mixer Grinder,Mixer Grinder Animi,3,68529,0,205587.0,29841.06,Net Banking,0.0,205587.0,0.0,0.14515052021771804,2025,9,2,1,Fall
11747,2024-02-27,Onkar Bandi,North,Chandigarh,Electronics,Smartwatch,Smartwatch Illo,4,2174,20,6956.8,761.33,Upi,0.2,6956.8,0.0,0.1094368100275989,2024,2,27,1,winter
11748,2023-12-11,Darshit Iyengar,South,Coimbatore,Furniture,Chair,Chair Culpa,4,29786,5,113186.8,16560.19,Debit Card,0.05,113186.79999999999,1.4551915228366852e-11,0.14630849180293107,2023,12,11,0,winter
11749,2024-07-17,Ehsaan Karpe,West,Surat,Clothing,Women'S Wear,Women's Wear Eligendi,5,15192,0,75960.0,4291.91,Upi,0.0,75960.0,0.0,0.05650223802001053,2024,7,17,2,Summer
11750,2025-07-21,Manikya Kumer,North,Lucknow,Beauty,Lipstick,Lipstick Facere,4,29286,10,105429.6,8293.39,Cod,0.1,105429.6,0.0,0.07866282334372889,2025,7,21,0,Summer
11751,2025-09-26,Samaira Rana,South,Chennai,Electronics,Mobile,Mobile Rem,2,26412,0,52824.0,5742.19,Cod,0.0,52824.0,0.0,0.10870418749053459,2025,9,26,4,Fall
11752,2024-03-04,Vedika Sridhar,East,Ranchi,Books,Biography,Biography Nihil,4,36828,0,147312.0,31263.35,Debit Card,0.0,147312.0,0.0,0.21222541272944498,2024,3,4,0,Spring
11753,2025-03-21,Tejas Ramesh,East,Kolkata,Home Decor,Clock,Clock Corporis,2,10021,10,18037.8,1793.94,Credit Card,0.1,18037.8,0.0,0.09945447892758541,2025,3,21,4,Spring
11754,2024-02-21,Kashvi Sabharwal,East,Ranchi,Clothing,Shoes,Shoes Architecto,3,29543,15,75334.65,13641.66,Upi,0.15,75334.65,0.0,0.18108081739279336,2024,2,21,2,winter
11755,2025-01-11,Emir Bhat,West,Mumbai,Sports,Football,Football Animi,2,49322,5,93711.8,16471.19,Cod,0.05,93711.79999999999,1.4551915228366852e-11,0.17576431143143123,2025,1,11,5,winter
11756,2024-12-10,Shanaya Sura,North,Jaipur,Electronics,Laptop,Laptop Reprehenderit,5,1349,0,6745.0,1631.05,Upi,0.0,6745.0,0.0,0.24181616011860638,2024,12,10,1,winter
11757,2023-12-18,Zaina Dora,East,Patna,Kitchen,Refrigerator,Refrigerator Ad,5,23772,0,118860.0,16062.25,Net Banking,0.0,118860.0,0.0,0.13513587413764092,2023,12,18,0,winter
11758,2023-12-20,Taran Bhandari,South,Coimbatore,Groceries,Sugar,Sugar Quaerat,1,45377,0,45377.0,4593.33,Net Banking,0.0,45377.0,0.0,0.1012259514732133,2023,12,20,2,winter
11759,2025-03-03,Kanav Hari,South,Bangalore,Electronics,Mobile,Mobile Debitis,1,28367,10,25530.3,5463.63,Debit Card,0.1,25530.3,0.0,0.21400571086121198,2025,3,3,0,Spring
11760,2025-08-07,Farhan Saran,West,Ahmedabad,Beauty,Shampoo,Shampoo Molestias,5,62836,15,267053.0,64508.18,Net Banking,0.15,267053.0,0.0,0.2415557211489854,2025,8,7,3,Summer
11761,2025-04-30,Reyansh Shan,East,Ranchi,Kitchen,Refrigerator,Refrigerator Doloribus,4,8239,5,31308.2,4765.02,Cod,0.05,31308.199999999997,3.637978807091713e-12,0.15219718795714862,2025,4,30,2,Spring
11762,2024-10-24,Dharmajan Doctor,East,Kolkata,Toys,Action Figure,Action Figure Deserunt,4,6178,10,22240.8,1545.38,Debit Card,0.1,22240.8,0.0,0.06948401136649761,2024,10,24,3,Fall
11763,2024-06-09,Kiara Bhandari,West,Pune,Groceries,Rice,Rice Labore,3,56900,5,162165.0,25330.18,Net Banking,0.05,162165.0,0.0,0.15620004316591127,2024,6,9,6,Summer
11764,2024-10-01,Mishti Halder,West,Pune,Clothing,Men'S Wear,Men's Wear Incidunt,5,74469,15,316493.25,60045.23,Debit Card,0.15,316493.25,0.0,0.18972041267862744,2024,10,1,1,Fall
11765,2023-12-11,Kartik Tella,East,Patna,Clothing,Shoes,Shoes Consectetur,1,47489,0,47489.0,5911.72,Credit Card,0.0,47489.0,0.0,0.12448609151593001,2023,12,11,0,winter
11766,2024-03-16,Hansh Randhawa,West,Ahmedabad,Furniture,Sofa,Sofa Animi,5,54566,0,272830.0,49265.05,Cod,0.0,272830.0,0.0,0.18057050177766376,2024,3,16,5,Spring
11767,2025-03-07,Samar Tripathi,South,Hyderabad,Kitchen,Juicer,Juicer Quisquam,4,62426,15,212248.4,37716.57,Credit Card,0.15,212248.4,0.0,0.17770013814002839,2025,3,7,4,Spring
11768,2024-07-27,Dhanuk Rama,North,Lucknow,Sports,Yoga Mat,Yoga Mat Perferendis,2,43055,10,77499.0,13479.91,Credit Card,0.1,77499.0,0.0,0.17393656692344417,2024,7,27,5,Summer
11769,2024-09-30,Ranbir Jain,East,Guwahati,Beauty,Face Cream,Face Cream Dolores,1,32958,20,26366.4,4228.45,Credit Card,0.2,26366.4,0.0,0.16037267127859697,2024,9,30,0,Fall
11770,2024-08-28,Kashvi Zachariah,West,Surat,Home Decor,Lamp,Lamp Enim,4,22195,20,71024.0,7182.77,Debit Card,0.2,71024.0,0.0,0.10113158932191936,2024,8,28,2,Summer
11771,2024-04-22,Faiyaz Saha,West,Pune,Home Decor,Wall Art,Wall Art A,5,69074,5,328101.5,47968.41,Cod,0.05,328101.5,0.0,0.14619991069836621,2024,4,22,0,Spring
11772,2024-09-23,Hazel Choudhury,North,Amritsar,Electronics,Laptop,Laptop Ea,4,19492,5,74069.6,7416.91,Debit Card,0.05,74069.59999999999,1.4551915228366852e-11,0.10013433311372005,2024,9,23,0,Fall
11773,2024-10-02,Vidur Zacharia,East,Guwahati,Electronics,Camera,Camera Dolore,1,37286,5,35421.7,1775.71,Upi,0.05,35421.7,0.0,0.05013056967903856,2024,10,2,2,Fall
11774,2025-01-25,Hunar Savant,East,Ranchi,Kitchen,Cookware Set,Cookware Set Numquam,1,70842,10,63757.8,5162.02,Debit Card,0.1,63757.8,0.0,0.08096295668922077,2025,1,25,5,winter
11775,2025-06-05,Vedika Biswas,South,Chennai,Kitchen,Cookware Set,Cookware Set Saepe,2,77457,5,147168.3,36464.82,Net Banking,0.05,147168.3,0.0,0.2477763213953005,2025,6,5,3,Summer
11776,2025-06-28,Shlok Ghose,South,Bangalore,Beauty,Perfume,Perfume Qui,3,25770,5,73444.5,10607.64,Cod,0.05,73444.5,0.0,0.14443069256377264,2025,6,28,5,Summer
11777,2023-11-21,Yasmin Sidhu,South,Hyderabad,Beauty,Lipstick,Lipstick Error,5,43315,10,194917.5,36019.3,Cod,0.1,194917.5,0.0,0.18479254043377327,2023,11,21,1,Fall
11778,2024-11-28,Nitya Amble,East,Bhubaneswar,Groceries,Spices,Spices Magni,3,41481,5,118220.85,27085.87,Debit Card,0.05,118220.84999999999,1.4551915228366852e-11,0.2291124619726554,2024,11,28,3,Fall
11779,2024-03-20,Nehmat Jhaveri,West,Pune,Clothing,Kids Wear,Kids Wear Vel,2,70132,5,133250.8,26249.81,Upi,0.05,133250.8,0.0,0.19699551522392364,2024,3,20,2,Spring
11780,2025-06-24,Aradhya Choudhry,North,Chandigarh,Furniture,Sofa,Sofa Quisquam,3,64534,0,193602.0,40567.6,Upi,0.0,193602.0,0.0,0.20954122374768855,2025,6,24,1,Summer
11781,2025-09-09,Shamik Korpal,North,Chandigarh,Furniture,Chair,Chair Impedit,1,29842,0,29842.0,2580.21,Upi,0.0,29842.0,0.0,0.08646236847396287,2025,9,9,1,Fall
11782,2025-05-03,Jayant Sahni,East,Kolkata,Kitchen,Juicer,Juicer Aperiam,1,27937,5,26540.15,4014.05,Debit Card,0.05,26540.149999999998,3.637978807091713e-12,0.15124443531781093,2025,5,3,5,Spring
11783,2025-03-02,Amani Sunder,West,Surat,Electronics,Headphones,Headphones Non,2,5195,15,8831.5,890.88,Credit Card,0.15,8831.5,0.0,0.10087527600067939,2025,3,2,6,Spring
11784,2024-05-06,Anvi Sridhar,North,Jaipur,Books,Fiction,Fiction Quis,4,76358,15,259617.2,46078.9,Cod,0.15,259617.19999999998,2.9103830456733704e-11,0.17748785519603477,2024,5,6,0,Spring
11785,2025-06-06,Saira Dyal,North,Chandigarh,Clothing,Women'S Wear,Women's Wear Et,2,41704,15,70896.8,17618.62,Upi,0.15,70896.8,0.0,0.24851079315286442,2025,6,6,4,Summer
11786,2024-04-21,Jayant Khatri,North,Chandigarh,Furniture,Sofa,Sofa Quod,2,15174,15,25795.8,2741.07,Debit Card,0.15,25795.8,0.0,0.10626032144767754,2024,4,21,6,Spring
11787,2024-09-06,Yasmin Sur,North,Lucknow,Electronics,Mobile,Mobile Suscipit,4,26438,20,84601.6,8386.33,Credit Card,0.2,84601.6,0.0,0.0991273214690975,2024,9,6,4,Fall
11788,2024-01-20,Lavanya Bora,West,Ahmedabad,Furniture,Sofa,Sofa Asperiores,5,43694,20,174776.0,8841.46,Net Banking,0.2,174776.0,0.0,0.050587380418364074,2024,1,20,5,winter
11789,2024-09-09,Kabir Hans,East,Patna,Beauty,Foundation,Foundation Officiis,4,42789,0,171156.0,13519.25,Credit Card,0.0,171156.0,0.0,0.07898788239968216,2024,9,9,0,Fall
11790,2025-02-13,Kabir Deep,West,Ahmedabad,Toys,Doll,Doll Temporibus,3,20970,5,59764.5,5967.44,Cod,0.05,59764.5,0.0,0.09984924160663938,2025,2,13,3,winter
11791,2025-01-22,Alisha Thaker,East,Guwahati,Books,Biography,Biography Impedit,2,6852,20,10963.2,1956.68,Debit Card,0.2,10963.2,0.0,0.1784770869819031,2025,1,22,2,winter
11792,2024-05-11,Yakshit Lall,North,Lucknow,Clothing,Men'S Wear,Men's Wear Nobis,1,49258,5,46795.1,11139.37,Net Banking,0.05,46795.1,0.0,0.2380456500787476,2024,5,11,5,Spring
11793,2023-12-27,Seher Chadha,North,Delhi,Toys,Action Figure,Action Figure Aut,1,60989,0,60989.0,4948.38,Cod,0.0,60989.0,0.0,0.08113561461902967,2023,12,27,2,winter
11794,2023-10-25,Renee Zachariah,North,Lucknow,Furniture,Bed,Bed Tenetur,5,62338,5,296105.5,54528.52,Debit Card,0.05,296105.5,0.0,0.18415233759589064,2023,10,25,2,Fall
11795,2025-03-12,Mishti Sant,East,Patna,Groceries,Sugar,Sugar Ratione,2,20957,10,37722.6,3664.09,Upi,0.1,37722.6,0.0,0.09713248821661286,2025,3,12,2,Spring
11796,2024-12-26,Tushar Behl,South,Coimbatore,Clothing,Accessories,Accessories Sint,2,43221,20,69153.6,5670.4,Cod,0.2,69153.6,0.0,0.08199717729807268,2024,12,26,3,winter
11797,2024-01-12,Aarna Shah,East,Kolkata,Electronics,Headphones,Headphones At,1,61848,0,61848.0,5578.91,Cod,0.0,61848.0,0.0,0.09020356357521665,2024,1,12,4,winter
11798,2024-04-28,Manikya Gupta,North,Chandigarh,Books,Fiction,Fiction Eos,2,66724,10,120103.2,19912.51,Cod,0.1,120103.2,0.0,0.16579499963364838,2024,4,28,6,Spring
11799,2024-01-12,Rati Kapadia,East,Patna,Clothing,Men'S Wear,Men's Wear Quis,2,47344,10,85219.2,6844.83,Credit Card,0.1,85219.2,0.0,0.08032027993691562,2024,1,12,4,winter
11800,2025-07-22,Lavanya Varma,North,Chandigarh,Beauty,Lipstick,Lipstick Rem,5,32392,10,145764.0,16625.43,Cod,0.1,145764.0,0.0,0.11405717461101507,2025,7,22,1,Summer
11801,2023-11-23,Taimur Mand,East,Guwahati,Electronics,Camera,Camera Enim,4,35583,0,142332.0,21316.24,Cod,0.0,142332.0,0.0,0.1497642132478993,2023,11,23,3,Fall
11802,2025-03-05,Miraan Ram,West,Surat,Clothing,Shoes,Shoes Quo,3,78762,0,236286.0,52844.83,Debit Card,0.0,236286.0,0.0,0.22364774045013247,2025,3,5,2,Spring
11803,2024-12-23,Dhruv Sen,West,Pune,Electronics,Laptop,Laptop Itaque,1,52503,10,47252.7,9975.16,Net Banking,0.1,47252.700000000004,7.275957614183426e-12,0.21110243435824833,2024,12,23,0,winter
11804,2024-10-17,Lakshay Salvi,South,Bangalore,Furniture,Cabinet,Cabinet Sed,3,25534,15,65111.7,6437.11,Debit Card,0.15,65111.7,0.0,0.0988625700142985,2024,10,17,3,Fall
11805,2025-04-09,Azad Handa,West,Surat,Electronics,Smartwatch,Smartwatch Omnis,5,48997,5,232735.75,27680.73,Net Banking,0.05,232735.75,0.0,0.1189363043709443,2025,4,9,2,Spring
11806,2024-08-03,Adira Bir,West,Surat,Clothing,Men'S Wear,Men's Wear Laborum,3,69771,15,177916.05,26218.15,Cod,0.15,177916.05,0.0,0.14736247797767543,2024,8,3,5,Summer
11807,2025-08-25,Nitara Chadha,East,Guwahati,Kitchen,Refrigerator,Refrigerator At,1,20801,20,16640.8,2572.78,Cod,0.2,16640.8,0.0,0.1546067496754964,2025,8,25,0,Summer
11808,2024-03-17,Samaira Vaidya,North,Jaipur,Furniture,Sofa,Sofa Ea,5,34862,20,139448.0,24702.71,Debit Card,0.2,139448.0,0.0,0.17714639148643221,2024,3,17,6,Spring
11809,2024-07-09,Neysa Baral,North,Jaipur,Toys,Doll,Doll Tempore,5,20070,10,90315.0,5812.04,Debit Card,0.1,90315.0,0.0,0.06435298676853236,2024,7,9,1,Summer
11810,2025-07-17,Akarsh Agarwal,West,Surat,Furniture,Chair,Chair Explicabo,4,76025,5,288895.0,16878.74,Debit Card,0.05,288895.0,0.0,0.058425171775212455,2025,7,17,3,Summer
11811,2025-01-12,Zeeshan Sidhu,West,Surat,Furniture,Chair,Chair Perferendis,1,50455,5,47932.25,10323.79,Cod,0.05,47932.25,0.0,0.21538296241048566,2025,1,12,6,winter
11812,2025-04-08,Devansh Agate,North,Chandigarh,Beauty,Lipstick,Lipstick Veniam,2,20137,15,34232.9,5035.26,Upi,0.15,34232.9,0.0,0.14708832731086177,2025,4,8,1,Spring
11813,2024-08-23,Lavanya Mammen,North,Chandigarh,Groceries,Oil,Oil Ullam,1,22607,20,18085.6,2273.32,Credit Card,0.2,18085.600000000002,3.637978807091713e-12,0.12569779271906933,2024,8,23,4,Summer
11814,2024-06-06,Saanvi Chacko,East,Guwahati,Clothing,Women'S Wear,Women's Wear Vel,5,51172,10,230274.0,17085.23,Debit Card,0.1,230274.0,0.0,0.07419521960794531,2024,6,6,3,Summer
11815,2025-02-09,Shayak Bath,South,Thiruvananthapuram,Electronics,Mobile,Mobile Nesciunt,1,54660,20,43728.0,7215.95,Credit Card,0.2,43728.0,0.0,0.16501898097328943,2025,2,9,6,winter
11816,2025-08-07,Shaan Badal,North,Chandigarh,Groceries,Rice,Rice Similique,4,3915,5,14877.0,2553.77,Credit Card,0.05,14877.0,0.0,0.17165893661356457,2025,8,7,3,Summer
11817,2025-09-29,Mohanlal Grover,South,Chennai,Beauty,Lipstick,Lipstick Voluptatibus,3,43605,20,104652.0,6766.08,Cod,0.2,104652.0,0.0,0.06465313610824447,2025,9,29,0,Fall
11818,2024-12-26,Nirvaan Krishnan,West,Ahmedabad,Beauty,Face Cream,Face Cream Ea,1,64442,10,57997.8,5289.52,Debit Card,0.1,57997.8,0.0,0.09120208007889954,2024,12,26,3,winter
11819,2025-04-19,Anay Bhagat,East,Kolkata,Home Decor,Vase,Vase Sunt,5,38304,0,191520.0,40663.65,Debit Card,0.0,191520.0,0.0,0.21232064536340853,2025,4,19,5,Spring
11820,2024-10-18,Neelofar Goswami,North,Delhi,Sports,Dumbbells,Dumbbells Ipsa,3,31712,20,76108.8,7331.52,Credit Card,0.2,76108.8,0.0,0.09632946518668012,2024,10,18,4,Fall
11821,2024-06-09,Khushi Boase,East,Bhubaneswar,Electronics,Headphones,Headphones Neque,4,20329,0,81316.0,9937.89,Debit Card,0.0,81316.0,0.0,0.12221321757095774,2024,6,9,6,Summer
11822,2025-07-26,Veer Bora,North,Chandigarh,Beauty,Lipstick,Lipstick Repellendus,1,55533,0,55533.0,10283.24,Debit Card,0.0,55533.0,0.0,0.1851735004411791,2025,7,26,5,Summer
11823,2025-09-15,Jiya Gopal,South,Bangalore,Home Decor,Lamp,Lamp Fugit,4,11748,10,42292.8,7894.7,Credit Card,0.1,42292.8,0.0,0.18666770703287555,2025,9,15,0,Fall
11824,2025-05-09,Akarsh Chauhan,East,Guwahati,Sports,Cricket Bat,Cricket Bat Possimus,1,36603,15,31112.55,2978.71,Credit Card,0.15,31112.55,0.0,0.09573982203323096,2025,5,9,4,Spring
11825,2025-05-29,Ayesha Vasa,East,Patna,Beauty,Face Cream,Face Cream Ipsam,5,17593,10,79168.5,10613.7,Upi,0.1,79168.5,0.0,0.13406468481782527,2025,5,29,3,Spring
11826,2025-04-03,Bhamini Devi,West,Pune,Clothing,Men'S Wear,Men's Wear Excepturi,4,49156,15,167130.4,13428.97,Cod,0.15,167130.4,0.0,0.0803502534547874,2025,4,3,3,Spring
11827,2025-08-09,Yuvaan Toor,East,Bhubaneswar,Beauty,Face Cream,Face Cream Quia,1,69990,20,55992.0,12191.29,Cod,0.2,55992.0,0.0,0.21773271181597373,2025,8,9,5,Summer
11828,2023-11-18,Gatik Choudhry,West,Goa,Electronics,Smartwatch,Smartwatch Unde,1,15975,0,15975.0,1906.84,Upi,0.0,15975.0,0.0,0.1193640062597809,2023,11,18,5,Fall
11829,2024-04-11,Akarsh Viswanathan,East,Bhubaneswar,Sports,Cricket Bat,Cricket Bat Molestiae,3,703,0,2109.0,523.44,Debit Card,0.0,2109.0,0.0,0.24819345661450928,2024,4,11,3,Spring
11830,2025-04-19,Purab Shenoy,East,Kolkata,Furniture,Cabinet,Cabinet Nostrum,5,66702,20,266808.0,57998.38,Net Banking,0.2,266808.0,0.0,0.21737871428143082,2025,4,19,5,Spring
11831,2024-08-21,Samarth Thakur,East,Ranchi,Clothing,Men'S Wear,Men's Wear Eius,5,76759,10,345415.5,17880.1,Debit Card,0.1,345415.5,0.0,0.051764034908682435,2024,8,21,2,Summer
11832,2025-08-08,Arhaan Basu,East,Patna,Electronics,Mobile,Mobile Quae,3,71820,10,193914.0,19362.8,Net Banking,0.1,193914.0,0.0,0.09985251193828192,2025,8,8,4,Summer
11833,2025-09-12,Prisha Andra,East,Patna,Electronics,Camera,Camera Aperiam,3,24181,15,61661.55,6034.85,Net Banking,0.15,61661.549999999996,7.275957614183426e-12,0.09787055304318494,2025,9,12,4,Fall
11834,2025-07-30,Vidur Hans,South,Hyderabad,Toys,Board Game,Board Game Nulla,4,60195,0,240780.0,14790.12,Upi,0.0,240780.0,0.0,0.06142586593570895,2025,7,30,2,Summer
11835,2024-09-05,Inaaya  Borah,North,Chandigarh,Kitchen,Microwave,Microwave Illum,2,19243,20,30788.8,5286.49,Credit Card,0.2,30788.800000000003,3.637978807091713e-12,0.17170172270436002,2024,9,5,3,Fall
11836,2025-05-04,Ahana  Yohannan,South,Coimbatore,Beauty,Perfume,Perfume Nihil,5,45145,5,214438.75,50723.79,Net Banking,0.05,214438.75,0.0,0.236542089524398,2025,5,4,6,Spring
11837,2025-01-05,Tanya Swamy,West,Pune,Beauty,Face Cream,Face Cream Excepturi,4,26100,0,104400.0,18021.09,Cod,0.0,104400.0,0.0,0.17261580459770115,2025,1,5,6,winter
11838,2024-02-09,Onkar Keer,North,Lucknow,Toys,Doll,Doll Quisquam,4,30438,5,115664.4,7810.86,Credit Card,0.05,115664.4,0.0,0.06753037235311816,2024,2,9,4,winter
11839,2025-08-01,Mamooty Banik,West,Mumbai,Toys,Board Game,Board Game Aliquid,5,50296,10,226332.0,13420.72,Credit Card,0.1,226332.0,0.0,0.05929660852199423,2025,8,1,4,Summer
11840,2025-02-28,Kashvi Bir,East,Patna,Clothing,Shoes,Shoes Aliquam,1,63288,15,53794.8,9995.32,Cod,0.15,53794.799999999996,7.275957614183426e-12,0.18580457590696497,2025,2,28,4,winter
11841,2023-10-31,Hansh Sundaram,South,Hyderabad,Toys,Doll,Doll Odio,4,71030,5,269914.0,65933.8,Net Banking,0.05,269914.0,0.0,0.2442770660284387,2023,10,31,1,Fall
11842,2023-10-11,Yuvraj  Manda,South,Bangalore,Clothing,Men'S Wear,Men's Wear Saepe,5,75726,20,302904.0,32229.38,Net Banking,0.2,302904.0,0.0,0.10640130206269974,2023,10,11,2,Fall
11843,2025-09-26,Ranbir Srinivasan,South,Coimbatore,Toys,Doll,Doll Nemo,1,20686,5,19651.7,3465.12,Debit Card,0.05,19651.7,0.0,0.17632673000300228,2025,9,26,4,Fall
11844,2023-11-11,Abram Badal,South,Chennai,Kitchen,Juicer,Juicer Quas,5,73393,20,293572.0,37544.54,Credit Card,0.2,293572.0,0.0,0.1278886951071628,2023,11,11,5,Fall
11845,2025-02-17,Alisha Basak,East,Guwahati,Beauty,Foundation,Foundation Magnam,4,27500,15,93500.0,13146.4,Debit Card,0.15,93500.0,0.0,0.14060320855614972,2025,2,17,0,winter
11846,2025-07-27,Taimur Bhardwaj,South,Bangalore,Electronics,Laptop,Laptop Consectetur,1,64643,5,61410.85,13218.66,Net Banking,0.05,61410.85,0.0,0.21524958537457142,2025,7,27,6,Summer
11847,2023-11-30,Myra Bhatt,East,Patna,Toys,Doll,Doll Labore,3,72191,10,194915.7,21471.89,Net Banking,0.1,194915.7,0.0,0.11015987937349325,2023,11,30,3,Fall
11848,2024-03-21,Zoya Reddy,North,Chandigarh,Beauty,Lipstick,Lipstick Iure,2,41905,5,79619.5,8370.16,Upi,0.05,79619.5,0.0,0.10512701034294362,2024,3,21,3,Spring
11849,2024-04-10,Charvi Balasubramanian,North,Jaipur,Home Decor,Lamp,Lamp Voluptatibus,5,69536,10,312912.0,52683.49,Cod,0.1,312912.0,0.0,0.16836519532648156,2024,4,10,2,Spring
11850,2024-06-21,Dhanuk Raja,South,Thiruvananthapuram,Books,Non-Fiction,Non-Fiction Dicta,1,18563,20,14850.4,3463.33,Debit Card,0.2,14850.400000000001,1.8189894035458565e-12,0.23321459354630178,2024,6,21,4,Summer
11851,2024-11-23,Anaya Sridhar,East,Kolkata,Books,Biography,Biography Dignissimos,3,35613,20,85471.2,19381.14,Upi,0.2,85471.20000000001,1.4551915228366852e-11,0.2267563810967905,2024,11,23,5,Fall
11852,2024-06-05,Raghav Chada,South,Bangalore,Clothing,Accessories,Accessories Exercitationem,5,19507,5,92658.25,22298.81,Credit Card,0.05,92658.25,0.0,0.24065649847693002,2024,6,5,2,Summer
11853,2024-01-08,Trisha Gandhi,North,Jaipur,Home Decor,Clock,Clock Fuga,4,25807,20,82582.4,9531.22,Net Banking,0.2,82582.40000000001,1.4551915228366852e-11,0.1154146646258767,2024,1,8,0,winter
11854,2025-03-04,Akarsh Shanker,West,Ahmedabad,Furniture,Chair,Chair Quibusdam,2,58550,5,111245.0,25388.64,Debit Card,0.05,111245.0,0.0,0.22822275158434085,2025,3,4,1,Spring
11855,2024-04-26,Sahil Hegde,North,Delhi,Beauty,Perfume,Perfume Quos,3,56821,10,153416.7,18308.7,Credit Card,0.1,153416.7,0.0,0.11933968075183471,2024,4,26,4,Spring
11856,2024-01-08,Aarush Gupta,North,Amritsar,Beauty,Perfume,Perfume Eligendi,4,35223,20,112713.6,17154.04,Upi,0.2,112713.6,0.0,0.15219139482724356,2024,1,8,0,winter
11857,2024-12-05,Veer Sharaf,West,Ahmedabad,Electronics,Camera,Camera Et,1,1808,15,1536.8,223.69,Debit Card,0.15,1536.8,0.0,0.14555570015616867,2024,12,5,3,winter
11858,2025-04-01,Nitara Krish,East,Ranchi,Beauty,Shampoo,Shampoo Nihil,2,39244,20,62790.4,12979.16,Credit Card,0.2,62790.4,0.0,0.2067061206808684,2025,4,1,1,Spring
11859,2025-04-01,Yasmin Ratta,South,Coimbatore,Sports,Dumbbells,Dumbbells Amet,1,41913,20,33530.4,2572.22,Cod,0.2,33530.4,0.0,0.07671307231646506,2025,4,1,1,Spring
11860,2024-07-27,Nakul Agarwal,South,Coimbatore,Home Decor,Lamp,Lamp Aliquid,3,15521,5,44234.85,10642.43,Credit Card,0.05,44234.85,0.0,0.24058926389487023,2024,7,27,5,Summer
11861,2024-07-15,Miraan Goda,East,Patna,Home Decor,Vase,Vase Dolorem,2,67530,5,128307.0,17731.04,Debit Card,0.05,128307.0,0.0,0.1381923043949278,2024,7,15,0,Summer
11862,2024-07-05,Aayush Dass,South,Bangalore,Clothing,Shoes,Shoes Dolorum,3,22539,15,57474.45,9466.49,Debit Card,0.15,57474.45,0.0,0.16470779624685405,2024,7,5,4,Summer
11863,2024-03-14,Vritika Bhalla,East,Bhubaneswar,Toys,Board Game,Board Game Accusantium,3,66499,5,189522.15,45136.59,Credit Card,0.05,189522.15,0.0,0.23815997233041097,2024,3,14,3,Spring
11864,2023-12-14,Taimur Mall,South,Coimbatore,Kitchen,Juicer,Juicer Odio,1,23237,0,23237.0,3226.67,Upi,0.0,23237.0,0.0,0.1388591470499634,2023,12,14,3,winter
11865,2024-09-23,Vedika Dave,South,Thiruvananthapuram,Kitchen,Microwave,Microwave Itaque,3,39248,15,100082.4,6031.48,Cod,0.15,100082.4,0.0,0.06026514152338473,2024,9,23,0,Fall
11866,2024-01-24,Krish Deshpande,West,Mumbai,Clothing,Men'S Wear,Men's Wear Cumque,1,17022,20,13617.6,1112.25,Net Banking,0.2,13617.6,0.0,0.08167738808600634,2024,1,24,2,winter
11867,2024-07-24,Uthkarsh Batta,West,Surat,Groceries,Oil,Oil Reiciendis,3,76417,5,217788.45,11119.53,Upi,0.05,217788.44999999998,2.9103830456733704e-11,0.05105656429438751,2024,7,24,2,Summer
11868,2024-02-07,Azad Baral,North,Jaipur,Groceries,Rice,Rice Quas,5,18794,20,75176.0,6251.8,Net Banking,0.2,75176.0,0.0,0.0831621794189635,2024,2,7,2,winter
11869,2025-09-18,Baiju Thakur,North,Delhi,Beauty,Perfume,Perfume Natus,4,28073,15,95448.2,6677.14,Credit Card,0.15,95448.2,0.0,0.06995564086069722,2025,9,18,3,Fall
11870,2025-08-12,Shamik Badal,West,Mumbai,Sports,Yoga Mat,Yoga Mat Voluptate,3,33253,5,94771.05,5250.37,Credit Card,0.05,94771.04999999999,1.4551915228366852e-11,0.05540056800046005,2025,8,12,1,Summer
11871,2025-09-07,Vardaniya Dave,North,Lucknow,Furniture,Sofa,Sofa Dolor,4,563,0,2252.0,338.47,Net Banking,0.0,2252.0,0.0,0.15029751332149202,2025,9,7,6,Fall
11872,2024-07-20,Shray Sastry,South,Hyderabad,Kitchen,Juicer,Juicer Libero,2,28228,0,56456.0,3886.47,Net Banking,0.0,56456.0,0.0,0.06884069009494119,2024,7,20,5,Summer
11873,2025-06-04,Priyansh Dhingra,South,Hyderabad,Furniture,Chair,Chair Iure,1,59311,20,47448.8,3559.85,Net Banking,0.2,47448.8,0.0,0.07502507966481765,2025,6,4,2,Summer
11874,2024-11-22,Indranil Batta,West,Goa,Groceries,Spices,Spices Et,2,36625,20,58600.0,8408.05,Credit Card,0.2,58600.0,0.0,0.1434820819112628,2024,11,22,4,Fall
11875,2025-01-29,Hazel Kunda,North,Lucknow,Furniture,Table,Table Ipsa,5,6695,5,31801.25,6993.66,Upi,0.05,31801.25,0.0,0.21991777052788805,2025,1,29,2,winter
11876,2024-12-11,Rasha Seshadri,West,Surat,Beauty,Face Cream,Face Cream Occaecati,1,49130,20,39304.0,9687.57,Cod,0.2,39304.0,0.0,0.24647796661917362,2024,12,11,2,winter
11877,2025-09-24,Ivan Ramesh,East,Patna,Toys,Action Figure,Action Figure Odit,3,62967,15,160565.85,32719.18,Credit Card,0.15,160565.85,0.0,0.20377421475363533,2025,9,24,2,Fall
11878,2023-12-17,Ahana  Kumar,North,Delhi,Groceries,Spices,Spices Earum,3,45575,20,109380.0,5927.28,Net Banking,0.2,109380.0,0.0,0.054189797037849693,2023,12,17,6,winter
11879,2024-12-02,Drishya Cheema,South,Coimbatore,Groceries,Oil,Oil Debitis,1,42535,10,38281.5,7875.97,Debit Card,0.1,38281.5,0.0,0.20573828089285948,2024,12,2,0,winter
11880,2024-08-03,Emir Sastry,South,Hyderabad,Toys,Doll,Doll Eos,3,62542,20,150100.8,28260.17,Debit Card,0.2,150100.80000000002,2.9103830456733704e-11,0.18827461279353608,2024,8,3,5,Summer
11881,2023-11-19,Aaina Comar,North,Jaipur,Electronics,Laptop,Laptop Quibusdam,4,46724,5,177551.2,43134.48,Debit Card,0.05,177551.19999999998,2.9103830456733704e-11,0.24294107840442644,2023,11,19,6,Fall
11882,2025-08-11,Trisha Bora,East,Kolkata,Kitchen,Microwave,Microwave Optio,5,14265,15,60626.25,13804.41,Cod,0.15,60626.25,0.0,0.22769691346570173,2025,8,11,0,Summer
11883,2025-03-06,Miraan Mahajan,North,Jaipur,Books,Non-Fiction,Non-Fiction Soluta,3,58902,5,167870.7,13692.45,Credit Card,0.05,167870.69999999998,2.9103830456733704e-11,0.08156545484113666,2025,3,6,3,Spring
11884,2024-10-08,Purab Batta,South,Chennai,Groceries,Oil,Oil Pariatur,4,33323,20,106633.6,10159.25,Credit Card,0.2,106633.6,0.0,0.09527250322600006,2024,10,8,1,Fall
11885,2025-09-08,Sahil Bhatti,South,Coimbatore,Groceries,Rice,Rice Aut,1,28781,0,28781.0,3125.92,Debit Card,0.0,28781.0,0.0,0.10861054167680068,2025,9,8,0,Fall
11886,2025-10-01,Advik Chaudhuri,South,Hyderabad,Groceries,Oil,Oil Vel,5,75768,15,322014.0,19695.76,Net Banking,0.15,322014.0,0.0,0.061164297204469364,2025,10,1,2,Fall
11887,2025-05-27,Zaina Dua,South,Thiruvananthapuram,Groceries,Rice,Rice Ut,1,46661,20,37328.8,4374.15,Cod,0.2,37328.8,0.0,0.11717896101669487,2025,5,27,1,Spring
11888,2024-04-05,Pari Kalita,East,Guwahati,Sports,Football,Football Molestiae,3,9234,10,24931.8,2440.9,Upi,0.1,24931.8,0.0,0.09790307960115195,2024,4,5,4,Spring
11889,2024-07-17,Zain Brar,North,Delhi,Furniture,Cabinet,Cabinet Id,1,18288,20,14630.4,1675.17,Debit Card,0.2,14630.400000000001,1.8189894035458565e-12,0.11449926181102363,2024,7,17,2,Summer
11890,2025-08-18,Lakshay Bobal,West,Goa,Home Decor,Lamp,Lamp Quae,5,72569,5,344702.75,34711.94,Cod,0.05,344702.75,0.0,0.10070108230932304,2025,8,18,0,Summer
11891,2025-02-04,Armaan Sankaran,North,Chandigarh,Sports,Football,Football Provident,3,21214,15,54095.7,2905.57,Upi,0.15,54095.7,0.0,0.053711662849357716,2025,2,4,1,winter
11892,2025-09-03,Lakshit Jha,North,Delhi,Groceries,Sugar,Sugar Magni,5,21669,0,108345.0,17017.25,Debit Card,0.0,108345.0,0.0,0.1570653929576815,2025,9,3,2,Fall
11893,2023-11-04,Anay Ratti,West,Mumbai,Kitchen,Juicer,Juicer Sit,1,69671,10,62703.9,12713.1,Debit Card,0.1,62703.9,0.0,0.20274815442101687,2023,11,4,5,Fall
11894,2025-09-14,Siya Malhotra,South,Chennai,Furniture,Table,Table Eius,2,29652,0,59304.0,10542.66,Debit Card,0.0,59304.0,0.0,0.17777316875758803,2025,9,14,6,Fall
11895,2024-11-17,Fateh Dhar,West,Surat,Home Decor,Clock,Clock At,2,11885,20,19016.0,4632.78,Debit Card,0.2,19016.0,0.0,0.24362536811106436,2024,11,17,6,Fall
11896,2025-03-25,Anahita Sampath,West,Ahmedabad,Kitchen,Cookware Set,Cookware Set Beatae,1,70870,10,63783.0,15236.98,Upi,0.1,63783.0,0.0,0.23888779141777589,2025,3,25,1,Spring
11897,2025-03-11,Arnav Shanker,West,Ahmedabad,Sports,Football,Football Et,2,33866,20,54185.6,8205.43,Upi,0.2,54185.600000000006,7.275957614183426e-12,0.15143193025453258,2025,3,11,1,Spring
11898,2025-09-03,Mahika Char,West,Ahmedabad,Books,Textbook,Textbook Consequuntur,2,36661,20,58657.6,10719.27,Cod,0.2,58657.600000000006,7.275957614183426e-12,0.18274307165652875,2025,9,3,2,Fall
11899,2024-06-12,Azad Comar,South,Coimbatore,Groceries,Wheat,Wheat Fugit,2,4163,5,7909.7,1749.96,Debit Card,0.05,7909.7,0.0,0.22124227214685765,2024,6,12,2,Summer
11900,2025-01-01,Renee Balakrishnan,North,Amritsar,Home Decor,Clock,Clock Sed,3,12006,5,34217.1,5127.74,Upi,0.05,34217.1,0.0,0.1498589886343378,2025,1,1,2,winter
11901,2025-03-04,Nishith Das,North,Lucknow,Home Decor,Vase,Vase Tenetur,1,33317,0,33317.0,1943.4,Cod,0.0,33317.0,0.0,0.058330581985172734,2025,3,4,1,Spring
11902,2025-07-29,Aarav Choudhry,North,Lucknow,Clothing,Accessories,Accessories Ipsum,4,44656,5,169692.8,14287.36,Credit Card,0.05,169692.8,0.0,0.08419544023081711,2025,7,29,1,Summer
11903,2024-06-06,Tiya Kannan,East,Kolkata,Groceries,Spices,Spices Voluptates,2,25209,5,47897.1,6336.05,Net Banking,0.05,47897.1,0.0,0.13228462683544517,2024,6,6,3,Summer
11904,2024-07-19,Aaina Vasa,East,Patna,Sports,Dumbbells,Dumbbells Suscipit,1,31183,15,26505.55,3839.14,Debit Card,0.15,26505.55,0.0,0.14484287253047004,2024,7,19,4,Summer
11905,2024-02-28,Anya Goyal,South,Thiruvananthapuram,Books,Fiction,Fiction Facere,1,67256,5,63893.2,11116.67,Net Banking,0.05,63893.2,0.0,0.17398831174522486,2024,2,28,2,winter
11906,2023-10-19,Zeeshan Roy,West,Goa,Kitchen,Cookware Set,Cookware Set Autem,5,44343,5,210629.25,21869.69,Upi,0.05,210629.25,0.0,0.10383026099176633,2023,10,19,3,Fall
11907,2024-08-26,Onkar Bail,East,Guwahati,Electronics,Camera,Camera Nobis,4,54532,5,207221.6,45485.46,Upi,0.05,207221.59999999998,2.9103830456733704e-11,0.21950153844965967,2024,8,26,0,Summer
11908,2024-03-11,Adah Basak,North,Lucknow,Books,Non-Fiction,Non-Fiction Quo,3,73480,20,176352.0,35659.14,Debit Card,0.2,176352.0,0.0,0.20220434131736525,2024,3,11,0,Spring
11909,2024-01-04,Ira Ray,North,Jaipur,Toys,Doll,Doll Debitis,3,44101,5,125687.85,22363.32,Net Banking,0.05,125687.84999999999,1.4551915228366852e-11,0.177927460768881,2024,1,4,3,winter
11910,2024-02-16,Kimaya Ratta,West,Ahmedabad,Books,Fiction,Fiction Amet,5,2099,5,9970.25,790.76,Net Banking,0.05,9970.25,0.0,0.07931195306035456,2024,2,16,4,winter
11911,2024-04-21,Eshani Kala,North,Delhi,Groceries,Oil,Oil Fugiat,4,28663,5,108919.4,14287.4,Cod,0.05,108919.4,0.0,0.13117406081928473,2024,4,21,6,Spring
11912,2025-01-19,Heer Ghosh,South,Coimbatore,Furniture,Sofa,Sofa Ex,4,49615,10,178614.0,26419.34,Cod,0.1,178614.0,0.0,0.14791304153089904,2025,1,19,6,winter
11913,2024-08-15,Ritvik Bajaj,North,Lucknow,Beauty,Shampoo,Shampoo Qui,5,52822,15,224493.5,13875.54,Cod,0.15,224493.5,0.0,0.061808203801000924,2024,8,15,3,Summer
11914,2024-08-09,Zoya Kashyap,West,Pune,Sports,Football,Football Magni,2,10340,0,20680.0,3091.38,Cod,0.0,20680.0,0.0,0.1494864603481625,2024,8,9,4,Summer
11915,2024-05-03,Pranay Sarma,North,Jaipur,Groceries,Spices,Spices Corporis,1,2782,20,2225.6,263.35,Credit Card,0.2,2225.6,0.0,0.11832764198418405,2024,5,3,4,Spring
11916,2025-06-01,Khushi Chad,North,Delhi,Toys,Doll,Doll Quasi,4,78165,15,265761.0,39305.02,Net Banking,0.15,265761.0,0.0,0.14789611718799972,2025,6,1,6,Summer
11917,2024-09-27,Jayant Khurana,East,Bhubaneswar,Furniture,Sofa,Sofa Perspiciatis,5,71677,0,358385.0,44017.51,Upi,0.0,358385.0,0.0,0.12282185359320284,2024,9,27,4,Fall
11918,2025-06-13,Navya Raval,East,Bhubaneswar,Groceries,Spices,Spices Laudantium,2,4535,0,9070.0,1768.79,Credit Card,0.0,9070.0,0.0,0.1950154355016538,2025,6,13,4,Summer
11919,2025-02-13,Nitara Mani,North,Lucknow,Home Decor,Wall Art,Wall Art Similique,4,12570,15,42738.0,5354.37,Upi,0.15,42738.0,0.0,0.1252835883756844,2025,2,13,3,winter
11920,2025-09-22,Dhanush Dani,South,Chennai,Clothing,Kids Wear,Kids Wear Sapiente,1,10976,20,8780.8,2061.91,Upi,0.2,8780.800000000001,1.8189894035458565e-12,0.23482028972303207,2025,9,22,0,Fall
11921,2024-04-08,Kiaan Luthra,North,Amritsar,Furniture,Bed,Bed Corrupti,4,49298,20,157753.6,17599.53,Cod,0.2,157753.6,0.0,0.11156341281593572,2024,4,8,0,Spring
11922,2025-02-25,Jayant Sandal,East,Guwahati,Beauty,Foundation,Foundation Deleniti,2,19780,15,33626.0,4094.23,Upi,0.15,33626.0,0.0,0.12175786593707251,2025,2,25,1,winter
11923,2025-02-25,Ivana Bail,East,Kolkata,Furniture,Table,Table Aliquam,5,7327,5,34803.25,3478.24,Net Banking,0.05,34803.25,0.0,0.09994009180177138,2025,2,25,1,winter
11924,2025-08-17,Samar Bose,North,Lucknow,Books,Textbook,Textbook Praesentium,4,2684,0,10736.0,1916.53,Cod,0.0,10736.0,0.0,0.17851434426229507,2025,8,17,6,Summer
11925,2024-10-18,Shray Hora,West,Goa,Kitchen,Juicer,Juicer Nostrum,4,18853,20,60329.6,14569.79,Net Banking,0.2,60329.600000000006,7.275957614183426e-12,0.24150317588712675,2024,10,18,4,Fall
11926,2024-03-03,Divij Bawa,East,Bhubaneswar,Groceries,Spices,Spices Hic,5,9519,5,45215.25,3432.86,Debit Card,0.05,45215.25,0.0,0.07592261460458584,2024,3,3,6,Spring
11927,2024-08-08,Hansh Bal,South,Chennai,Toys,Board Game,Board Game Quidem,2,49354,0,98708.0,19972.09,Upi,0.0,98708.0,0.0,0.2023350690926774,2024,8,8,3,Summer
11928,2024-04-16,Hazel Shanker,South,Bangalore,Kitchen,Refrigerator,Refrigerator Officia,3,78566,15,200343.3,15779.09,Net Banking,0.15,200343.3,0.0,0.07876025801711363,2024,4,16,1,Spring
11929,2024-12-04,Farhan Bhatti,North,Lucknow,Books,Textbook,Textbook Dolore,1,74231,20,59384.8,4116.67,Credit Card,0.2,59384.8,0.0,0.06932194770378952,2024,12,4,2,winter
11930,2025-06-14,Vaibhav Chaudhari,South,Coimbatore,Furniture,Bed,Bed Quaerat,2,11243,0,22486.0,2266.0,Net Banking,0.0,22486.0,0.0,0.10077381481810904,2025,6,14,5,Summer
11931,2024-09-03,Purab Chaudhari,North,Amritsar,Groceries,Spices,Spices Pariatur,3,26265,0,78795.0,13932.19,Credit Card,0.0,78795.0,0.0,0.1768156608921886,2024,9,3,1,Fall
11932,2025-03-13,Shray Date,South,Chennai,Groceries,Sugar,Sugar Quisquam,1,19192,0,19192.0,3002.24,Debit Card,0.0,19192.0,0.0,0.15643184660275114,2025,3,13,3,Spring
11933,2025-01-18,Kanav Mander,North,Delhi,Clothing,Kids Wear,Kids Wear Enim,5,13658,10,61461.0,13012.43,Upi,0.1,61461.0,0.0,0.211718488146955,2025,1,18,5,winter
11934,2025-04-28,Ryan Gera,East,Guwahati,Toys,Puzzle,Puzzle Cupiditate,2,40023,10,72041.4,14845.37,Cod,0.1,72041.40000000001,1.4551915228366852e-11,0.20606720580110882,2025,4,28,0,Spring
11935,2025-08-03,Kiara Sarma,South,Bangalore,Books,Biography,Biography Tempora,5,37719,10,169735.5,33451.01,Upi,0.1,169735.5,0.0,0.19707727611489642,2025,8,3,6,Summer
11936,2025-04-02,Lagan Chatterjee,North,Lucknow,Books,Biography,Biography Aliquam,3,72335,10,195304.5,32368.66,Credit Card,0.1,195304.5,0.0,0.1657343276780617,2025,4,2,2,Spring
11937,2025-03-13,Krish Wable,East,Bhubaneswar,Electronics,Smartwatch,Smartwatch Voluptate,4,9586,10,34509.6,6229.45,Credit Card,0.1,34509.6,0.0,0.180513538261817,2025,3,13,3,Spring
11938,2024-01-08,Kismat Tara,South,Chennai,Sports,Yoga Mat,Yoga Mat Totam,2,69109,15,117485.3,27954.82,Cod,0.15,117485.3,0.0,0.23794312990646488,2024,1,8,0,winter
11939,2024-12-19,Ranbir Dada,West,Mumbai,Sports,Dumbbells,Dumbbells Aperiam,4,26276,15,89338.4,4923.11,Credit Card,0.15,89338.4,0.0,0.05510631486572403,2024,12,19,3,winter
11940,2025-06-08,Yuvraj  Hayre,North,Amritsar,Home Decor,Lamp,Lamp Sit,5,36039,10,162175.5,30400.7,Net Banking,0.1,162175.5,0.0,0.1874555651131028,2025,6,8,6,Summer
11941,2024-01-25,Vanya Bhavsar,South,Bangalore,Electronics,Headphones,Headphones Et,4,33905,20,108496.0,23987.82,Debit Card,0.2,108496.0,0.0,0.22109404955021383,2024,1,25,3,winter
11942,2025-02-16,Jivin Dara,West,Surat,Toys,Rc Car,RC Car Quaerat,4,4623,10,16642.8,878.41,Net Banking,0.1,16642.8,0.0,0.05278018121950633,2025,2,16,6,winter
11943,2024-12-03,Keya Biswas,West,Mumbai,Beauty,Lipstick,Lipstick Eos,3,29871,10,80651.7,5187.34,Cod,0.1,80651.7,0.0,0.06431780111268579,2024,12,3,1,winter
11944,2024-04-11,Aradhya Borah,North,Amritsar,Books,Non-Fiction,Non-Fiction Pariatur,4,14894,10,53618.4,5273.99,Credit Card,0.1,53618.4,0.0,0.09836156990883725,2024,4,11,3,Spring
11945,2024-12-26,Taran Anand,South,Coimbatore,Furniture,Chair,Chair Excepturi,1,71238,20,56990.4,8632.12,Cod,0.2,56990.4,0.0,0.15146621185322443,2024,12,26,3,winter
11946,2025-04-29,Anay Anand,North,Jaipur,Groceries,Spices,Spices Quae,4,22317,15,75877.8,15649.63,Credit Card,0.15,75877.8,0.0,0.20624780897706574,2025,4,29,1,Spring
11947,2025-01-13,Tarini Kuruvilla,East,Guwahati,Electronics,Smartwatch,Smartwatch Numquam,3,5408,20,12979.2,801.44,Debit Card,0.2,12979.2,0.0,0.06174802761341223,2025,1,13,0,winter
11948,2025-06-10,Veer Basu,North,Amritsar,Books,Biography,Biography Quibusdam,5,71043,5,337454.25,69191.11,Debit Card,0.05,337454.25,0.0,0.2050384904027731,2025,6,10,1,Summer
11949,2023-12-08,Anya Karpe,North,Chandigarh,Kitchen,Cookware Set,Cookware Set Beatae,3,39343,0,118029.0,19795.15,Cod,0.0,118029.0,0.0,0.1677142905557109,2023,12,8,4,winter
11950,2024-03-16,Mamooty Bhat,North,Jaipur,Beauty,Lipstick,Lipstick Aut,4,44419,10,159908.4,11869.58,Net Banking,0.1,159908.4,0.0,0.07422737016942199,2024,3,16,5,Spring
11951,2024-08-28,Devansh Lad,North,Jaipur,Home Decor,Clock,Clock Debitis,4,23082,10,83095.2,11242.62,Upi,0.1,83095.2,0.0,0.13529806775842648,2024,8,28,2,Summer
11952,2025-07-10,Adah Chhabra,East,Bhubaneswar,Toys,Action Figure,Action Figure Quos,1,27037,20,21629.6,5064.13,Credit Card,0.2,21629.600000000002,3.637978807091713e-12,0.23412961867071053,2025,7,10,3,Summer
11953,2024-11-18,Rasha Bora,North,Chandigarh,Books,Textbook,Textbook Soluta,5,70647,5,335573.25,18606.62,Cod,0.05,335573.25,0.0,0.0554472682193828,2024,11,18,0,Fall
11954,2025-06-01,Shlok Dalal,North,Jaipur,Beauty,Perfume,Perfume Deserunt,1,60017,10,54015.3,8448.22,Upi,0.1,54015.3,0.0,0.15640420399405353,2025,6,1,6,Summer
11955,2024-04-02,Hiran Gole,East,Patna,Furniture,Bed,Bed Alias,2,33562,5,63767.8,11910.29,Debit Card,0.05,63767.799999999996,7.275957614183426e-12,0.1867759276625507,2024,4,2,1,Spring
11956,2024-08-31,Hridaan Dugal,West,Goa,Clothing,Shoes,Shoes Odio,4,71751,0,287004.0,23632.48,Cod,0.0,287004.0,0.0,0.08234198826497191,2024,8,31,5,Summer
11957,2024-09-06,Seher Lall,West,Mumbai,Furniture,Table,Table Soluta,1,39397,0,39397.0,8560.42,Upi,0.0,39397.0,0.0,0.2172860877731807,2024,9,6,4,Fall
11958,2023-11-02,Nishith Srinivas,East,Guwahati,Sports,Yoga Mat,Yoga Mat Harum,4,13045,5,49571.0,8194.98,Cod,0.05,49571.0,0.0,0.16531802868612697,2023,11,2,3,Fall
11959,2023-12-29,Damini Bhatti,North,Lucknow,Kitchen,Microwave,Microwave Possimus,2,12469,10,22444.2,1748.38,Credit Card,0.1,22444.2,0.0,0.07789896721647464,2023,12,29,4,winter
11960,2024-02-28,Kanav Srinivas,North,Amritsar,Kitchen,Cookware Set,Cookware Set Incidunt,1,11182,15,9504.7,1019.75,Cod,0.15,9504.699999999999,1.8189894035458565e-12,0.10728902542952433,2024,2,28,2,winter
11961,2025-03-17,Shamik Varughese,North,Delhi,Books,Textbook,Textbook Veritatis,1,15722,0,15722.0,3739.94,Credit Card,0.0,15722.0,0.0,0.2378794046558962,2025,3,17,0,Spring
11962,2025-06-28,Anya Bedi,West,Surat,Clothing,Men'S Wear,Men's Wear Itaque,1,71414,10,64272.6,15073.36,Credit Card,0.1,64272.6,0.0,0.23452233144450357,2025,6,28,5,Summer
11963,2024-02-10,Zaina Sibal,East,Ranchi,Sports,Tennis Racket,Tennis Racket Vitae,3,63450,0,190350.0,40628.76,Credit Card,0.0,190350.0,0.0,0.21344239558707645,2024,2,10,5,winter
11964,2025-05-15,Lagan Doctor,West,Ahmedabad,Clothing,Men'S Wear,Men's Wear Quasi,4,70267,5,267014.6,32751.6,Net Banking,0.05,267014.6,0.0,0.1226584613725242,2025,5,15,3,Spring
11965,2025-09-06,Veer Ghosh,West,Ahmedabad,Kitchen,Mixer Grinder,Mixer Grinder Quis,1,55661,20,44528.8,7784.21,Net Banking,0.2,44528.8,0.0,0.17481293005874848,2025,9,6,5,Fall
11966,2023-12-07,Umang Sood,West,Mumbai,Furniture,Sofa,Sofa Qui,4,32435,10,116766.0,14779.09,Net Banking,0.1,116766.0,0.0,0.12657014884469794,2023,12,7,3,winter
11967,2024-04-18,Nitya Amble,South,Chennai,Furniture,Table,Table Voluptate,1,52961,0,52961.0,12025.23,Credit Card,0.0,52961.0,0.0,0.22705821264704215,2024,4,18,3,Spring
11968,2024-05-30,Biju Kadakia,West,Surat,Furniture,Sofa,Sofa Quam,2,52166,10,93898.8,5784.3,Upi,0.1,93898.8,0.0,0.06160142621630947,2024,5,30,3,Spring
11969,2025-07-02,Badal Dey,West,Goa,Toys,Action Figure,Action Figure Iste,3,7681,15,19586.55,4318.6,Upi,0.15,19586.55,0.0,0.2204880389859368,2025,7,2,2,Summer
11970,2025-09-18,Advik Ramesh,East,Ranchi,Groceries,Rice,Rice Exercitationem,2,1301,20,2081.6,134.44,Debit Card,0.2,2081.6,0.0,0.06458493466564182,2025,9,18,3,Fall
11971,2023-12-07,Keya Iyer,South,Bangalore,Clothing,Women'S Wear,Women's Wear Asperiores,1,17080,20,13664.0,2634.79,Upi,0.2,13664.0,0.0,0.19282713700234191,2023,12,7,3,winter
11972,2024-02-27,Amira Dayal,East,Kolkata,Home Decor,Cushion,Cushion Similique,3,19834,0,59502.0,11271.56,Cod,0.0,59502.0,0.0,0.1894316157440086,2024,2,27,1,winter
11973,2024-07-10,Rhea Loke,North,Lucknow,Books,Comics,Comics Quia,4,59456,15,202150.4,13460.43,Credit Card,0.15,202150.4,0.0,0.0665862150161464,2024,7,10,2,Summer
11974,2024-09-21,Nirvi Lata,East,Guwahati,Books,Biography,Biography Accusamus,2,32510,15,55267.0,11807.32,Debit Card,0.15,55267.0,0.0,0.21364141350172797,2024,9,21,5,Fall
11975,2024-12-18,Tarini Sura,South,Hyderabad,Books,Biography,Biography Corporis,2,64090,10,115362.0,6163.52,Upi,0.1,115362.0,0.0,0.05342764515178309,2024,12,18,2,winter
11976,2024-07-11,Pihu Tiwari,East,Kolkata,Beauty,Shampoo,Shampoo Possimus,2,40984,5,77869.6,13675.04,Net Banking,0.05,77869.59999999999,1.4551915228366852e-11,0.17561461725756905,2024,7,11,3,Summer
11977,2024-07-20,Ryan Bhalla,East,Kolkata,Books,Fiction,Fiction Blanditiis,4,8348,5,31722.4,1879.47,Cod,0.05,31722.399999999998,3.637978807091713e-12,0.059247408771089194,2024,7,20,5,Summer
11978,2023-12-31,Nayantara Wali,North,Chandigarh,Electronics,Headphones,Headphones Est,5,17971,0,89855.0,19466.13,Net Banking,0.0,89855.0,0.0,0.2166393634188415,2023,12,31,6,winter
11979,2024-03-02,Shayak Hans,West,Goa,Kitchen,Refrigerator,Refrigerator Voluptatibus,4,24557,5,93316.6,20909.57,Debit Card,0.05,93316.59999999999,1.4551915228366852e-11,0.22407127992232892,2024,3,2,5,Spring
11980,2025-10-01,Aradhya Raju,West,Pune,Clothing,Kids Wear,Kids Wear Molestiae,2,3464,10,6235.2,1298.19,Debit Card,0.1,6235.2,0.0,0.20820342571208625,2025,10,1,2,Fall
11981,2024-01-22,Riya Acharya,North,Delhi,Books,Biography,Biography Modi,5,33302,5,158184.5,25830.56,Cod,0.05,158184.5,0.0,0.16329387519004707,2024,1,22,0,winter
11982,2023-12-23,Navya Bhardwaj,North,Chandigarh,Home Decor,Vase,Vase Quo,4,49278,20,157689.6,24924.61,Debit Card,0.2,157689.6,0.0,0.15806121646576565,2023,12,23,5,winter
11983,2024-07-18,Lagan Lata,South,Hyderabad,Electronics,Mobile,Mobile Error,2,46501,20,74401.6,6365.68,Debit Card,0.2,74401.6,0.0,0.08555837508870777,2024,7,18,3,Summer
11984,2024-10-25,Devansh Krish,North,Amritsar,Sports,Tennis Racket,Tennis Racket Neque,4,1290,15,4386.0,357.47,Upi,0.15,4386.0,0.0,0.08150250797993616,2024,10,25,4,Fall
11985,2025-09-09,Lagan Gill,North,Chandigarh,Sports,Dumbbells,Dumbbells Veritatis,1,5808,0,5808.0,396.13,Debit Card,0.0,5808.0,0.0,0.06820420110192837,2025,9,9,1,Fall
11986,2024-12-30,Mamooty Tata,South,Coimbatore,Groceries,Sugar,Sugar Reprehenderit,3,11177,20,26824.8,6147.14,Debit Card,0.2,26824.800000000003,3.637978807091713e-12,0.22915883809012558,2024,12,30,0,winter
11987,2025-01-12,Samarth Sangha,East,Kolkata,Toys,Rc Car,RC Car Fugiat,5,5730,10,25785.0,3229.48,Net Banking,0.1,25785.0,0.0,0.12524646112080667,2025,1,12,6,winter
11988,2025-01-07,Adira Boase,North,Amritsar,Electronics,Camera,Camera Quod,2,59430,15,101031.0,15448.92,Net Banking,0.15,101031.0,0.0,0.15291267036850076,2025,1,7,1,winter
11989,2023-12-14,Ritvik Kumar,West,Surat,Toys,Puzzle,Puzzle Placeat,4,72871,15,247761.4,50948.61,Net Banking,0.15,247761.4,0.0,0.20563578507386543,2023,12,14,3,winter
11990,2025-01-11,Indrajit Mall,South,Hyderabad,Toys,Puzzle,Puzzle Commodi,3,78303,20,187927.2,20656.84,Upi,0.2,187927.2,0.0,0.10991937303381309,2025,1,11,5,winter
11991,2024-02-13,Yuvraj  Behl,South,Coimbatore,Sports,Dumbbells,Dumbbells Exercitationem,5,66271,10,298219.5,52820.32,Debit Card,0.1,298219.5,0.0,0.17711893420785696,2024,2,13,1,winter
11992,2024-01-17,Alisha Mann,East,Patna,Clothing,Kids Wear,Kids Wear Vitae,4,8537,20,27318.4,4598.59,Upi,0.2,27318.4,0.0,0.16833306489399086,2024,1,17,2,winter
11993,2024-03-19,Vardaniya Bhalla,West,Mumbai,Groceries,Spices,Spices Vero,3,58993,0,176979.0,25699.24,Net Banking,0.0,176979.0,0.0,0.14521067471281904,2024,3,19,1,Spring
11994,2024-03-27,Diya Dhillon,East,Bhubaneswar,Kitchen,Mixer Grinder,Mixer Grinder Minus,1,15496,20,12396.8,915.96,Credit Card,0.2,12396.800000000001,1.8189894035458565e-12,0.07388680949922562,2024,3,27,2,Spring
11995,2024-09-11,Divij Vyas,West,Mumbai,Home Decor,Lamp,Lamp Exercitationem,4,67203,5,255371.4,24419.38,Upi,0.05,255371.4,0.0,0.09562300241922157,2024,9,11,2,Fall
11996,2025-04-02,Kartik Subramaniam,South,Coimbatore,Clothing,Kids Wear,Kids Wear Voluptatem,1,26544,15,22562.4,4482.2,Credit Card,0.15,22562.399999999998,3.637978807091713e-12,0.19865794419033433,2025,4,2,2,Spring
11997,2025-07-21,Madhup Sachar,South,Coimbatore,Books,Non-Fiction,Non-Fiction Voluptas,2,59533,10,107159.4,22779.76,Upi,0.1,107159.40000000001,1.4551915228366852e-11,0.2125782712482526,2025,7,21,0,Summer
11998,2024-04-24,Saksham Bhakta,North,Delhi,Toys,Doll,Doll Aspernatur,1,70606,10,63545.4,9290.79,Upi,0.1,63545.4,0.0,0.14620712120782936,2024,4,24,2,Spring
11999,2024-06-11,Armaan Kale,West,Ahmedabad,Home Decor,Lamp,Lamp Animi,3,71976,10,194335.2,40185.1,Cod,0.1,194335.2,0.0,0.2067824048345333,2024,6,11,1,Summer
12000,2023-12-06,Aayush Gill,West,Mumbai,Clothing,Kids Wear,Kids Wear Nemo,4,49170,10,177012.0,25876.51,Upi,0.1,177012.0,0.0,0.146185060899826,2023,12,6,2,winter
12001,2024-07-21,Alisha Bahri,South,Chennai,Beauty,Perfume,Perfume Officia,5,17746,0,88730.0,13745.92,Net Banking,0.0,88730.0,0.0,0.15491851684886734,2024,7,21,6,Summer
12002,2024-07-11,Raghav Biswas,North,Jaipur,Beauty,Lipstick,Lipstick Nam,1,60158,20,48126.4,5160.91,Net Banking,0.2,48126.4,0.0,0.10723656870241696,2024,7,11,3,Summer
12003,2024-09-23,Sara Majumdar,East,Bhubaneswar,Groceries,Wheat,Wheat Repellendus,3,23063,0,69189.0,13824.22,Credit Card,0.0,69189.0,0.0,0.19980372602581334,2024,9,23,0,Fall
12004,2025-02-22,Seher Dugal,East,Kolkata,Groceries,Oil,Oil Magni,3,53346,5,152036.1,34819.38,Upi,0.05,152036.1,0.0,0.22902047605798884,2025,2,22,5,winter
12005,2025-09-21,Ritvik Thaker,North,Jaipur,Electronics,Headphones,Headphones Illo,5,72758,10,327411.0,50382.9,Net Banking,0.1,327411.0,0.0,0.1538827345446549,2025,9,21,6,Fall
12006,2024-11-02,Lakshit Varma,South,Hyderabad,Toys,Board Game,Board Game Repudiandae,1,68469,20,54775.2,7708.35,Cod,0.2,54775.200000000004,7.275957614183426e-12,0.14072700784296543,2024,11,2,5,Fall
12007,2025-02-16,Anahi Gaba,North,Chandigarh,Home Decor,Wall Art,Wall Art Adipisci,2,30269,20,48430.4,11645.9,Debit Card,0.2,48430.4,0.0,0.24046673163963128,2025,2,16,6,winter
12008,2023-11-03,Faiyaz Soni,North,Delhi,Beauty,Perfume,Perfume Deserunt,4,62112,5,236025.6,17098.93,Upi,0.05,236025.59999999998,2.9103830456733704e-11,0.07244523475419616,2023,11,3,4,Fall
12009,2025-05-01,Rati Buch,South,Thiruvananthapuram,Sports,Cricket Bat,Cricket Bat In,5,24115,5,114546.25,17747.46,Cod,0.05,114546.25,0.0,0.15493706690528933,2025,5,1,3,Spring
12010,2024-02-09,Vedika Wagle,South,Chennai,Home Decor,Vase,Vase Ex,4,45944,5,174587.2,23684.63,Upi,0.05,174587.19999999998,2.9103830456733704e-11,0.13566074717963286,2024,2,9,4,winter
12011,2024-11-07,Lakshit Bala,West,Ahmedabad,Furniture,Table,Table Cupiditate,4,58858,0,235432.0,42510.72,Debit Card,0.0,235432.0,0.0,0.18056474905705258,2024,11,7,3,Fall
12012,2024-05-17,Shaan Bera,South,Thiruvananthapuram,Home Decor,Lamp,Lamp Sapiente,4,36627,10,131857.2,29930.86,Upi,0.1,131857.2,0.0,0.22699450617789546,2024,5,17,4,Spring
12013,2025-09-18,Hrishita Sibal,West,Pune,Kitchen,Juicer,Juicer Voluptates,1,34368,5,32649.6,3499.05,Upi,0.05,32649.6,0.0,0.10716976624522201,2025,9,18,3,Fall
12014,2024-04-08,Jivika Shukla,West,Surat,Beauty,Shampoo,Shampoo Accusantium,2,32220,20,51552.0,12761.9,Cod,0.2,51552.0,0.0,0.24755392613283675,2024,4,8,0,Spring
12015,2024-04-17,Ela Dua,East,Ranchi,Clothing,Kids Wear,Kids Wear Ex,2,18505,5,35159.5,7772.96,Credit Card,0.05,35159.5,0.0,0.2210770915399821,2024,4,17,2,Spring
12016,2025-05-18,Diya Sibal,South,Coimbatore,Kitchen,Juicer,Juicer Ratione,2,41747,20,66795.2,14777.33,Net Banking,0.2,66795.2,0.0,0.2212334119816993,2025,5,18,6,Spring
12017,2024-08-31,Dharmajan Hayer,North,Jaipur,Clothing,Accessories,Accessories Minima,5,70650,15,300262.5,15684.81,Credit Card,0.15,300262.5,0.0,0.05223699263144748,2024,8,31,5,Summer
12018,2024-01-27,Anay Sastry,South,Coimbatore,Home Decor,Vase,Vase Illo,1,53261,15,45271.85,3147.15,Cod,0.15,45271.85,0.0,0.06951670850650019,2024,1,27,5,winter
12019,2024-06-17,Ira Varkey,North,Jaipur,Toys,Rc Car,RC Car Labore,3,4334,20,10401.6,2317.08,Debit Card,0.2,10401.6,0.0,0.22276188278726347,2024,6,17,0,Summer
12020,2025-03-21,Dishani Dugar,North,Amritsar,Sports,Dumbbells,Dumbbells Aliquid,5,42957,15,182567.25,15611.59,Debit Card,0.15,182567.25,0.0,0.08551144852102445,2025,3,21,4,Spring
12021,2025-05-02,Anvi Srinivasan,West,Surat,Kitchen,Mixer Grinder,Mixer Grinder Non,5,3244,10,14598.0,3173.08,Credit Card,0.1,14598.0,0.0,0.21736402246883135,2025,5,2,4,Spring
12022,2025-10-01,Samiha Sanghvi,West,Mumbai,Furniture,Table,Table Perferendis,2,8401,15,14281.7,2480.67,Cod,0.15,14281.699999999999,1.8189894035458565e-12,0.17369570849408683,2025,10,1,2,Fall
12023,2025-05-03,Hazel Sundaram,North,Amritsar,Toys,Action Figure,Action Figure Exercitationem,2,55717,20,89147.2,8304.75,Cod,0.2,89147.20000000001,1.4551915228366852e-11,0.09315772116230235,2025,5,3,5,Spring
12024,2023-12-25,Ivana Sankaran,West,Ahmedabad,Sports,Dumbbells,Dumbbells Voluptatem,1,12463,0,12463.0,2373.57,Upi,0.0,12463.0,0.0,0.19044933001684988,2023,12,25,0,winter
12025,2023-10-10,Divij Tara,East,Patna,Clothing,Women'S Wear,Women's Wear Impedit,3,48250,0,144750.0,33955.47,Cod,0.0,144750.0,0.0,0.234580103626943,2023,10,10,1,Fall
12026,2024-11-16,Vidur Khanna,South,Bangalore,Sports,Dumbbells,Dumbbells Soluta,1,18572,15,15786.2,3123.61,Upi,0.15,15786.199999999999,1.8189894035458565e-12,0.1978696583091561,2024,11,16,5,Fall
12027,2024-10-29,Gokul Baral,North,Delhi,Electronics,Headphones,Headphones Incidunt,4,64001,10,230403.6,36781.62,Credit Card,0.1,230403.6,0.0,0.15963995354239258,2024,10,29,1,Fall
12028,2023-12-16,Ivan Sharaf,West,Surat,Furniture,Bed,Bed Dolores,1,70622,0,70622.0,7828.6,Credit Card,0.0,70622.0,0.0,0.11085214239188922,2023,12,16,5,winter
12029,2024-01-05,Raunak Kar,South,Thiruvananthapuram,Beauty,Face Cream,Face Cream Esse,1,1544,5,1466.8,96.94,Credit Card,0.05,1466.8,0.0,0.06608944641396237,2024,1,5,4,winter
12030,2025-01-24,Armaan Bhalla,North,Chandigarh,Clothing,Shoes,Shoes Praesentium,1,58479,10,52631.1,3786.2,Upi,0.1,52631.1,0.0,0.07193845463993723,2025,1,24,4,winter
12031,2024-09-20,Aarna Sha,West,Surat,Groceries,Rice,Rice Nobis,5,75993,0,379965.0,64504.3,Cod,0.0,379965.0,0.0,0.16976379403366101,2024,9,20,4,Fall
12032,2023-11-11,Vanya Joshi,North,Lucknow,Books,Textbook,Textbook Soluta,3,31894,15,81329.7,18780.74,Net Banking,0.15,81329.7,0.0,0.2309210534405021,2023,11,11,5,Fall
12033,2024-10-27,Pari Basak,West,Goa,Kitchen,Refrigerator,Refrigerator Minima,3,71258,20,171019.2,28222.22,Cod,0.2,171019.2,0.0,0.16502369324613844,2024,10,27,6,Fall
12034,2025-08-04,Chirag Chaudhry,North,Amritsar,Sports,Football,Football Optio,4,21950,5,83410.0,14277.24,Cod,0.05,83410.0,0.0,0.17116940414818366,2025,8,4,0,Summer
12035,2024-08-29,Purab Bala,North,Chandigarh,Clothing,Men'S Wear,Men's Wear Illum,5,54657,10,245956.5,60078.61,Upi,0.1,245956.5,0.0,0.24426518510387,2024,8,29,3,Summer
12036,2024-01-21,Pari Sundaram,South,Thiruvananthapuram,Books,Biography,Biography A,5,28722,5,136429.5,20182.22,Upi,0.05,136429.5,0.0,0.14793149575421738,2024,1,21,6,winter
12037,2025-06-07,Jivin Sridhar,West,Goa,Clothing,Men'S Wear,Men's Wear At,2,48585,5,92311.5,9970.12,Net Banking,0.05,92311.5,0.0,0.10800517811973591,2025,6,7,5,Summer
12038,2024-01-23,Purab Yohannan,North,Lucknow,Groceries,Sugar,Sugar Ipsam,3,76089,5,216853.65,53711.74,Credit Card,0.05,216853.65,0.0,0.24768658493873633,2024,1,23,1,winter
12039,2025-08-21,Kimaya Sanghvi,East,Bhubaneswar,Furniture,Cabinet,Cabinet Ducimus,3,27455,15,70010.25,6127.26,Debit Card,0.15,70010.25,0.0,0.08751947036326824,2025,8,21,3,Summer
12040,2025-07-17,Ivana Bobal,South,Coimbatore,Beauty,Lipstick,Lipstick Ex,1,15713,0,15713.0,3340.58,Net Banking,0.0,15713.0,0.0,0.21259975816203144,2025,7,17,3,Summer
12041,2025-06-06,Yakshit Sidhu,South,Thiruvananthapuram,Clothing,Men'S Wear,Men's Wear Fugit,3,4084,5,11639.4,1429.58,Cod,0.05,11639.4,0.0,0.12282248225853566,2025,6,6,4,Summer
12042,2024-04-13,Baiju Madan,South,Hyderabad,Furniture,Bed,Bed Blanditiis,5,48454,15,205929.5,27567.8,Cod,0.15,205929.5,0.0,0.13387008660730979,2024,4,13,5,Spring
12043,2024-07-02,Aayush Bassi,East,Ranchi,Books,Non-Fiction,Non-Fiction Inventore,5,10529,0,52645.0,10727.91,Net Banking,0.0,52645.0,0.0,0.2037783265267357,2024,7,2,1,Summer
12044,2023-12-03,Khushi Guha,North,Chandigarh,Groceries,Rice,Rice Culpa,5,19998,0,99990.0,9341.53,Net Banking,0.0,99990.0,0.0,0.09342464246424644,2023,12,3,6,winter
12045,2024-12-30,Priyansh Kade,East,Bhubaneswar,Clothing,Shoes,Shoes Accusamus,5,69794,0,348970.0,61506.89,Upi,0.0,348970.0,0.0,0.17625265782158925,2024,12,30,0,winter
12046,2025-08-22,Dhanush Chand,South,Bangalore,Groceries,Sugar,Sugar Itaque,1,51498,15,43773.3,6145.9,Debit Card,0.15,43773.299999999996,7.275957614183426e-12,0.1404029396915471,2025,8,22,4,Summer
12047,2023-10-18,Fateh Bakshi,South,Hyderabad,Beauty,Perfume,Perfume Optio,1,47301,20,37840.8,2687.34,Net Banking,0.2,37840.8,0.0,0.07101699752647936,2023,10,18,2,Fall
12048,2024-05-09,Anahita Jaggi,North,Amritsar,Groceries,Wheat,Wheat Accusantium,2,18605,0,37210.0,3316.1,Debit Card,0.0,37210.0,0.0,0.0891185165278151,2024,5,9,3,Spring
12049,2025-05-12,Saira Hegde,South,Coimbatore,Beauty,Foundation,Foundation Praesentium,1,38419,5,36498.05,4523.75,Upi,0.05,36498.049999999996,7.275957614183426e-12,0.12394497788238001,2025,5,12,0,Spring
12050,2023-12-04,Bhavin Chanda,West,Surat,Beauty,Face Cream,Face Cream Harum,5,42020,10,189090.0,43030.1,Credit Card,0.1,189090.0,0.0,0.22756412290443703,2023,12,4,0,winter
12051,2024-07-23,Ritvik Dugal,South,Chennai,Books,Non-Fiction,Non-Fiction Unde,1,2469,0,2469.0,437.53,Net Banking,0.0,2469.0,0.0,0.17720939651680842,2024,7,23,1,Summer
12052,2025-09-26,Trisha Raval,East,Kolkata,Furniture,Sofa,Sofa Hic,5,45068,15,191539.0,13333.36,Debit Card,0.15,191539.0,0.0,0.06961172398310528,2025,9,26,4,Fall
12053,2023-10-30,Hazel Deshpande,South,Hyderabad,Electronics,Headphones,Headphones Voluptatem,3,28772,10,77684.4,9106.58,Debit Card,0.1,77684.40000000001,1.4551915228366852e-11,0.11722533739077602,2023,10,30,0,Fall
12054,2024-06-05,Indrajit Ramaswamy,East,Bhubaneswar,Groceries,Rice,Rice Eaque,4,14718,15,50041.2,8295.67,Debit Card,0.15,50041.2,0.0,0.1657767999168685,2024,6,5,2,Summer
12055,2024-07-26,Neysa Bassi,South,Hyderabad,Sports,Tennis Racket,Tennis Racket Reprehenderit,3,8259,20,19821.6,4289.46,Cod,0.2,19821.600000000002,3.637978807091713e-12,0.21640331759292894,2024,7,26,4,Summer
12056,2024-12-06,Ayesha Kar,East,Guwahati,Home Decor,Wall Art,Wall Art Sunt,4,67604,15,229853.6,49713.34,Debit Card,0.15,229853.6,0.0,0.21628262511442065,2024,12,6,4,winter
12057,2024-08-17,Damini Kumar,North,Delhi,Groceries,Wheat,Wheat Iusto,4,56055,20,179376.0,27144.95,Debit Card,0.2,179376.0,0.0,0.1513298880563732,2024,8,17,5,Summer
12058,2023-11-10,Shamik Hayer,East,Guwahati,Beauty,Perfume,Perfume Quod,5,18989,5,90197.75,18901.2,Net Banking,0.05,90197.75,0.0,0.2095528990468166,2023,11,10,4,Fall
12059,2024-04-05,Zeeshan Roy,West,Goa,Furniture,Sofa,Sofa Nobis,4,9993,20,31977.6,2719.42,Cod,0.2,31977.600000000002,3.637978807091713e-12,0.08504140398278796,2024,4,5,4,Spring
12060,2024-01-14,Nitya Kale,East,Kolkata,Electronics,Headphones,Headphones Illo,1,79977,10,71979.3,16673.46,Net Banking,0.1,71979.3,0.0,0.23164243053211128,2024,1,14,6,winter
12061,2025-07-29,Seher Chacko,North,Jaipur,Home Decor,Wall Art,Wall Art Iusto,2,75748,15,128771.6,16647.26,Cod,0.15,128771.59999999999,1.4551915228366852e-11,0.12927741831273354,2025,7,29,1,Summer
12062,2023-12-24,Indrajit Bhalla,East,Ranchi,Groceries,Sugar,Sugar Perspiciatis,3,27010,20,64824.0,11767.91,Upi,0.2,64824.0,0.0,0.18153631371097123,2023,12,24,6,winter
12063,2025-05-20,Zeeshan Dash,North,Amritsar,Furniture,Sofa,Sofa Odit,4,71994,10,259178.4,51430.67,Cod,0.1,259178.4,0.0,0.19843733119735285,2025,5,20,1,Spring
12064,2024-01-30,Vritika Gala,North,Delhi,Furniture,Chair,Chair Tempore,2,47526,0,95052.0,18928.62,Net Banking,0.0,95052.0,0.0,0.19913962883474307,2024,1,30,1,winter
12065,2024-03-26,Shamik Acharya,North,Lucknow,Home Decor,Cushion,Cushion Iste,1,38318,5,36402.1,2870.15,Credit Card,0.05,36402.1,0.0,0.07884572593339396,2024,3,26,1,Spring
12066,2025-03-29,Taran Sharma,North,Chandigarh,Kitchen,Cookware Set,Cookware Set Illo,1,56883,5,54038.85,11664.07,Net Banking,0.05,54038.85,0.0,0.21584600708564303,2025,3,29,5,Spring
12067,2024-10-18,Dhanuk Bhatnagar,East,Guwahati,Clothing,Women'S Wear,Women's Wear Magnam,1,18708,20,14966.4,2805.04,Credit Card,0.2,14966.400000000001,1.8189894035458565e-12,0.18742249305110115,2024,10,18,4,Fall
12068,2025-07-22,Aarav Vaidya,West,Mumbai,Furniture,Table,Table Perspiciatis,4,60603,10,218170.8,32196.64,Debit Card,0.1,218170.80000000002,2.9103830456733704e-11,0.1475753858903208,2025,7,22,1,Summer
12069,2025-05-24,Rania Bir,North,Delhi,Groceries,Sugar,Sugar Suscipit,5,79431,5,377297.25,75188.15,Credit Card,0.05,377297.25,0.0,0.1992809383052752,2025,5,24,5,Spring
12070,2024-04-27,Rania Vala,North,Jaipur,Toys,Puzzle,Puzzle Quos,4,20901,15,71063.4,4325.75,Net Banking,0.15,71063.4,0.0,0.06087170048154184,2024,4,27,5,Spring
12071,2024-01-29,Madhav Jha,East,Bhubaneswar,Toys,Action Figure,Action Figure Quidem,2,23718,15,40320.6,7534.24,Net Banking,0.15,40320.6,0.0,0.18685833048119324,2024,1,29,0,winter
12072,2024-07-24,Lakshit Sarma,West,Ahmedabad,Sports,Yoga Mat,Yoga Mat Maxime,5,3533,5,16781.75,2231.33,Debit Card,0.05,16781.75,0.0,0.13296169946519285,2024,7,24,2,Summer
12073,2024-05-15,Aradhya Sethi,North,Delhi,Beauty,Lipstick,Lipstick Deleniti,5,7131,0,35655.0,1891.89,Debit Card,0.0,35655.0,0.0,0.05306100126209508,2024,5,15,2,Spring
12074,2025-04-12,Reyansh Dash,West,Mumbai,Groceries,Oil,Oil Laborum,5,578,5,2745.5,582.89,Debit Card,0.05,2745.5,0.0,0.21230741212893825,2025,4,12,5,Spring
12075,2025-09-05,Urvi Chada,North,Amritsar,Home Decor,Clock,Clock Aliquam,3,24189,20,58053.6,9053.66,Cod,0.2,58053.600000000006,7.275957614183426e-12,0.15595346369561922,2025,9,5,4,Fall
12076,2024-07-16,Hrishita Mangal,East,Kolkata,Home Decor,Wall Art,Wall Art Explicabo,4,75193,0,300772.0,16853.48,Net Banking,0.0,300772.0,0.0,0.056034072320561755,2024,7,16,1,Summer
12077,2024-05-20,Eshani Chopra,East,Guwahati,Beauty,Shampoo,Shampoo Commodi,3,67112,15,171135.6,39686.76,Cod,0.15,171135.6,0.0,0.23190242123789556,2024,5,20,0,Spring
12078,2024-04-29,Dhanush Agate,North,Amritsar,Toys,Action Figure,Action Figure Praesentium,2,67207,15,114251.9,27397.73,Upi,0.15,114251.9,0.0,0.23980108864710348,2024,4,29,0,Spring
12079,2023-12-12,Jayant Kota,North,Chandigarh,Sports,Yoga Mat,Yoga Mat Laborum,5,31268,10,140706.0,19746.09,Net Banking,0.1,140706.0,0.0,0.14033580657541256,2023,12,12,1,winter
12080,2024-12-13,Rati Mangal,West,Pune,Home Decor,Cushion,Cushion Rem,5,76437,10,343966.5,71314.27,Credit Card,0.1,343966.5,0.0,0.20732911489927072,2024,12,13,4,winter
12081,2024-06-07,Shray Karnik,East,Guwahati,Furniture,Bed,Bed Ipsa,5,33383,15,141877.75,34615.46,Debit Card,0.15,141877.75,0.0,0.24398089200033127,2024,6,7,4,Summer
12082,2025-03-27,Uthkarsh Dara,West,Ahmedabad,Sports,Football,Football Occaecati,4,11114,20,35564.8,6332.35,Cod,0.2,35564.8,0.0,0.178051050476876,2025,3,27,3,Spring
12083,2024-06-18,Yakshit Garg,South,Hyderabad,Toys,Board Game,Board Game Qui,4,17629,5,66990.2,7860.7,Upi,0.05,66990.2,0.0,0.11734104391388592,2024,6,18,1,Summer
12084,2025-04-10,Dhanush Kuruvilla,East,Ranchi,Toys,Rc Car,RC Car Dolorum,3,40924,15,104356.2,22904.12,Cod,0.15,104356.2,0.0,0.21948020338034538,2025,4,10,3,Spring
12085,2025-04-26,Hazel Ramakrishnan,West,Pune,Sports,Football,Football Iste,1,41878,10,37690.2,2498.5,Cod,0.1,37690.200000000004,7.275957614183426e-12,0.06629044154713958,2025,4,26,5,Spring
12086,2025-08-01,Siya Chakrabarti,North,Delhi,Kitchen,Cookware Set,Cookware Set Error,4,47351,5,179933.8,40754.03,Upi,0.05,179933.8,0.0,0.2264945774501511,2025,8,1,4,Summer
12087,2023-11-22,Nishith Sachar,West,Surat,Clothing,Accessories,Accessories Nulla,2,14660,15,24922.0,2430.18,Upi,0.15,24922.0,0.0,0.09751143567931947,2023,11,22,2,Fall
12088,2024-06-19,Shalv Saha,West,Mumbai,Groceries,Oil,Oil Eveniet,4,15163,0,60652.0,8462.5,Upi,0.0,60652.0,0.0,0.13952548967882344,2024,6,19,2,Summer
12089,2025-01-03,Amira Sibal,South,Bangalore,Electronics,Camera,Camera Laboriosam,1,57139,15,48568.15,8800.25,Cod,0.15,48568.15,0.0,0.18119384823181447,2025,1,3,4,winter
12090,2025-09-18,Ishaan Krish,West,Goa,Clothing,Accessories,Accessories Ipsam,4,66247,10,238489.2,19509.0,Cod,0.1,238489.2,0.0,0.08180244640008856,2025,9,18,3,Fall
12091,2024-05-31,Badal Dhar,South,Bangalore,Sports,Tennis Racket,Tennis Racket Vero,5,45080,5,214130.0,20871.6,Credit Card,0.05,214130.0,0.0,0.09747162938401904,2024,5,31,4,Spring
12092,2025-04-02,Divyansh Bhattacharyya,North,Amritsar,Kitchen,Refrigerator,Refrigerator Quasi,3,36266,20,87038.4,21271.05,Net Banking,0.2,87038.40000000001,1.4551915228366852e-11,0.2443869602382397,2025,4,2,2,Spring
12093,2025-07-07,Miraan Bora,East,Kolkata,Home Decor,Cushion,Cushion Rem,3,60918,5,173616.3,40216.36,Cod,0.05,173616.3,0.0,0.23163931036429186,2025,7,7,0,Summer
12094,2024-01-26,Lakshit Kuruvilla,East,Patna,Electronics,Mobile,Mobile Repudiandae,4,33066,0,132264.0,27056.98,Upi,0.0,132264.0,0.0,0.20456798524163794,2024,1,26,4,winter
12095,2024-11-11,Neysa Bhasin,North,Delhi,Clothing,Men'S Wear,Men's Wear Voluptas,1,62548,0,62548.0,10623.32,Credit Card,0.0,62548.0,0.0,0.16984268082112935,2024,11,11,0,Fall
12096,2024-05-05,Eva Gopal,East,Patna,Groceries,Rice,Rice Tenetur,3,468,5,1333.8,72.75,Credit Card,0.05,1333.8,0.0,0.0545434098065677,2024,5,5,6,Spring
12097,2023-11-23,Kiara Tank,West,Pune,Toys,Action Figure,Action Figure Quasi,3,49321,5,140564.85,23008.66,Net Banking,0.05,140564.85,0.0,0.16368715222902452,2023,11,23,3,Fall
12098,2025-01-27,Tanya Banerjee,East,Guwahati,Clothing,Women'S Wear,Women's Wear Vel,1,16956,15,14412.6,1338.71,Upi,0.15,14412.6,0.0,0.09288469811137477,2025,1,27,0,winter
12099,2023-11-19,Hiran Khalsa,North,Delhi,Beauty,Face Cream,Face Cream Harum,5,5964,20,23856.0,2508.49,Upi,0.2,23856.0,0.0,0.10515132461435277,2023,11,19,6,Fall
12100,2024-09-01,Tushar Dutt,South,Bangalore,Electronics,Mobile,Mobile Velit,2,74137,10,133446.6,27310.85,Debit Card,0.1,133446.6,0.0,0.20465751843808683,2024,9,1,6,Fall
12101,2024-10-30,Advika Borra,South,Bangalore,Clothing,Shoes,Shoes Sint,2,22106,0,44212.0,2947.03,Debit Card,0.0,44212.0,0.0,0.06665679001176152,2024,10,30,2,Fall
12102,2024-03-01,Reyansh Singh,East,Patna,Home Decor,Cushion,Cushion Maxime,4,25479,20,81532.8,4698.93,Credit Card,0.2,81532.8,0.0,0.0576323884375368,2024,3,1,4,Spring
12103,2025-01-10,Onkar Zachariah,South,Coimbatore,Furniture,Sofa,Sofa Doloremque,3,32223,5,91835.55,19859.42,Debit Card,0.05,91835.55,0.0,0.2162498074002932,2025,1,10,4,winter
12104,2024-04-30,Shlok Venkataraman,South,Bangalore,Toys,Action Figure,Action Figure Ullam,4,56442,15,191902.8,44004.28,Upi,0.15,191902.8,0.0,0.22930504401186436,2024,4,30,1,Spring
12105,2024-02-05,Lakshit D鈥橝Lia,South,Hyderabad,Sports,Football,Football Veniam,3,64252,10,173480.4,13901.3,Debit Card,0.1,173480.4,0.0,0.08013181892594207,2024,2,5,0,winter
12106,2025-09-21,Kaira Srinivas,South,Coimbatore,Groceries,Spices,Spices Quos,3,23606,15,60195.3,10532.87,Upi,0.15,60195.299999999996,7.275957614183426e-12,0.17497827903507418,2025,9,21,6,Fall
12107,2023-11-04,Vidur Deo,West,Surat,Kitchen,Juicer,Juicer Delectus,4,25373,20,81193.6,19540.16,Net Banking,0.2,81193.6,0.0,0.24066133291293892,2023,11,4,5,Fall
12108,2024-07-29,Anya Korpal,South,Hyderabad,Home Decor,Cushion,Cushion Doloribus,3,77524,10,209314.8,50439.75,Upi,0.1,209314.80000000002,2.9103830456733704e-11,0.24097555452361707,2024,7,29,0,Summer
12109,2023-12-10,Saanvi Dara,North,Chandigarh,Kitchen,Refrigerator,Refrigerator Exercitationem,5,42801,5,203304.75,32803.51,Debit Card,0.05,203304.75,0.0,0.16135141948232887,2023,12,10,6,winter
12110,2024-10-11,Elakshi Dugar,North,Jaipur,Clothing,Kids Wear,Kids Wear Praesentium,5,45661,0,228305.0,54011.07,Debit Card,0.0,228305.0,0.0,0.2365741880379317,2024,10,11,4,Fall
12111,2025-06-26,Lagan Iyer,South,Hyderabad,Clothing,Shoes,Shoes Earum,4,2984,0,11936.0,2485.2,Net Banking,0.0,11936.0,0.0,0.20821045576407504,2025,6,26,3,Summer
12112,2023-10-10,Aarav Sankar,South,Hyderabad,Furniture,Cabinet,Cabinet Officia,3,43812,15,111720.6,5915.45,Upi,0.15,111720.59999999999,1.4551915228366852e-11,0.05294860571819342,2023,10,10,1,Fall
12113,2025-04-20,Anvi Rattan,East,Patna,Toys,Board Game,Board Game Omnis,2,12348,5,23461.2,1481.05,Upi,0.05,23461.199999999997,3.637978807091713e-12,0.06312763200518302,2025,4,20,6,Spring
12114,2025-04-29,Anay Ghosh,West,Goa,Beauty,Perfume,Perfume Beatae,1,60771,5,57732.45,5845.89,Debit Card,0.05,57732.45,0.0,0.10125830447174856,2025,4,29,1,Spring
12115,2024-03-11,Kanav Badal,West,Surat,Books,Non-Fiction,Non-Fiction At,2,16930,10,30474.0,4151.93,Net Banking,0.1,30474.0,0.0,0.1362449957340684,2024,3,11,0,Spring
12116,2023-11-04,Indrans Rege,North,Chandigarh,Home Decor,Lamp,Lamp Dolore,1,51604,10,46443.6,2449.72,Cod,0.1,46443.6,0.0,0.05274612648459637,2023,11,4,5,Fall
12117,2025-07-30,Vaibhav Dey,West,Pune,Kitchen,Juicer,Juicer Cum,1,19755,15,16791.75,1036.5,Upi,0.15,16791.75,0.0,0.061726740810219304,2025,7,30,2,Summer
12118,2023-12-12,Aaryahi Batta,West,Pune,Toys,Action Figure,Action Figure Dolore,3,4379,10,11823.3,2567.66,Cod,0.1,11823.300000000001,1.8189894035458565e-12,0.21716948736816286,2023,12,12,1,winter
12119,2025-01-15,Devansh Buch,North,Chandigarh,Beauty,Perfume,Perfume Animi,5,8354,10,37593.0,8319.15,Net Banking,0.1,37593.0,0.0,0.22129518793392386,2025,1,15,2,winter
12120,2025-07-16,Kiaan Swamy,North,Lucknow,Beauty,Perfume,Perfume Similique,5,12720,10,57240.0,4777.6,Upi,0.1,57240.0,0.0,0.08346610761705102,2025,7,16,2,Summer
12121,2024-10-12,Aarna Kota,West,Goa,Sports,Football,Football Soluta,3,59034,15,150536.7,30666.04,Net Banking,0.15,150536.69999999998,2.9103830456733704e-11,0.2037113873228256,2024,10,12,5,Fall
12122,2024-01-28,Charvi Amble,South,Hyderabad,Sports,Cricket Bat,Cricket Bat Quidem,3,28393,5,80920.05,13853.3,Credit Card,0.05,80920.05,0.0,0.17119737320972983,2024,1,28,6,winter
12123,2025-05-19,Piya Sami,West,Surat,Books,Comics,Comics Doloremque,3,34251,15,87340.05,19961.06,Cod,0.15,87340.05,0.0,0.22854417875877103,2025,5,19,0,Spring
12124,2025-05-23,Jhanvi Aggarwal,North,Lucknow,Home Decor,Vase,Vase Exercitationem,2,22548,0,45096.0,4335.11,Credit Card,0.0,45096.0,0.0,0.09613069895334397,2025,5,23,4,Spring
12125,2025-07-04,Jayan Desai,East,Guwahati,Toys,Rc Car,RC Car Possimus,1,17031,20,13624.8,2127.12,Net Banking,0.2,13624.800000000001,1.8189894035458565e-12,0.15612119076977277,2025,7,4,4,Summer
12126,2024-04-13,Raghav Grewal,North,Lucknow,Furniture,Bed,Bed Enim,4,43796,10,157665.6,30789.59,Cod,0.1,157665.6,0.0,0.19528413300047695,2024,4,13,5,Spring
12127,2024-01-10,Bhamini Doshi,North,Delhi,Beauty,Shampoo,Shampoo Vero,4,2442,5,9279.6,1874.3,Debit Card,0.05,9279.6,0.0,0.20198068882279407,2024,1,10,2,winter
12128,2025-03-28,Lavanya Tella,North,Chandigarh,Sports,Cricket Bat,Cricket Bat Est,4,10644,0,42576.0,9423.41,Cod,0.0,42576.0,0.0,0.221331501315295,2025,3,28,4,Spring
12129,2025-04-06,Vanya Vig,East,Kolkata,Clothing,Men'S Wear,Men's Wear Culpa,1,77527,0,77527.0,7657.0,Credit Card,0.0,77527.0,0.0,0.09876559134237105,2025,4,6,6,Spring
12130,2024-08-12,Drishya Gill,North,Lucknow,Beauty,Shampoo,Shampoo Consequuntur,4,36963,5,140459.4,31023.13,Cod,0.05,140459.4,0.0,0.2208690198021635,2024,8,12,0,Summer
12131,2025-05-03,Samaira Singhal,North,Delhi,Beauty,Shampoo,Shampoo Numquam,1,51106,15,43440.1,8398.69,Credit Card,0.15,43440.1,0.0,0.1933395641354417,2025,5,3,5,Spring
12132,2024-09-05,Nehmat Tiwari,North,Chandigarh,Toys,Doll,Doll Illum,3,74020,20,177648.0,25632.62,Cod,0.2,177648.0,0.0,0.1442888183373863,2024,9,5,3,Fall
12133,2024-09-15,Aarush Doshi,South,Chennai,Kitchen,Cookware Set,Cookware Set Distinctio,2,23153,20,37044.8,4078.17,Debit Card,0.2,37044.8,0.0,0.11008751565671834,2024,9,15,6,Fall
12134,2024-12-19,Ivana Vasa,North,Amritsar,Toys,Rc Car,RC Car Inventore,5,56737,10,255316.5,54733.9,Debit Card,0.1,255316.5,0.0,0.2143766658245746,2024,12,19,3,winter
12135,2023-10-28,Anvi Bobal,West,Surat,Clothing,Women'S Wear,Women's Wear Nihil,5,39339,10,177025.5,22467.49,Debit Card,0.1,177025.5,0.0,0.12691668714394255,2023,10,28,5,Fall
12136,2024-03-15,Adira Chacko,East,Ranchi,Kitchen,Juicer,Juicer Dignissimos,3,39848,5,113566.8,14374.34,Debit Card,0.05,113566.79999999999,1.4551915228366852e-11,0.12657167411602688,2024,3,15,4,Spring
12137,2024-10-20,Anay Chad,South,Chennai,Books,Comics,Comics Sapiente,3,76533,20,183679.2,33188.03,Credit Card,0.2,183679.2,0.0,0.18068474819141198,2024,10,20,6,Fall
12138,2024-01-30,Adah Shroff,West,Goa,Home Decor,Clock,Clock Atque,1,71876,10,64688.4,9686.98,Upi,0.1,64688.4,0.0,0.1497483320038832,2024,1,30,1,winter
12139,2023-11-02,Ranbir Balakrishnan,North,Lucknow,Toys,Rc Car,RC Car Odit,3,63739,0,191217.0,36673.66,Cod,0.0,191217.0,0.0,0.1917907926596485,2023,11,2,3,Fall
12140,2025-02-17,Anya Lala,East,Bhubaneswar,Clothing,Shoes,Shoes Repellat,3,48469,0,145407.0,7390.33,Debit Card,0.0,145407.0,0.0,0.05082513221509281,2025,2,17,0,winter
12141,2024-07-17,Saanvi Wali,West,Mumbai,Home Decor,Wall Art,Wall Art Nostrum,2,30411,5,57780.9,11144.98,Debit Card,0.05,57780.899999999994,7.275957614183426e-12,0.19288346148986948,2024,7,17,2,Summer
12142,2024-12-15,Amira Chakraborty,South,Chennai,Kitchen,Juicer,Juicer Facilis,4,29873,15,101568.2,24764.08,Net Banking,0.15,101568.2,0.0,0.2438172577637489,2024,12,15,6,winter
12143,2025-07-20,Mamooty Balakrishnan,East,Patna,Clothing,Kids Wear,Kids Wear Dolor,5,51128,5,242858.0,40261.43,Cod,0.05,242858.0,0.0,0.16578177371138691,2025,7,20,6,Summer
12144,2024-03-22,Chirag Char,North,Chandigarh,Toys,Action Figure,Action Figure Accusantium,5,71439,15,303615.75,70173.14,Cod,0.15,303615.75,0.0,0.23112483459767816,2024,3,22,4,Spring
12145,2023-10-16,Nakul Tella,North,Chandigarh,Home Decor,Vase,Vase Minus,2,29477,20,47163.2,8201.57,Upi,0.2,47163.200000000004,7.275957614183426e-12,0.1738976574956746,2023,10,16,0,Fall
12146,2025-04-19,Seher Chopra,South,Thiruvananthapuram,Home Decor,Vase,Vase Dolorem,1,72116,20,57692.8,12204.5,Net Banking,0.2,57692.8,0.0,0.21154286150091517,2025,4,19,5,Spring
12147,2024-07-22,Jayesh Bajaj,East,Kolkata,Clothing,Shoes,Shoes Veritatis,5,46037,5,218675.75,49812.84,Cod,0.05,218675.75,0.0,0.22779315950671256,2024,7,22,0,Summer
12148,2024-03-14,Vanya Bir,North,Amritsar,Clothing,Accessories,Accessories Eaque,4,72637,0,290548.0,37770.26,Upi,0.0,290548.0,0.0,0.1299966270633424,2024,3,14,3,Spring
12149,2024-12-03,Jayan Bhakta,West,Pune,Sports,Cricket Bat,Cricket Bat Distinctio,3,31598,15,80574.9,14638.79,Net Banking,0.15,80574.9,0.0,0.18167928225787439,2024,12,3,1,winter
12150,2025-06-13,Hrishita Luthra,East,Kolkata,Books,Fiction,Fiction Quisquam,2,70431,10,126775.8,24909.23,Debit Card,0.1,126775.8,0.0,0.19648253057760234,2025,6,13,4,Summer
12151,2024-05-01,Rati Raju,North,Chandigarh,Home Decor,Cushion,Cushion Consectetur,3,69875,20,167700.0,12130.7,Debit Card,0.2,167700.0,0.0,0.07233571854502087,2024,5,1,2,Spring
12152,2025-03-13,Chirag Bail,East,Ranchi,Sports,Cricket Bat,Cricket Bat Odit,5,20239,20,80956.0,10317.19,Debit Card,0.2,80956.0,0.0,0.1274419437719255,2025,3,13,3,Spring
12153,2025-04-12,Kiara Ahluwalia,North,Chandigarh,Electronics,Mobile,Mobile Culpa,1,17421,5,16549.95,856.38,Upi,0.05,16549.95,0.0,0.051745171435563245,2025,4,12,5,Spring
12154,2024-01-24,Shalv Dutta,South,Coimbatore,Clothing,Women'S Wear,Women's Wear Odio,3,9700,15,24735.0,5477.11,Cod,0.15,24735.0,0.0,0.22143157469173236,2024,1,24,2,winter
12155,2024-03-08,Dharmajan Setty,East,Bhubaneswar,Furniture,Chair,Chair Officia,5,69207,15,294129.75,44408.76,Cod,0.15,294129.75,0.0,0.15098357102605228,2024,3,8,4,Spring
12156,2024-05-01,Madhav Deo,West,Pune,Furniture,Table,Table Numquam,5,30470,15,129497.5,23264.63,Credit Card,0.15,129497.5,0.0,0.17965312071661615,2024,5,1,2,Spring
12157,2024-09-13,Ranbir Babu,South,Chennai,Clothing,Women'S Wear,Women's Wear Quaerat,2,66296,5,125962.4,30173.26,Net Banking,0.05,125962.4,0.0,0.239541799775171,2024,9,13,4,Fall
12158,2024-10-08,Lakshit Walia,South,Thiruvananthapuram,Clothing,Men'S Wear,Men's Wear Nobis,1,74433,10,66989.7,16450.64,Net Banking,0.1,66989.7,0.0,0.24556969205713713,2024,10,8,1,Fall
12159,2025-08-17,Anay Vaidya,South,Coimbatore,Clothing,Accessories,Accessories Sunt,4,68975,20,220720.0,39863.2,Debit Card,0.2,220720.0,0.0,0.18060529177238127,2025,8,17,6,Summer
12160,2024-10-24,Kaira Acharya,West,Goa,Sports,Cricket Bat,Cricket Bat Sint,1,25464,0,25464.0,1997.0,Net Banking,0.0,25464.0,0.0,0.07842444234998429,2024,10,24,3,Fall
12161,2024-10-18,Armaan Bora,South,Chennai,Books,Biography,Biography Nihil,3,14789,0,44367.0,6707.02,Debit Card,0.0,44367.0,0.0,0.15117136610543874,2024,10,18,4,Fall
12162,2025-01-15,Kanav Shankar,North,Delhi,Furniture,Bed,Bed Iusto,5,35352,0,176760.0,25858.04,Credit Card,0.0,176760.0,0.0,0.1462889794071057,2025,1,15,2,winter
12163,2024-07-02,Hridaan Bhatia,North,Jaipur,Groceries,Sugar,Sugar Dolores,2,61395,5,116650.5,8827.18,Credit Card,0.05,116650.5,0.0,0.07567202883828188,2024,7,2,1,Summer
12164,2025-04-29,Aarav Ahuja,South,Coimbatore,Sports,Cricket Bat,Cricket Bat Excepturi,4,54075,15,183855.0,38102.47,Cod,0.15,183855.0,0.0,0.20724195697696554,2025,4,29,1,Spring
12165,2024-04-04,Neelofar Ray,East,Kolkata,Furniture,Table,Table Veritatis,4,70677,15,240301.8,39888.68,Upi,0.15,240301.8,0.0,0.16599409575791776,2024,4,4,3,Spring
12166,2024-08-28,Nitara Upadhyay,West,Pune,Toys,Doll,Doll Cupiditate,2,37627,5,71491.3,9282.83,Net Banking,0.05,71491.3,0.0,0.12984558960321047,2024,8,28,2,Summer
12167,2025-03-28,Charvi Mallick,North,Lucknow,Home Decor,Vase,Vase Animi,2,79358,0,158716.0,38917.65,Cod,0.0,158716.0,0.0,0.24520306711358655,2025,3,28,4,Spring
12168,2024-03-31,Ishita Vyas,North,Delhi,Clothing,Accessories,Accessories Quasi,5,43448,15,184654.0,25041.58,Debit Card,0.15,184654.0,0.0,0.13561352583751232,2024,3,31,6,Spring
12169,2025-01-23,Rhea Cherian,West,Mumbai,Home Decor,Wall Art,Wall Art Atque,2,72776,15,123719.2,27010.65,Upi,0.15,123719.2,0.0,0.21832221676182842,2025,1,23,3,winter
12170,2025-03-24,Shanaya Ray,East,Guwahati,Furniture,Bed,Bed Et,4,11796,5,44824.8,3161.52,Credit Card,0.05,44824.799999999996,7.275957614183426e-12,0.07053059913262301,2025,3,24,0,Spring
12171,2024-01-21,Damini Vala,East,Kolkata,Books,Fiction,Fiction Nostrum,3,63827,5,181906.95,9476.81,Debit Card,0.05,181906.94999999998,2.9103830456733704e-11,0.05209701993244348,2024,1,21,6,winter
12172,2025-03-17,Lakshay Devi,North,Jaipur,Books,Biography,Biography Illum,2,51134,15,86927.8,14222.35,Net Banking,0.15,86927.8,0.0,0.16361106573501227,2025,3,17,0,Spring
12173,2024-05-24,Vidur Tripathi,North,Chandigarh,Home Decor,Clock,Clock Optio,2,30124,5,57235.6,10384.91,Debit Card,0.05,57235.6,0.0,0.1814414455338985,2024,5,24,4,Spring
12174,2024-03-29,Alia Ray,North,Chandigarh,Electronics,Camera,Camera Debitis,4,29711,5,112901.8,24805.27,Net Banking,0.05,112901.79999999999,1.4551915228366852e-11,0.219706594580423,2024,3,29,4,Spring
12175,2025-06-05,Gokul Sawhney,West,Goa,Furniture,Cabinet,Cabinet Ea,5,58495,20,233980.0,56094.79,Upi,0.2,233980.0,0.0,0.23974181553978974,2025,6,5,3,Summer
12176,2024-08-10,Ryan Choudhry,North,Amritsar,Books,Textbook,Textbook Error,1,30997,20,24797.6,2698.76,Debit Card,0.2,24797.600000000002,3.637978807091713e-12,0.10883149982256349,2024,8,10,5,Summer
12177,2024-12-09,Indrans Konda,East,Bhubaneswar,Home Decor,Wall Art,Wall Art Cum,5,72809,10,327640.5,54717.2,Net Banking,0.1,327640.5,0.0,0.16700377395346422,2024,12,9,0,winter
12178,2024-02-23,Faiyaz Dayal,East,Patna,Home Decor,Vase,Vase Esse,5,15450,20,61800.0,6873.22,Cod,0.2,61800.0,0.0,0.11121715210355987,2024,2,23,4,winter
12179,2025-04-22,Advik Borde,East,Ranchi,Beauty,Perfume,Perfume Assumenda,5,29745,10,133852.5,22784.4,Debit Card,0.1,133852.5,0.0,0.17022020507648344,2025,4,22,1,Spring
12180,2025-09-13,Hazel Barman,East,Patna,Clothing,Kids Wear,Kids Wear Sit,5,79880,10,359460.0,64220.07,Cod,0.1,359460.0,0.0,0.17865706893673844,2025,9,13,5,Fall
12181,2024-12-09,Nishith Tara,West,Surat,Books,Fiction,Fiction Perferendis,2,71171,0,142342.0,33033.92,Cod,0.0,142342.0,0.0,0.23207429992553144,2024,12,9,0,winter
12182,2024-02-03,Yuvaan Raman,East,Guwahati,Electronics,Smartwatch,Smartwatch Eum,3,36421,0,109263.0,17686.3,Net Banking,0.0,109263.0,0.0,0.1618690682115629,2024,2,3,5,winter
12183,2025-03-06,Oorja Balakrishnan,East,Ranchi,Toys,Doll,Doll Tempore,2,59223,20,94756.8,9991.66,Debit Card,0.2,94756.8,0.0,0.10544530841058372,2025,3,6,3,Spring
12184,2025-06-10,Vihaan Chaudry,East,Guwahati,Furniture,Cabinet,Cabinet Magnam,4,41211,0,164844.0,12852.37,Upi,0.0,164844.0,0.0,0.07796686564266822,2025,6,10,1,Summer
12185,2024-03-30,Aarav Randhawa,West,Ahmedabad,Sports,Yoga Mat,Yoga Mat Cupiditate,5,20918,5,99360.5,10638.88,Upi,0.05,99360.5,0.0,0.10707353525797474,2024,3,30,5,Spring
12186,2024-03-03,Pranay Dey,South,Bangalore,Electronics,Headphones,Headphones Qui,5,44435,5,211066.25,28844.77,Upi,0.05,211066.25,0.0,0.13666216176200602,2024,3,3,6,Spring
12187,2024-12-22,Pari Saini,East,Ranchi,Beauty,Perfume,Perfume Facilis,4,47036,0,188144.0,10687.06,Upi,0.0,188144.0,0.0,0.05680255548941236,2024,12,22,6,winter
12188,2024-01-28,Arnav Arya,East,Kolkata,Kitchen,Juicer,Juicer Minus,5,26338,0,131690.0,10871.81,Cod,0.0,131690.0,0.0,0.08255607866960285,2024,1,28,6,winter
12189,2024-08-14,Dhanush Vyas,South,Bangalore,Beauty,Shampoo,Shampoo Corporis,5,10496,15,44608.0,7827.98,Debit Card,0.15,44608.0,0.0,0.17548376972740315,2024,8,14,2,Summer
12190,2025-02-05,Vedika Borde,West,Pune,Sports,Tennis Racket,Tennis Racket Facere,4,52397,5,199108.6,20194.78,Debit Card,0.05,199108.59999999998,2.9103830456733704e-11,0.10142595548359035,2025,2,5,2,winter
12191,2025-01-26,Aradhya Bhandari,South,Thiruvananthapuram,Electronics,Headphones,Headphones Inventore,1,34995,15,29745.75,2158.66,Upi,0.15,29745.75,0.0,0.07257036719531361,2025,1,26,6,winter
12192,2023-11-17,Veer Dugal,South,Thiruvananthapuram,Clothing,Men'S Wear,Men's Wear Praesentium,5,58541,10,263434.5,53823.6,Cod,0.1,263434.5,0.0,0.20431492458277103,2023,11,17,4,Fall
12193,2024-02-06,Lakshay Raj,East,Bhubaneswar,Sports,Tennis Racket,Tennis Racket Corporis,2,25689,5,48809.1,11535.18,Cod,0.05,48809.1,0.0,0.23633256913157588,2024,2,6,1,winter
12194,2023-10-29,Tiya Jayaraman,North,Chandigarh,Groceries,Sugar,Sugar Dicta,4,13733,15,46692.2,10966.25,Net Banking,0.15,46692.2,0.0,0.23486256805205152,2023,10,29,6,Fall
12195,2024-09-26,Advika Dhar,East,Ranchi,Books,Non-Fiction,Non-Fiction Nihil,4,78511,15,266937.4,50474.22,Upi,0.15,266937.39999999997,5.820766091346741e-11,0.18908635507800703,2024,9,26,3,Fall
12196,2024-11-23,Hrishita Tailor,South,Thiruvananthapuram,Sports,Tennis Racket,Tennis Racket Pariatur,1,34123,20,27298.4,3135.1,Net Banking,0.2,27298.4,0.0,0.11484555871406382,2024,11,23,5,Fall
12197,2023-10-12,Shlok Dave,West,Goa,Furniture,Sofa,Sofa Sequi,1,6843,10,6158.7,1493.5,Debit Card,0.1,6158.7,0.0,0.24250247617191942,2023,10,12,3,Fall
12198,2024-12-15,Ishaan Rege,West,Surat,Home Decor,Clock,Clock Modi,1,10908,0,10908.0,652.25,Credit Card,0.0,10908.0,0.0,0.059795562889622296,2024,12,15,6,winter
12199,2025-09-14,Trisha Lad,North,Amritsar,Electronics,Headphones,Headphones Error,4,27529,20,88092.8,12881.23,Net Banking,0.2,88092.8,0.0,0.14622341439936065,2025,9,14,6,Fall
12200,2025-07-05,Reyansh Gill,West,Mumbai,Furniture,Chair,Chair Nisi,4,62541,10,225147.6,32909.64,Cod,0.1,225147.6,0.0,0.14616917968479343,2025,7,5,5,Summer
12201,2024-04-23,Darshit Mand,North,Amritsar,Furniture,Bed,Bed Eos,5,1232,5,5852.0,646.64,Debit Card,0.05,5852.0,0.0,0.11049897470950103,2024,4,23,1,Spring
12202,2025-04-23,Riaan Bassi,North,Delhi,Clothing,Women'S Wear,Women's Wear Illum,4,74726,15,254068.4,14388.64,Net Banking,0.15,254068.4,0.0,0.05663293821663772,2025,4,23,2,Spring
12203,2024-12-10,Adira Choudhry,North,Jaipur,Kitchen,Cookware Set,Cookware Set Corporis,1,17341,0,17341.0,2656.37,Credit Card,0.0,17341.0,0.0,0.15318436076350844,2024,12,10,1,winter
12204,2025-04-11,Hrishita Kumar,North,Amritsar,Clothing,Shoes,Shoes A,1,43547,0,43547.0,2179.9,Upi,0.0,43547.0,0.0,0.050058557420717846,2025,4,11,4,Spring
12205,2024-02-27,Mohanlal Rout,South,Bangalore,Sports,Cricket Bat,Cricket Bat Harum,1,22284,15,18941.4,4681.16,Upi,0.15,18941.399999999998,3.637978807091713e-12,0.2471390710295965,2024,2,27,1,winter
12206,2023-10-27,Vritika Varma,West,Goa,Clothing,Kids Wear,Kids Wear Illo,2,51030,15,86751.0,8604.25,Cod,0.15,86751.0,0.0,0.09918329471706377,2023,10,27,4,Fall
12207,2025-03-27,Raghav Viswanathan,West,Goa,Toys,Doll,Doll Necessitatibus,3,51990,15,132574.5,16700.98,Credit Card,0.15,132574.5,0.0,0.1259743012419432,2025,3,27,3,Spring
12208,2024-11-05,Tiya Sarna,North,Delhi,Clothing,Accessories,Accessories Ipsam,5,51926,10,233667.0,36076.39,Upi,0.1,233667.0,0.0,0.15439231898385308,2024,11,5,1,Fall
12209,2024-03-22,Manjari Agarwal,South,Bangalore,Beauty,Face Cream,Face Cream Libero,1,51009,15,43357.65,8234.38,Cod,0.15,43357.65,0.0,0.18991758086519908,2024,3,22,4,Spring
12210,2025-03-29,Siya Banerjee,West,Goa,Beauty,Shampoo,Shampoo Est,2,30788,5,58497.2,8992.54,Credit Card,0.05,58497.2,0.0,0.15372599030380943,2025,3,29,5,Spring
12211,2024-01-23,Myra Rout,East,Kolkata,Sports,Dumbbells,Dumbbells Quas,1,41976,20,33580.8,5185.12,Cod,0.2,33580.8,0.0,0.15440728035067655,2024,1,23,1,winter
12212,2025-07-04,Ivana Hayer,South,Chennai,Home Decor,Lamp,Lamp Tempore,1,12879,15,10947.15,1290.34,Upi,0.15,10947.15,0.0,0.11786994788597946,2025,7,4,4,Summer
12213,2025-05-25,Tanya Kar,East,Ranchi,Books,Comics,Comics Perferendis,3,15591,20,37418.4,2570.79,Credit Card,0.2,37418.4,0.0,0.06870389968571611,2025,5,25,6,Spring
12214,2024-01-23,Tanya Gala,East,Guwahati,Groceries,Spices,Spices Alias,4,34766,5,132110.8,18786.46,Upi,0.05,132110.8,0.0,0.1422023029154316,2024,1,23,1,winter
12215,2025-03-07,Piya Deshmukh,South,Bangalore,Home Decor,Cushion,Cushion Aliquam,5,76737,20,306948.0,64842.86,Net Banking,0.2,306948.0,0.0,0.2112503094986773,2025,3,7,4,Spring
12216,2024-09-03,Umang Bail,North,Amritsar,Electronics,Camera,Camera Rem,4,41374,5,157221.2,11773.36,Credit Card,0.05,157221.19999999998,2.9103830456733704e-11,0.07488404871607646,2024,9,3,1,Fall
12217,2025-02-18,Shalv Varughese,South,Coimbatore,Sports,Yoga Mat,Yoga Mat Natus,5,20898,0,104490.0,20917.21,Cod,0.0,104490.0,0.0,0.20018384534405206,2025,2,18,1,winter
12218,2025-08-09,Riya Dey,West,Goa,Furniture,Cabinet,Cabinet Cupiditate,5,24456,15,103938.0,20418.54,Debit Card,0.15,103938.0,0.0,0.1964492293482653,2025,8,9,5,Summer
12219,2024-08-06,Zaina Soman,North,Chandigarh,Home Decor,Clock,Clock Labore,1,27272,5,25908.4,3410.62,Debit Card,0.05,25908.399999999998,3.637978807091713e-12,0.1316414753516234,2024,8,6,1,Summer
12220,2023-12-02,Saira Kant,North,Jaipur,Kitchen,Refrigerator,Refrigerator Adipisci,4,10292,0,41168.0,9097.57,Upi,0.0,41168.0,0.0,0.22098644578313253,2023,12,2,5,winter
12221,2024-06-14,Aayush Krish,South,Hyderabad,Toys,Rc Car,RC Car Cupiditate,1,27923,20,22338.4,1361.3,Net Banking,0.2,22338.4,0.0,0.06093990617054041,2024,6,14,4,Summer
12222,2024-12-11,Badal Rajan,South,Thiruvananthapuram,Furniture,Cabinet,Cabinet Occaecati,4,42692,20,136614.4,9702.94,Credit Card,0.2,136614.4,0.0,0.07102428440925701,2024,12,11,2,winter
12223,2025-01-09,Prisha Lalla,West,Mumbai,Sports,Cricket Bat,Cricket Bat Minima,1,23775,10,21397.5,1453.83,Net Banking,0.1,21397.5,0.0,0.06794391868208903,2025,1,9,3,winter
12224,2025-09-15,Hansh Yadav,East,Ranchi,Electronics,Mobile,Mobile Iste,4,44235,5,168093.0,9289.73,Upi,0.05,168093.0,0.0,0.05526541854806565,2025,9,15,0,Fall
12225,2025-01-17,Adira Sathe,South,Hyderabad,Electronics,Headphones,Headphones Minus,3,20810,20,49944.0,8637.44,Net Banking,0.2,49944.0,0.0,0.1729424955950665,2025,1,17,4,winter
12226,2024-07-31,Ehsaan Dugar,East,Ranchi,Sports,Football,Football Expedita,5,77672,5,368942.0,39518.29,Credit Card,0.05,368942.0,0.0,0.10711247296323,2024,7,31,2,Summer
12227,2025-03-20,Anahita Manne,West,Mumbai,Beauty,Foundation,Foundation Non,2,31668,5,60169.2,10760.64,Cod,0.05,60169.2,0.0,0.1788396721246086,2025,3,20,3,Spring
12228,2023-11-17,Sana Walia,South,Thiruvananthapuram,Electronics,Smartwatch,Smartwatch Magni,5,27424,10,123408.0,18240.32,Net Banking,0.1,123408.0,0.0,0.14780500453779333,2023,11,17,4,Fall
12229,2024-07-22,Yasmin Kaul,West,Surat,Kitchen,Microwave,Microwave Officia,4,2038,15,6929.2,895.02,Credit Card,0.15,6929.2,0.0,0.12916642613865958,2024,7,22,0,Summer
12230,2025-08-21,Divij Ray,West,Surat,Sports,Cricket Bat,Cricket Bat Unde,4,33014,10,118850.4,29592.8,Debit Card,0.1,118850.40000000001,1.4551915228366852e-11,0.24899201012365124,2025,8,21,3,Summer
12231,2023-12-30,Anika Tata,West,Surat,Beauty,Lipstick,Lipstick Vero,3,11474,20,27537.6,3393.77,Credit Card,0.2,27537.600000000002,3.637978807091713e-12,0.12324131369473013,2023,12,30,5,winter
12232,2025-05-12,Advik Choudhary,West,Surat,Groceries,Sugar,Sugar Eius,4,33093,0,132372.0,9159.05,Debit Card,0.0,132372.0,0.0,0.06919174749947118,2025,5,12,0,Spring
12233,2025-01-13,Darshit Ahluwalia,East,Bhubaneswar,Clothing,Shoes,Shoes Ad,1,10386,20,8308.8,1405.77,Credit Card,0.2,8308.800000000001,1.8189894035458565e-12,0.1691904968226459,2025,1,13,0,winter
12234,2024-03-15,Priyansh Badal,South,Hyderabad,Electronics,Laptop,Laptop Eligendi,3,62517,20,150040.8,11645.93,Debit Card,0.2,150040.80000000002,2.9103830456733704e-11,0.07761842112278794,2024,3,15,4,Spring
12235,2024-11-24,Bhavin Agate,North,Lucknow,Home Decor,Cushion,Cushion Quos,5,77983,20,311932.0,44766.0,Cod,0.2,311932.0,0.0,0.14351204749753152,2024,11,24,6,Fall
12236,2023-11-28,Kaira Rajagopalan,East,Bhubaneswar,Kitchen,Refrigerator,Refrigerator Aut,2,1661,10,2989.8,549.6,Net Banking,0.1,2989.8,0.0,0.183825005017058,2023,11,28,1,Fall
12237,2024-06-26,Inaaya  Doshi,South,Thiruvananthapuram,Clothing,Shoes,Shoes Temporibus,4,11933,0,47732.0,3951.61,Credit Card,0.0,47732.0,0.0,0.08278743819659767,2024,6,26,2,Summer
12238,2024-02-05,Aniruddh Mangat,East,Bhubaneswar,Electronics,Mobile,Mobile Numquam,2,12851,0,25702.0,4306.22,Debit Card,0.0,25702.0,0.0,0.16754415998754962,2024,2,5,0,winter
12239,2025-07-16,Vidur Dutt,East,Patna,Home Decor,Clock,Clock Amet,2,36430,20,58288.0,10179.74,Cod,0.2,58288.0,0.0,0.1746455531155641,2025,7,16,2,Summer
12240,2024-09-26,Navya Kibe,South,Coimbatore,Books,Biography,Biography Cupiditate,2,64649,10,116368.2,8713.02,Cod,0.1,116368.2,0.0,0.07487457913759946,2024,9,26,3,Fall
12241,2024-01-28,Pranay Andra,West,Surat,Groceries,Spices,Spices Consequuntur,5,30825,10,138712.5,22273.69,Net Banking,0.1,138712.5,0.0,0.16057449761196718,2024,1,28,6,winter
12242,2025-09-23,Devansh Borah,East,Guwahati,Books,Non-Fiction,Non-Fiction Iure,3,21339,20,51213.6,6055.61,Debit Card,0.2,51213.600000000006,7.275957614183426e-12,0.11824222472155833,2025,9,23,1,Fall
12243,2023-10-04,Ela Jain,South,Chennai,Sports,Yoga Mat,Yoga Mat Ab,3,18949,0,56847.0,4259.92,Credit Card,0.0,56847.0,0.0,0.07493658416451177,2023,10,4,2,Fall
12244,2023-10-11,Bhamini Doshi,West,Mumbai,Kitchen,Cookware Set,Cookware Set Fugit,2,47502,0,95004.0,11676.27,Credit Card,0.0,95004.0,0.0,0.1229029304029304,2023,10,11,2,Fall
12245,2025-01-16,Vedika Gokhale,West,Mumbai,Sports,Football,Football Pariatur,2,48262,0,96524.0,20917.19,Credit Card,0.0,96524.0,0.0,0.21670455016368984,2025,1,16,3,winter
12246,2023-12-27,Jayesh Basak,East,Bhubaneswar,Electronics,Smartwatch,Smartwatch Ipsam,1,78504,10,70653.6,16910.36,Upi,0.1,70653.6,0.0,0.23934180282391837,2023,12,27,2,winter
12247,2025-04-27,Nehmat Krish,North,Lucknow,Toys,Puzzle,Puzzle Voluptatem,1,48498,15,41223.3,2711.47,Upi,0.15,41223.299999999996,7.275957614183426e-12,0.06577518054110175,2025,4,27,6,Spring
12248,2025-05-31,Riya Dasgupta,West,Ahmedabad,Beauty,Face Cream,Face Cream Fuga,3,32464,15,82783.2,18137.52,Debit Card,0.15,82783.2,0.0,0.2190966283013945,2025,5,31,5,Spring
12249,2023-11-16,Armaan Chaudhry,North,Lucknow,Groceries,Wheat,Wheat Magnam,5,68366,0,341830.0,20138.48,Debit Card,0.0,341830.0,0.0,0.05891372904660211,2023,11,16,3,Fall
12250,2024-08-07,Alia Datta,West,Surat,Beauty,Foundation,Foundation Perspiciatis,3,78061,10,210764.7,15073.91,Upi,0.1,210764.7,0.0,0.07152008851577138,2024,8,7,2,Summer
12251,2023-11-21,Rania Vohra,West,Ahmedabad,Toys,Doll,Doll Quasi,3,52131,15,132934.05,17718.31,Cod,0.15,132934.05,0.0,0.13328646798920218,2023,11,21,1,Fall
12252,2024-04-08,Stuvan Dash,South,Hyderabad,Groceries,Spices,Spices Aut,2,25645,0,51290.0,5414.99,Cod,0.0,51290.0,0.0,0.10557594072918697,2024,4,8,0,Spring
12253,2025-03-01,Navya Barman,North,Jaipur,Sports,Dumbbells,Dumbbells Provident,1,13203,15,11222.55,1010.4,Debit Card,0.15,11222.55,0.0,0.09003301388721816,2025,3,1,5,Spring
12254,2023-12-16,Divit Jaggi,South,Bangalore,Electronics,Laptop,Laptop Tenetur,2,9533,0,19066.0,4208.46,Credit Card,0.0,19066.0,0.0,0.22073114444560998,2023,12,16,5,winter
12255,2025-08-02,Kiara Ratti,West,Ahmedabad,Groceries,Sugar,Sugar Non,2,34813,10,62663.4,4321.3,Upi,0.1,62663.4,0.0,0.06896050964358781,2025,8,2,5,Summer
12256,2024-01-07,Sumer Sanghvi,North,Jaipur,Beauty,Shampoo,Shampoo Aperiam,4,60017,10,216061.2,28677.6,Debit Card,0.1,216061.2,0.0,0.13272906009963842,2024,1,7,6,winter
12257,2025-08-17,Aradhya Krish,North,Chandigarh,Books,Biography,Biography Facilis,5,14035,0,70175.0,16803.05,Net Banking,0.0,70175.0,0.0,0.23944495903099394,2025,8,17,6,Summer
12258,2024-05-10,Vritika Dugal,South,Hyderabad,Books,Biography,Biography Atque,2,76063,20,121700.8,11308.05,Credit Card,0.2,121700.8,0.0,0.09291680909246282,2024,5,10,4,Spring
12259,2024-11-21,Jayan Bhatnagar,North,Chandigarh,Groceries,Rice,Rice Eum,3,30739,10,82995.3,14335.38,Cod,0.1,82995.3,0.0,0.1727252025114675,2024,11,21,3,Fall
12260,2024-08-20,Faiyaz Gour,South,Bangalore,Groceries,Rice,Rice Quia,4,36080,0,144320.0,9359.79,Cod,0.0,144320.0,0.0,0.06485442073170733,2024,8,20,1,Summer
12261,2025-03-18,Ela Gulati,East,Ranchi,Clothing,Women'S Wear,Women's Wear Quia,4,72114,15,245187.6,52690.56,Net Banking,0.15,245187.6,0.0,0.21489895900118927,2025,3,18,1,Spring
12262,2024-12-05,Yuvraj  Varma,West,Mumbai,Sports,Football,Football Sit,2,61185,10,110133.0,22334.07,Debit Card,0.1,110133.0,0.0,0.2027918062706001,2024,12,5,3,winter
12263,2024-05-01,Anaya Dara,East,Patna,Electronics,Mobile,Mobile Laboriosam,1,17001,5,16150.95,3687.17,Cod,0.05,16150.949999999999,1.8189894035458565e-12,0.22829431086097102,2024,5,1,2,Spring
12264,2025-03-16,Mahika Kumar,West,Pune,Books,Fiction,Fiction Natus,4,18277,20,58486.4,12976.87,Net Banking,0.2,58486.4,0.0,0.22187841959840238,2025,3,16,6,Spring
12265,2023-11-26,Mamooty Bir,South,Thiruvananthapuram,Toys,Action Figure,Action Figure At,1,7828,20,6262.4,1313.16,Cod,0.2,6262.400000000001,9.094947017729282e-13,0.20968957588145123,2023,11,26,6,Fall
12266,2025-05-22,Gokul Kamdar,South,Chennai,Groceries,Oil,Oil Nisi,3,64127,5,182761.95,11128.97,Cod,0.05,182761.94999999998,2.9103830456733704e-11,0.06089325485966854,2025,5,22,3,Spring
12267,2023-11-27,Rasha Walia,West,Goa,Home Decor,Vase,Vase Nam,3,42458,10,114636.6,10987.41,Debit Card,0.1,114636.6,0.0,0.09584556764593506,2023,11,27,0,Fall
12268,2025-06-08,Kaira Doctor,East,Ranchi,Toys,Rc Car,RC Car Dolores,5,67032,20,268128.0,23650.99,Credit Card,0.2,268128.0,0.0,0.0882078335720253,2025,6,8,6,Summer
12269,2024-03-24,Samaira Krishnan,West,Goa,Sports,Tennis Racket,Tennis Racket Repellat,5,31994,0,159970.0,25271.25,Cod,0.0,159970.0,0.0,0.1579749327999,2024,3,24,6,Spring
12270,2024-03-10,Shalv Bava,East,Guwahati,Furniture,Bed,Bed Quaerat,4,71393,10,257014.8,38065.55,Upi,0.1,257014.80000000002,2.9103830456733704e-11,0.1481064514572702,2024,3,10,6,Spring
12271,2024-10-15,Bhamini Deo,North,Chandigarh,Sports,Tennis Racket,Tennis Racket Debitis,5,9822,10,44199.0,7158.43,Upi,0.1,44199.0,0.0,0.16195909409715153,2024,10,15,1,Fall
12272,2024-04-26,Neysa Verma,West,Ahmedabad,Books,Biography,Biography Dignissimos,2,34557,0,69114.0,10488.22,Credit Card,0.0,69114.0,0.0,0.151752466938681,2024,4,26,4,Spring
12273,2025-06-06,Akarsh Vora,West,Surat,Home Decor,Wall Art,Wall Art Facilis,2,27758,20,44412.8,6884.37,Net Banking,0.2,44412.8,0.0,0.15500869118812594,2025,6,6,4,Summer
12274,2025-09-07,Nirvi Virk,East,Kolkata,Home Decor,Cushion,Cushion Distinctio,3,1394,20,3345.6,233.48,Upi,0.2,3345.6000000000004,4.547473508864641e-13,0.0697871831659493,2025,9,7,6,Fall
12275,2025-09-29,Mahika Bir,East,Kolkata,Kitchen,Microwave,Microwave Porro,5,69789,5,331497.75,46854.82,Debit Card,0.05,331497.75,0.0,0.14134279946093148,2025,9,29,0,Fall
12276,2025-04-23,Prerak Bhandari,South,Bangalore,Toys,Puzzle,Puzzle Eius,5,51064,20,204256.0,12736.72,Upi,0.2,204256.0,0.0,0.06235665047783174,2025,4,23,2,Spring
12277,2024-04-20,Abram Brar,North,Lucknow,Books,Non-Fiction,Non-Fiction Molestiae,4,67986,0,271944.0,23716.74,Debit Card,0.0,271944.0,0.0,0.08721185244020828,2024,4,20,5,Spring
12278,2024-07-01,Armaan Krishna,West,Goa,Home Decor,Lamp,Lamp Quasi,5,29278,15,124431.5,16098.85,Net Banking,0.15,124431.5,0.0,0.12937921667744903,2024,7,1,0,Summer
12279,2025-01-12,Yuvraj  Subramanian,South,Hyderabad,Groceries,Spices,Spices Incidunt,1,55681,10,50112.9,11463.45,Credit Card,0.1,50112.9,0.0,0.22875247690714368,2025,1,12,6,winter
12280,2023-12-15,Yasmin Sathe,East,Kolkata,Clothing,Shoes,Shoes Deleniti,4,66314,20,212204.8,52198.76,Cod,0.2,212204.80000000002,2.9103830456733704e-11,0.24598293723798897,2023,12,15,4,winter
12281,2025-01-16,Samiha Kumar,West,Ahmedabad,Clothing,Women'S Wear,Women's Wear Ullam,1,51535,10,46381.5,11111.12,Debit Card,0.1,46381.5,0.0,0.2395593070513028,2025,1,16,3,winter
12282,2024-08-24,Miraya Majumdar,North,Lucknow,Groceries,Rice,Rice Quis,1,24833,10,22349.7,2813.7,Debit Card,0.1,22349.7,0.0,0.12589430730613832,2024,8,24,5,Summer
12283,2025-07-01,Charvi Bakshi,South,Chennai,Toys,Action Figure,Action Figure A,5,1649,0,8245.0,1354.71,Credit Card,0.0,8245.0,0.0,0.1643068526379624,2025,7,1,1,Summer
12284,2024-05-28,Divij Bajaj,West,Surat,Toys,Puzzle,Puzzle Alias,3,68087,0,204261.0,49847.91,Net Banking,0.0,204261.0,0.0,0.2440402720049349,2024,5,28,1,Spring
12285,2023-12-20,Alisha Kar,South,Coimbatore,Furniture,Chair,Chair Debitis,4,48008,0,192032.0,41037.25,Credit Card,0.0,192032.0,0.0,0.2137000604065989,2023,12,20,2,winter
12286,2024-11-11,Hridaan Shroff,West,Pune,Toys,Board Game,Board Game Blanditiis,5,51965,10,233842.5,20445.65,Debit Card,0.1,233842.5,0.0,0.08743342206827245,2024,11,11,0,Fall
12287,2025-07-11,Ahana  Sabharwal,South,Bangalore,Clothing,Kids Wear,Kids Wear Sint,3,15738,10,42492.6,6677.88,Debit Card,0.1,42492.6,0.0,0.1571539515115573,2025,7,11,4,Summer
12288,2025-05-12,Pranay Kohli,West,Goa,Clothing,Men'S Wear,Men's Wear Eveniet,1,33983,10,30584.7,3316.12,Net Banking,0.1,30584.7,0.0,0.10842414671387982,2025,5,12,0,Spring
12289,2024-03-30,Mohanlal Ratti,North,Chandigarh,Electronics,Smartwatch,Smartwatch Harum,1,29445,15,25028.25,4540.3,Cod,0.15,25028.25,0.0,0.18140701007861118,2024,3,30,5,Spring
12290,2024-09-27,Krish Chaudry,South,Chennai,Groceries,Rice,Rice Alias,2,804,5,1527.6,238.66,Debit Card,0.05,1527.6,0.0,0.1562319979052108,2024,9,27,4,Fall
12291,2024-04-01,Dhruv Deo,East,Patna,Electronics,Headphones,Headphones Numquam,4,10755,0,43020.0,10232.69,Cod,0.0,43020.0,0.0,0.23785890283589028,2024,4,1,0,Spring
12292,2025-05-17,Shlok Raja,South,Chennai,Clothing,Women'S Wear,Women's Wear Rerum,4,44820,0,179280.0,10694.81,Net Banking,0.0,179280.0,0.0,0.05965422802320392,2025,5,17,5,Spring
12293,2024-08-28,Eshani Vohra,West,Ahmedabad,Beauty,Lipstick,Lipstick Doloremque,2,75061,5,142615.9,7163.76,Net Banking,0.05,142615.9,0.0,0.05023114533512743,2024,8,28,2,Summer
12294,2025-06-10,Krish Wali,East,Guwahati,Sports,Yoga Mat,Yoga Mat Praesentium,1,35352,15,30049.2,4246.83,Credit Card,0.15,30049.2,0.0,0.1413292200790703,2025,6,10,1,Summer
12295,2024-05-15,Kaira Sane,East,Ranchi,Groceries,Oil,Oil Optio,5,5983,10,26923.5,3448.2,Debit Card,0.1,26923.5,0.0,0.1280739874087693,2024,5,15,2,Spring
12296,2024-05-21,Nehmat Gill,East,Bhubaneswar,Groceries,Oil,Oil Non,5,20936,15,88978.0,7337.99,Upi,0.15,88978.0,0.0,0.08246971161410685,2024,5,21,1,Spring
12297,2024-03-18,Saira Comar,West,Surat,Kitchen,Juicer,Juicer Nemo,5,34524,10,155358.0,18268.21,Cod,0.1,155358.0,0.0,0.11758782940048146,2024,3,18,0,Spring
12298,2025-02-01,Misha Andra,North,Amritsar,Furniture,Table,Table Voluptate,1,51339,0,51339.0,9920.67,Net Banking,0.0,51339.0,0.0,0.19323847367498392,2025,2,1,5,winter
12299,2024-05-12,Rati Mall,North,Lucknow,Toys,Doll,Doll Ipsa,1,56140,0,56140.0,4888.76,Cod,0.0,56140.0,0.0,0.087081581759886,2024,5,12,6,Spring
12300,2023-10-24,Hiran Bahl,South,Chennai,Furniture,Table,Table Ipsa,4,4552,0,18208.0,3976.68,Credit Card,0.0,18208.0,0.0,0.21840289982425307,2023,10,24,1,Fall
12301,2023-11-26,Vaibhav Krishna,East,Ranchi,Books,Non-Fiction,Non-Fiction Magni,1,37533,10,33779.7,6446.48,Net Banking,0.1,33779.700000000004,7.275957614183426e-12,0.19083887660340382,2023,11,26,6,Fall
12302,2025-06-04,Gokul Kale,North,Delhi,Sports,Tennis Racket,Tennis Racket Fugiat,4,58452,10,210427.2,37602.44,Upi,0.1,210427.2,0.0,0.1786957199449501,2025,6,4,2,Summer
12303,2024-05-31,Bhamini Balakrishnan,East,Patna,Electronics,Laptop,Laptop Voluptatem,5,13890,5,65977.5,5467.67,Cod,0.05,65977.5,0.0,0.08287173657686332,2024,5,31,4,Spring
12304,2024-09-08,Myra Baria,North,Chandigarh,Toys,Action Figure,Action Figure Ab,2,79039,10,142270.2,29485.65,Credit Card,0.1,142270.2,0.0,0.20725106171215055,2024,9,8,6,Fall
12305,2023-10-05,Nishith Banik,East,Patna,Clothing,Shoes,Shoes Quo,2,62199,5,118178.1,23352.1,Credit Card,0.05,118178.09999999999,1.4551915228366852e-11,0.1976009091362951,2023,10,5,3,Fall
12306,2024-01-04,Shaan Korpal,East,Patna,Furniture,Cabinet,Cabinet Consequatur,5,47619,5,226190.25,48699.99,Upi,0.05,226190.25,0.0,0.21530543425280266,2024,1,4,3,winter
12307,2025-01-06,Zeeshan Das,East,Bhubaneswar,Books,Non-Fiction,Non-Fiction Repellendus,1,63925,20,51140.0,6944.54,Debit Card,0.2,51140.0,0.0,0.1357946812671099,2025,1,6,0,winter
12308,2025-02-28,Akarsh Korpal,East,Ranchi,Clothing,Women'S Wear,Women's Wear Quasi,4,21485,20,68752.0,15181.68,Net Banking,0.2,68752.0,0.0,0.22081801256690714,2025,2,28,4,winter
12309,2025-04-20,Saanvi Bala,East,Kolkata,Groceries,Spices,Spices Fugit,1,31443,15,26726.55,6441.75,Upi,0.15,26726.55,0.0,0.24102437463870197,2025,4,20,6,Spring
12310,2025-06-23,Armaan Karan,West,Goa,Beauty,Perfume,Perfume Cupiditate,2,38547,15,65529.9,13282.81,Debit Card,0.15,65529.9,0.0,0.20269846283910092,2025,6,23,0,Summer
12311,2024-07-02,Sana Borra,North,Amritsar,Books,Non-Fiction,Non-Fiction Quam,1,54980,15,46733.0,3796.47,Net Banking,0.15,46733.0,0.0,0.08123745533135043,2024,7,2,1,Summer
12312,2024-08-31,Indrajit Majumdar,South,Hyderabad,Electronics,Mobile,Mobile Ea,1,43437,0,43437.0,8393.7,Upi,0.0,43437.0,0.0,0.19323848332067134,2024,8,31,5,Summer
12313,2025-08-25,Devansh Shukla,East,Patna,Beauty,Foundation,Foundation Corporis,4,6203,20,19849.6,3653.93,Net Banking,0.2,19849.600000000002,3.637978807091713e-12,0.1840807875221667,2025,8,25,0,Summer
12314,2025-08-17,Ehsaan Andra,East,Ranchi,Electronics,Smartwatch,Smartwatch Esse,2,68153,5,129490.7,17007.19,Cod,0.05,129490.7,0.0,0.13133908458290827,2025,8,17,6,Summer
12315,2024-10-19,Shamik Rout,North,Amritsar,Home Decor,Lamp,Lamp Autem,1,50570,10,45513.0,7593.86,Cod,0.1,45513.0,0.0,0.16685035044932217,2024,10,19,5,Fall
12316,2025-08-20,Hansh Thaker,South,Hyderabad,Groceries,Sugar,Sugar Magnam,2,10011,20,16017.6,2800.68,Credit Card,0.2,16017.6,0.0,0.17485016481869942,2025,8,20,2,Summer
12317,2025-01-06,Sumer Gour,West,Surat,Beauty,Shampoo,Shampoo Quos,5,21827,5,103678.25,15197.19,Net Banking,0.05,103678.25,0.0,0.14658030975638575,2025,1,6,0,winter
12318,2025-07-29,Aaina Ramanathan,North,Jaipur,Groceries,Sugar,Sugar Eveniet,2,35939,20,57502.4,6993.82,Credit Card,0.2,57502.4,0.0,0.1216265755864103,2025,7,29,1,Summer
12319,2025-09-07,Taran Tiwari,South,Bangalore,Clothing,Men'S Wear,Men's Wear Aliquid,3,9001,10,24302.7,3186.17,Cod,0.1,24302.7,0.0,0.13110353993589188,2025,9,7,6,Fall
12320,2024-10-20,Madhav De,West,Mumbai,Groceries,Spices,Spices Suscipit,4,47109,15,160170.6,39645.99,Cod,0.15,160170.6,0.0,0.24752351555154314,2024,10,20,6,Fall
12321,2024-12-02,Damini Grover,South,Hyderabad,Electronics,Headphones,Headphones Unde,3,42140,0,126420.0,23779.71,Net Banking,0.0,126420.0,0.0,0.18810085429520645,2024,12,2,0,winter
12322,2023-10-13,Vedika Sodhi,East,Guwahati,Groceries,Wheat,Wheat Perspiciatis,2,61838,10,111308.4,6913.52,Net Banking,0.1,111308.40000000001,1.4551915228366852e-11,0.06211139500702553,2023,10,13,4,Fall
12323,2023-11-15,Parinaaz Ratti,East,Patna,Furniture,Chair,Chair Possimus,3,64999,20,155997.6,30649.82,Credit Card,0.2,155997.6,0.0,0.19647622783940266,2023,11,15,2,Fall
12324,2024-02-09,Eshani Balay,East,Ranchi,Books,Fiction,Fiction Officiis,2,5842,20,9347.2,861.5,Cod,0.2,9347.2,0.0,0.09216663813762409,2024,2,9,4,winter
12325,2024-04-07,Dhanuk Aggarwal,South,Chennai,Sports,Yoga Mat,Yoga Mat Ex,5,30597,15,130037.25,7176.31,Upi,0.15,130037.25,0.0,0.055186571540077944,2024,4,7,6,Spring
12326,2025-03-02,Abram Gara,South,Hyderabad,Kitchen,Microwave,Microwave Iste,1,26063,0,26063.0,4375.72,Credit Card,0.0,26063.0,0.0,0.16789011241990562,2025,3,2,6,Spring
12327,2025-05-13,Sana Borde,East,Patna,Beauty,Perfume,Perfume A,2,44993,10,80987.4,7994.18,Net Banking,0.1,80987.40000000001,1.4551915228366852e-11,0.09870893497013117,2025,5,13,1,Spring
12328,2023-12-07,Jivin Choudhry,North,Lucknow,Home Decor,Cushion,Cushion Necessitatibus,3,30868,15,78713.4,5221.27,Debit Card,0.15,78713.4,0.0,0.06633267016797649,2023,12,7,3,winter
12329,2025-05-18,Hazel Ratti,North,Chandigarh,Kitchen,Mixer Grinder,Mixer Grinder Occaecati,4,19920,5,75696.0,17454.75,Upi,0.05,75696.0,0.0,0.23059012365250475,2025,5,18,6,Spring
12330,2024-06-25,Aniruddh Savant,West,Pune,Toys,Puzzle,Puzzle Nesciunt,4,36581,20,117059.2,8082.87,Cod,0.2,117059.20000000001,1.4551915228366852e-11,0.06904942114759027,2024,6,25,1,Summer
12331,2024-09-06,Vardaniya Tella,North,Chandigarh,Electronics,Headphones,Headphones Totam,5,75521,10,339844.5,82804.05,Cod,0.1,339844.5,0.0,0.24365275883529086,2024,9,6,4,Fall
12332,2025-06-12,Gatik Chahal,South,Bangalore,Kitchen,Microwave,Microwave Voluptates,5,5200,0,26000.0,3546.45,Debit Card,0.0,26000.0,0.0,0.13640192307692306,2025,6,12,3,Summer
12333,2025-03-14,Saanvi Babu,West,Mumbai,Kitchen,Cookware Set,Cookware Set Quasi,5,39225,0,196125.0,25077.75,Cod,0.0,196125.0,0.0,0.12786615678776292,2025,3,14,4,Spring
12334,2024-02-11,Shaan Bose,East,Guwahati,Groceries,Rice,Rice Illo,5,44351,5,210667.25,29581.25,Debit Card,0.05,210667.25,0.0,0.14041693713664558,2024,2,11,6,winter
12335,2024-09-28,Mahika Sen,East,Patna,Books,Non-Fiction,Non-Fiction Aliquam,4,56165,20,179728.0,40737.76,Debit Card,0.2,179728.0,0.0,0.2266634024748509,2024,9,28,5,Fall
12336,2023-10-19,Ehsaan Saxena,South,Chennai,Groceries,Sugar,Sugar Iusto,3,42486,10,114712.2,18919.06,Cod,0.1,114712.2,0.0,0.16492631123803747,2023,10,19,3,Fall
12337,2024-07-15,Neysa Magar,South,Bangalore,Furniture,Bed,Bed Maxime,4,24556,0,98224.0,17744.22,Debit Card,0.0,98224.0,0.0,0.18065055383612968,2024,7,15,0,Summer
12338,2023-11-07,Bhavin Wagle,East,Patna,Sports,Yoga Mat,Yoga Mat Delectus,3,63186,5,180080.1,25040.19,Debit Card,0.05,180080.1,0.0,0.13905028928793353,2023,11,7,1,Fall
12339,2025-07-07,Ishaan Kalla,West,Pune,Home Decor,Wall Art,Wall Art Veniam,5,74466,0,372330.0,68748.62,Cod,0.0,372330.0,0.0,0.184644320898128,2025,7,7,0,Summer
12340,2024-02-20,Aaina Shukla,South,Chennai,Books,Non-Fiction,Non-Fiction Possimus,3,37534,5,106971.9,18381.07,Debit Card,0.05,106971.9,0.0,0.1718308266002567,2024,2,20,1,winter
12341,2023-12-13,Vedika Gola,West,Pune,Kitchen,Refrigerator,Refrigerator Illum,4,48345,10,174042.0,26545.6,Cod,0.1,174042.0,0.0,0.15252410337734568,2023,12,13,2,winter
12342,2025-01-17,Indrans Ram,North,Jaipur,Home Decor,Wall Art,Wall Art Ipsa,5,53177,10,239296.5,14656.39,Credit Card,0.1,239296.5,0.0,0.061247824351797875,2025,1,17,4,winter
12343,2024-05-06,Anaya D鈥橝Lia,South,Bangalore,Sports,Dumbbells,Dumbbells Enim,5,6951,15,29541.75,6396.94,Debit Card,0.15,29541.75,0.0,0.21653896603958803,2024,5,6,0,Spring
12344,2023-11-10,Anahi Chakraborty,North,Delhi,Groceries,Spices,Spices Incidunt,1,46409,10,41768.1,2494.26,Net Banking,0.1,41768.1,0.0,0.059716865263203266,2023,11,10,4,Fall
12345,2024-03-20,Mahika Zacharia,South,Thiruvananthapuram,Kitchen,Mixer Grinder,Mixer Grinder Impedit,3,40030,0,120090.0,20011.5,Debit Card,0.0,120090.0,0.0,0.16663752185860606,2024,3,20,2,Spring
12346,2024-04-02,Manikya Shukla,West,Surat,Books,Fiction,Fiction Tempora,3,2899,15,7392.45,1076.86,Cod,0.15,7392.45,0.0,0.14567024464149234,2024,4,2,1,Spring
12347,2025-03-31,Vidur Khurana,East,Ranchi,Furniture,Bed,Bed Dolores,1,54239,20,43391.2,9542.63,Upi,0.2,43391.200000000004,7.275957614183426e-12,0.2199208595291211,2025,3,31,0,Spring
12348,2024-09-03,Rasha Buch,East,Bhubaneswar,Toys,Board Game,Board Game A,1,635,15,539.75,69.23,Debit Card,0.15,539.75,0.0,0.12826308476146364,2024,9,3,1,Fall
12349,2024-04-12,Adira Mahal,North,Lucknow,Clothing,Accessories,Accessories Eveniet,2,23101,5,43891.9,6699.61,Cod,0.05,43891.9,0.0,0.1526388695864157,2024,4,12,4,Spring
12350,2025-08-29,Baiju Lad,West,Ahmedabad,Kitchen,Juicer,Juicer Earum,1,71043,20,56834.4,6724.29,Debit Card,0.2,56834.4,0.0,0.11831373252818715,2025,8,29,4,Summer
12351,2024-07-13,Ritvik Varma,North,Lucknow,Electronics,Headphones,Headphones Aliquid,4,67753,10,243910.8,48980.36,Cod,0.1,243910.80000000002,2.9103830456733704e-11,0.2008125921443413,2024,7,13,5,Summer
12352,2024-01-30,Jiya Swaminathan,South,Coimbatore,Beauty,Face Cream,Face Cream Odio,3,9574,5,27285.9,3775.78,Debit Card,0.05,27285.899999999998,3.637978807091713e-12,0.13837842988503218,2024,1,30,1,winter
12353,2023-10-29,Dhanush Balay,West,Surat,Toys,Puzzle,Puzzle Temporibus,5,1299,5,6170.25,1520.47,Cod,0.05,6170.25,0.0,0.2464195129856975,2023,10,29,6,Fall
12354,2024-07-10,Vedika Krishnan,East,Patna,Furniture,Bed,Bed Dolorem,5,4600,20,18400.0,970.7,Debit Card,0.2,18400.0,0.0,0.0527554347826087,2024,7,10,2,Summer
12355,2024-11-09,Rohan Dada,North,Jaipur,Kitchen,Refrigerator,Refrigerator Sapiente,2,74248,20,118796.8,24380.89,Net Banking,0.2,118796.8,0.0,0.2052318749326581,2024,11,9,5,Fall
12356,2024-05-18,Devansh Kanda,East,Patna,Books,Non-Fiction,Non-Fiction Quis,5,66107,5,314008.25,48260.38,Debit Card,0.05,314008.25,0.0,0.15369143963574206,2024,5,18,5,Spring
12357,2023-11-15,Ayesha Dhawan,West,Mumbai,Books,Textbook,Textbook Numquam,4,1266,0,5064.0,381.53,Credit Card,0.0,5064.0,0.0,0.07534162717219589,2023,11,15,2,Fall
12358,2024-09-06,Anvi Din,West,Ahmedabad,Toys,Board Game,Board Game Sequi,2,74681,5,141893.9,9116.35,Net Banking,0.05,141893.9,0.0,0.06424765264750634,2024,9,6,4,Fall
12359,2025-05-26,Dhanush Srinivasan,East,Ranchi,Clothing,Accessories,Accessories Quos,3,33457,20,80296.8,9175.47,Net Banking,0.2,80296.8,0.0,0.1142694353946857,2025,5,26,0,Spring
12360,2024-10-19,Manjari Doshi,South,Coimbatore,Books,Non-Fiction,Non-Fiction Doloremque,1,29018,15,24665.3,4789.24,Credit Card,0.15,24665.3,0.0,0.19416913639809774,2024,10,19,5,Fall
12361,2023-10-08,Yuvaan Grover,South,Bangalore,Sports,Yoga Mat,Yoga Mat Nulla,4,21745,0,86980.0,4960.37,Cod,0.0,86980.0,0.0,0.05702885720855369,2023,10,8,6,Fall
12362,2025-03-28,Lakshit Yadav,West,Mumbai,Sports,Tennis Racket,Tennis Racket Laboriosam,2,3291,15,5594.7,1287.79,Credit Card,0.15,5594.7,0.0,0.23018034925912023,2025,3,28,4,Spring
12363,2024-08-08,Saira Kakar,North,Jaipur,Books,Fiction,Fiction Magnam,3,67485,5,192332.25,16746.64,Cod,0.05,192332.25,0.0,0.08707140898107311,2024,8,8,3,Summer
12364,2024-01-14,Yashvi Chandran,North,Jaipur,Furniture,Cabinet,Cabinet Minima,3,24934,20,59841.6,13615.75,Credit Card,0.2,59841.600000000006,7.275957614183426e-12,0.22752984545867758,2024,1,14,6,winter
12365,2024-04-04,Vedika Dugal,North,Jaipur,Toys,Puzzle,Puzzle Corrupti,5,3680,15,15640.0,3775.05,Net Banking,0.15,15640.0,0.0,0.2413714833759591,2024,4,4,3,Spring
12366,2024-01-17,Vivaan Bassi,South,Thiruvananthapuram,Furniture,Cabinet,Cabinet Voluptate,4,12783,15,43462.2,10139.55,Net Banking,0.15,43462.2,0.0,0.2332958294794097,2024,1,17,2,winter
12367,2024-01-21,Armaan Taneja,North,Jaipur,Furniture,Bed,Bed Incidunt,3,24986,20,59966.4,14461.24,Credit Card,0.2,59966.4,0.0,0.24115571386643186,2024,1,21,6,winter
12368,2024-10-27,Ritvik Mangat,South,Coimbatore,Kitchen,Mixer Grinder,Mixer Grinder Aut,3,46658,20,111979.2,22883.07,Credit Card,0.2,111979.20000000001,1.4551915228366852e-11,0.20435107591409835,2024,10,27,6,Fall
12369,2025-08-26,Jhanvi Mander,South,Bangalore,Books,Biography,Biography Temporibus,3,63161,15,161060.55,27410.79,Debit Card,0.15,161060.55,0.0,0.17018934804332905,2025,8,26,1,Summer
12370,2024-12-21,Advika Kala,East,Guwahati,Beauty,Shampoo,Shampoo Deserunt,1,79463,20,63570.4,13239.5,Debit Card,0.2,63570.4,0.0,0.20826516743641693,2024,12,21,5,winter
12371,2025-04-01,Kiara D鈥橝Lia,East,Ranchi,Groceries,Wheat,Wheat Blanditiis,4,67376,0,269504.0,15498.78,Debit Card,0.0,269504.0,0.0,0.057508534196152934,2025,4,1,1,Spring
12372,2023-10-30,Jivin Bhandari,West,Surat,Kitchen,Juicer,Juicer Nam,3,60530,20,145272.0,14861.52,Credit Card,0.2,145272.0,0.0,0.10230133817941517,2023,10,30,0,Fall
12373,2024-03-12,Samaira Buch,East,Ranchi,Home Decor,Vase,Vase Perferendis,5,33311,15,141571.75,10032.41,Credit Card,0.15,141571.75,0.0,0.07086449097365823,2024,3,12,1,Spring
12374,2024-03-13,Shlok Singhal,East,Guwahati,Books,Non-Fiction,Non-Fiction Deserunt,1,56897,0,56897.0,4720.95,Net Banking,0.0,56897.0,0.0,0.08297361899572912,2024,3,13,2,Spring
12375,2024-01-30,Dishani Ramaswamy,South,Hyderabad,Kitchen,Cookware Set,Cookware Set Vel,1,39541,0,39541.0,3941.94,Debit Card,0.0,39541.0,0.0,0.09969247110594066,2024,1,30,1,winter
12376,2024-09-28,Hrishita Dugal,East,Kolkata,Furniture,Chair,Chair Nobis,2,37656,5,71546.4,8448.44,Upi,0.05,71546.4,0.0,0.1180833696733868,2024,9,28,5,Fall
12377,2024-11-09,Hazel Kibe,West,Goa,Sports,Dumbbells,Dumbbells Deserunt,5,40146,10,180657.0,11945.18,Credit Card,0.1,180657.0,0.0,0.06612077029951788,2024,11,9,5,Fall
12378,2023-12-31,Aaina Balasubramanian,South,Hyderabad,Furniture,Sofa,Sofa Natus,4,49649,20,158876.8,23210.84,Upi,0.2,158876.80000000002,2.9103830456733704e-11,0.14609332514250037,2023,12,31,6,winter
12379,2023-11-09,Saira Mangat,West,Ahmedabad,Clothing,Kids Wear,Kids Wear Commodi,3,7847,15,20009.85,1604.55,Net Banking,0.15,20009.85,0.0,0.08018800740635237,2023,11,9,3,Fall
12380,2024-01-31,Shlok Ratta,West,Surat,Books,Comics,Comics Suscipit,2,50161,0,100322.0,20051.09,Cod,0.0,100322.0,0.0,0.1998673272063954,2024,1,31,2,winter
12381,2024-12-24,Ela Tak,East,Guwahati,Clothing,Women'S Wear,Women's Wear Cupiditate,4,28128,20,90009.6,7856.96,Upi,0.2,90009.6,0.0,0.08729024459613197,2024,12,24,1,winter
12382,2023-12-10,Rania Reddy,West,Mumbai,Sports,Football,Football Harum,4,60610,10,218196.0,38301.45,Net Banking,0.1,218196.0,0.0,0.1755369026013309,2023,12,10,6,winter
12383,2025-02-21,Heer Balan,East,Guwahati,Beauty,Shampoo,Shampoo Voluptate,2,29023,5,55143.7,5719.02,Upi,0.05,55143.7,0.0,0.10371121270426178,2025,2,21,4,winter
12384,2025-06-27,Aradhya Bava,South,Thiruvananthapuram,Books,Textbook,Textbook Cumque,4,23749,5,90246.2,10920.14,Credit Card,0.05,90246.2,0.0,0.12100387606347968,2025,6,27,4,Summer
12385,2023-10-09,Madhav Jain,West,Goa,Groceries,Sugar,Sugar Voluptatibus,3,25340,10,68418.0,11369.64,Cod,0.1,68418.0,0.0,0.1661790756818381,2023,10,9,0,Fall
12386,2025-01-05,Samaira Raj,East,Ranchi,Books,Comics,Comics Blanditiis,3,71008,20,170419.2,16962.93,Credit Card,0.2,170419.2,0.0,0.09953649588778729,2025,1,5,6,winter
12387,2024-09-16,Piya Borde,East,Guwahati,Groceries,Spices,Spices At,3,19514,10,52687.8,8916.55,Upi,0.1,52687.8,0.0,0.16923367458880423,2024,9,16,0,Fall
12388,2023-11-30,Aradhya Lall,South,Bangalore,Clothing,Men'S Wear,Men's Wear Ullam,5,13030,10,58635.0,11660.93,Upi,0.1,58635.0,0.0,0.19887319860151786,2023,11,30,3,Fall
12389,2024-05-07,Shayak Handa,North,Jaipur,Groceries,Sugar,Sugar Aliquam,1,47052,15,39994.2,6682.85,Net Banking,0.15,39994.2,0.0,0.16709547884443246,2024,5,7,1,Spring
12390,2025-02-25,Vidur Vala,North,Jaipur,Beauty,Perfume,Perfume Quibusdam,1,64640,15,54944.0,10985.4,Cod,0.15,54944.0,0.0,0.19993811881188117,2025,2,25,1,winter
12391,2023-11-02,Rati Sur,North,Amritsar,Sports,Cricket Bat,Cricket Bat Molestias,4,3613,5,13729.4,830.97,Credit Card,0.05,13729.4,0.0,0.06052485906157589,2023,11,2,3,Fall
12392,2025-03-27,Riaan Garde,West,Mumbai,Beauty,Face Cream,Face Cream Tenetur,3,28304,5,80666.4,8648.8,Credit Card,0.05,80666.4,0.0,0.10721688336159789,2025,3,27,3,Spring
12393,2024-08-11,Hunar Krishnan,North,Amritsar,Sports,Football,Football Ex,2,26749,20,42798.4,5163.93,Cod,0.2,42798.4,0.0,0.12065708063852855,2024,8,11,6,Summer
12394,2024-05-31,Anahi Choudhry,North,Amritsar,Kitchen,Refrigerator,Refrigerator Asperiores,5,866,10,3897.0,316.04,Credit Card,0.1,3897.0,0.0,0.08109828072876572,2024,5,31,4,Spring
12395,2024-05-23,Yuvaan Aurora,North,Jaipur,Books,Biography,Biography Optio,2,68743,15,116863.1,28129.25,Credit Card,0.15,116863.09999999999,1.4551915228366852e-11,0.2407025827656463,2024,5,23,3,Spring
12396,2025-02-20,Shamik Zachariah,South,Thiruvananthapuram,Clothing,Women'S Wear,Women's Wear Culpa,5,21064,0,105320.0,15690.81,Net Banking,0.0,105320.0,0.0,0.14898224458792253,2025,2,20,3,winter
12397,2023-11-15,Shayak Sha,West,Pune,Electronics,Headphones,Headphones Sed,1,75876,20,60700.8,7216.55,Upi,0.2,60700.8,0.0,0.11888723048131161,2023,11,15,2,Fall
12398,2024-09-26,Samaira Vala,South,Chennai,Clothing,Women'S Wear,Women's Wear Exercitationem,2,23175,20,37080.0,6557.49,Credit Card,0.2,37080.0,0.0,0.17684708737864077,2024,9,26,3,Fall
12399,2024-04-17,Miraan Roy,South,Thiruvananthapuram,Sports,Yoga Mat,Yoga Mat Accusamus,3,60450,10,163215.0,30673.62,Cod,0.1,163215.0,0.0,0.18793382961124896,2024,4,17,2,Spring
12400,2024-08-17,Pari Shukla,North,Lucknow,Sports,Cricket Bat,Cricket Bat Eius,5,68807,20,275228.0,64282.84,Debit Card,0.2,275228.0,0.0,0.233562137573212,2024,8,17,5,Summer
12401,2025-06-17,Vihaan Saran,North,Delhi,Home Decor,Vase,Vase Sit,3,28485,20,68364.0,9006.11,Debit Card,0.2,68364.0,0.0,0.13173761043824236,2025,6,17,1,Summer
12402,2025-02-05,Sahil Bandi,East,Ranchi,Furniture,Bed,Bed Ratione,3,17504,0,52512.0,7966.85,Debit Card,0.0,52512.0,0.0,0.15171484613040828,2025,2,5,2,winter
12403,2025-03-24,Kiara Chand,East,Patna,Home Decor,Vase,Vase Iure,4,65133,5,247505.4,19976.23,Credit Card,0.05,247505.4,0.0,0.08071027945248871,2025,3,24,0,Spring
12404,2024-05-05,Ritvik Upadhyay,East,Bhubaneswar,Sports,Yoga Mat,Yoga Mat Totam,3,10190,0,30570.0,3680.78,Cod,0.0,30570.0,0.0,0.12040497219496239,2024,5,5,6,Spring
12405,2025-02-25,Miraan Banerjee,South,Bangalore,Toys,Action Figure,Action Figure Distinctio,3,40930,5,116650.5,28884.86,Net Banking,0.05,116650.5,0.0,0.24761882718033784,2025,2,25,1,winter
12406,2024-02-22,Tushar Arya,North,Jaipur,Groceries,Rice,Rice Culpa,5,68503,15,291137.75,35054.49,Upi,0.15,291137.75,0.0,0.12040516903081101,2024,2,22,3,winter
12407,2024-10-30,Vivaan Dhingra,North,Jaipur,Toys,Puzzle,Puzzle Quis,2,11277,5,21426.3,3629.78,Upi,0.05,21426.3,0.0,0.1694076905485315,2024,10,30,2,Fall
12408,2023-11-27,Yakshit Borde,South,Coimbatore,Furniture,Table,Table Atque,4,63420,5,240996.0,22124.71,Debit Card,0.05,240996.0,0.0,0.09180529967302362,2023,11,27,0,Fall
12409,2025-08-10,Rania Date,East,Patna,Toys,Rc Car,RC Car Accusamus,1,7111,20,5688.8,580.14,Upi,0.2,5688.8,0.0,0.1019793278019969,2025,8,10,6,Summer
12410,2024-10-25,Ahana  Deep,South,Chennai,Electronics,Laptop,Laptop Asperiores,1,17837,10,16053.3,2296.08,Net Banking,0.1,16053.300000000001,1.8189894035458565e-12,0.143028536188821,2024,10,25,4,Fall
12411,2024-04-17,Mishti Singh,South,Coimbatore,Home Decor,Clock,Clock In,3,17942,5,51134.7,8840.52,Upi,0.05,51134.7,0.0,0.17288690458729591,2024,4,17,2,Spring
12412,2025-07-30,Azad Tak,North,Delhi,Home Decor,Vase,Vase In,1,54632,15,46437.2,6423.32,Net Banking,0.15,46437.2,0.0,0.13832272402298157,2025,7,30,2,Summer
12413,2024-04-05,Piya Saxena,West,Surat,Toys,Board Game,Board Game Natus,3,77782,15,198344.1,40562.25,Cod,0.15,198344.1,0.0,0.20450444454864047,2024,4,5,4,Spring
12414,2023-11-08,Tushar Balay,East,Patna,Furniture,Sofa,Sofa Ad,3,67365,5,191990.25,20011.68,Net Banking,0.05,191990.25,0.0,0.10423279307152317,2023,11,8,2,Fall
12415,2024-05-05,Veer Mander,South,Chennai,Kitchen,Mixer Grinder,Mixer Grinder Iure,2,769,10,1384.2,280.89,Upi,0.1,1384.2,0.0,0.202925877763329,2024,5,5,6,Spring
12416,2023-10-20,Priyansh Som,East,Bhubaneswar,Home Decor,Wall Art,Wall Art At,2,66735,10,120123.0,7514.62,Cod,0.1,120123.0,0.0,0.0625577116788625,2023,10,20,4,Fall
12417,2025-05-22,Badal Maharaj,West,Goa,Furniture,Chair,Chair Quidem,3,63541,0,190623.0,43196.33,Debit Card,0.0,190623.0,0.0,0.2266060758670255,2025,5,22,3,Spring
12418,2024-11-02,Ishita Gour,West,Goa,Furniture,Cabinet,Cabinet Nostrum,4,60442,15,205502.8,34719.98,Debit Card,0.15,205502.8,0.0,0.16895137195210969,2024,11,2,5,Fall
12419,2024-05-10,Eshani Kashyap,South,Coimbatore,Groceries,Sugar,Sugar Reiciendis,3,62535,0,187605.0,38477.9,Net Banking,0.0,187605.0,0.0,0.20510061032488475,2024,5,10,4,Spring
12420,2024-04-04,Renee Borah,North,Chandigarh,Beauty,Perfume,Perfume Neque,5,43450,15,184662.5,43666.41,Net Banking,0.15,184662.5,0.0,0.2364660393961958,2024,4,4,3,Spring
12421,2025-03-31,Saksham Viswanathan,South,Bangalore,Furniture,Cabinet,Cabinet Porro,4,15141,5,57535.8,4627.14,Cod,0.05,57535.799999999996,7.275957614183426e-12,0.08042192860792759,2025,3,31,0,Spring
12422,2025-05-31,Adira Krishna,East,Guwahati,Toys,Rc Car,RC Car Blanditiis,4,46131,10,166071.6,20406.12,Credit Card,0.1,166071.6,0.0,0.12287543445116443,2025,5,31,5,Spring
12423,2025-03-05,Reyansh Toor,West,Mumbai,Clothing,Women'S Wear,Women's Wear Vitae,1,37503,20,30002.4,6676.76,Credit Card,0.2,30002.4,0.0,0.22254086339759485,2025,3,5,2,Spring
12424,2024-12-05,Fateh Rajagopal,East,Guwahati,Clothing,Kids Wear,Kids Wear Ab,4,44932,20,143782.4,32187.92,Credit Card,0.2,143782.4,0.0,0.22386550787857207,2024,12,5,3,winter
12425,2025-03-06,Gokul Ramaswamy,South,Chennai,Home Decor,Cushion,Cushion Error,1,6862,10,6175.8,376.16,Upi,0.1,6175.8,0.0,0.06090870818355517,2025,3,6,3,Spring
12426,2024-12-03,Saksham Goyal,North,Delhi,Books,Comics,Comics Quibusdam,1,19399,10,17459.1,1487.91,Net Banking,0.1,17459.100000000002,3.637978807091713e-12,0.08522260597625309,2024,12,3,1,winter
12427,2025-05-04,Vihaan Bora,South,Chennai,Kitchen,Mixer Grinder,Mixer Grinder Nobis,4,72494,10,260978.4,56512.09,Upi,0.1,260978.4,0.0,0.21653933812146905,2025,5,4,6,Spring
12428,2024-06-29,Sara Kalita,South,Coimbatore,Electronics,Laptop,Laptop A,3,1171,10,3161.7,596.3,Credit Card,0.1,3161.7000000000003,4.547473508864641e-13,0.18860106904513393,2024,6,29,5,Summer
12429,2024-02-15,Yasmin Bhandari,South,Chennai,Toys,Board Game,Board Game Iusto,2,74228,20,118764.8,15381.4,Credit Card,0.2,118764.8,0.0,0.12951143773239207,2024,2,15,3,winter
12430,2024-04-28,Tushar Iyengar,East,Guwahati,Kitchen,Refrigerator,Refrigerator Hic,1,15912,10,14320.8,1614.98,Cod,0.1,14320.800000000001,1.8189894035458565e-12,0.1127716328696721,2024,4,28,6,Spring
12431,2023-12-10,Krish Warrior,East,Ranchi,Books,Comics,Comics Tempora,5,27176,15,115498.0,15757.42,Credit Card,0.15,115498.0,0.0,0.13643024121629813,2023,12,10,6,winter
12432,2025-10-01,Ishita Wali,South,Bangalore,Electronics,Mobile,Mobile Distinctio,5,5312,15,22576.0,4206.17,Debit Card,0.15,22576.0,0.0,0.18631156980864635,2025,10,1,2,Fall
12433,2025-03-16,Gatik Shan,West,Goa,Books,Biography,Biography Corrupti,2,4766,5,9055.4,990.64,Debit Card,0.05,9055.4,0.0,0.10939770744528127,2025,3,16,6,Spring
12434,2024-01-07,Purab Chadha,North,Lucknow,Groceries,Sugar,Sugar Qui,1,44779,0,44779.0,9489.13,Upi,0.0,44779.0,0.0,0.21191027043926838,2024,1,7,6,winter
12435,2023-12-13,Dishani Sastry,East,Guwahati,Toys,Doll,Doll Molestias,4,417,10,1501.2,198.1,Net Banking,0.1,1501.2,0.0,0.1319610977884359,2023,12,13,2,winter
12436,2023-10-25,Navya Sachar,North,Jaipur,Toys,Board Game,Board Game Tenetur,3,36935,15,94184.25,12134.74,Upi,0.15,94184.25,0.0,0.12884043775896714,2023,10,25,2,Fall
12437,2025-08-01,Urvi Loyal,West,Surat,Books,Textbook,Textbook Sunt,1,8124,10,7311.6,1572.26,Debit Card,0.1,7311.6,0.0,0.2150363805459817,2025,8,1,4,Summer
12438,2025-01-16,Shalv Kapoor,South,Hyderabad,Toys,Action Figure,Action Figure Nisi,4,7889,10,28400.4,2922.43,Debit Card,0.1,28400.4,0.0,0.10290101547865523,2025,1,16,3,winter
12439,2024-02-01,Tiya Balan,South,Coimbatore,Sports,Tennis Racket,Tennis Racket Repudiandae,1,70443,15,59876.55,6519.31,Credit Card,0.15,59876.549999999996,7.275957614183426e-12,0.1088791855910202,2024,2,1,3,winter
12440,2024-11-22,Samaira Saxena,East,Bhubaneswar,Kitchen,Microwave,Microwave Minus,4,39727,15,135071.8,22384.19,Cod,0.15,135071.8,0.0,0.16572067596641193,2024,11,22,4,Fall
12441,2025-01-29,Aaryahi Tiwari,East,Patna,Books,Non-Fiction,Non-Fiction Possimus,4,40900,5,155420.0,12410.77,Credit Card,0.05,155420.0,0.0,0.07985310770814567,2025,1,29,2,winter
12442,2024-09-13,Yasmin Raval,East,Bhubaneswar,Kitchen,Cookware Set,Cookware Set Non,2,22900,5,43510.0,9155.47,Cod,0.05,43510.0,0.0,0.21042220179269133,2024,9,13,4,Fall
12443,2024-05-06,Alisha Sankaran,East,Kolkata,Books,Non-Fiction,Non-Fiction Officiis,1,30660,0,30660.0,4219.29,Upi,0.0,30660.0,0.0,0.13761545988258317,2024,5,6,0,Spring
12444,2024-06-30,Lakshit Korpal,East,Bhubaneswar,Kitchen,Cookware Set,Cookware Set Unde,2,29299,10,52738.2,8816.03,Credit Card,0.1,52738.200000000004,7.275957614183426e-12,0.16716592526859092,2024,6,30,6,Summer
12445,2025-06-06,Ritvik Kapur,East,Bhubaneswar,Clothing,Men'S Wear,Men's Wear Natus,1,26149,0,26149.0,5801.64,Debit Card,0.0,26149.0,0.0,0.22186852269685267,2025,6,6,4,Summer
12446,2024-11-18,Trisha Raman,East,Patna,Sports,Dumbbells,Dumbbells Atque,2,49667,0,99334.0,18321.0,Net Banking,0.0,99334.0,0.0,0.18443835947409748,2024,11,18,0,Fall
12447,2024-09-26,Nayantara Goel,East,Ranchi,Clothing,Kids Wear,Kids Wear Cumque,1,12103,10,10892.7,690.99,Upi,0.1,10892.7,0.0,0.06343606268418298,2024,9,26,3,Fall
12448,2024-12-21,Shlok Dewan,North,Amritsar,Clothing,Shoes,Shoes Vero,5,67427,5,320278.25,58964.24,Debit Card,0.05,320278.25,0.0,0.1841031665434665,2024,12,21,5,winter
12449,2025-01-28,Pihu Acharya,North,Amritsar,Home Decor,Lamp,Lamp Minima,2,67221,20,107553.6,16000.44,Upi,0.2,107553.6,0.0,0.14876712634444592,2025,1,28,1,winter
12450,2025-02-18,Rati Chhabra,North,Chandigarh,Toys,Puzzle,Puzzle Sapiente,4,50609,15,172070.6,22326.14,Cod,0.15,172070.6,0.0,0.12974988173459032,2025,2,18,1,winter
12451,2023-12-31,Miraan Sachar,South,Hyderabad,Groceries,Wheat,Wheat Commodi,3,46759,15,119235.45,7584.16,Cod,0.15,119235.45,0.0,0.06360658679947952,2023,12,31,6,winter
12452,2024-07-03,Anahi Sahni,North,Chandigarh,Kitchen,Microwave,Microwave Id,5,22948,15,97529.0,9134.17,Debit Card,0.15,97529.0,0.0,0.09365593823375612,2024,7,3,2,Summer
12453,2025-02-12,Azad Roy,West,Goa,Kitchen,Mixer Grinder,Mixer Grinder Totam,2,76530,10,137754.0,19605.36,Credit Card,0.1,137754.0,0.0,0.14232152968334857,2025,2,12,2,winter
12454,2025-08-06,Dharmajan Lal,West,Pune,Electronics,Mobile,Mobile Nostrum,2,52860,20,84576.0,10974.54,Upi,0.2,84576.0,0.0,0.1297595062429058,2025,8,6,2,Summer
12455,2025-03-16,Sana Agarwal,North,Amritsar,Sports,Yoga Mat,Yoga Mat Odit,4,33427,20,106966.4,14285.36,Cod,0.2,106966.40000000001,1.4551915228366852e-11,0.13354997457145423,2025,3,16,6,Spring
12456,2025-09-08,Arnav Kurian,North,Chandigarh,Furniture,Chair,Chair Sapiente,1,56017,10,50415.3,2587.05,Credit Card,0.1,50415.3,0.0,0.05131477944195512,2025,9,8,0,Fall
12457,2024-10-20,Neysa Sura,East,Bhubaneswar,Furniture,Sofa,Sofa Maiores,4,37045,5,140771.0,26033.58,Credit Card,0.05,140771.0,0.0,0.18493567567183583,2024,10,20,6,Fall
12458,2024-02-23,Raghav Ramaswamy,East,Guwahati,Home Decor,Lamp,Lamp Animi,4,25388,20,81241.6,13948.0,Net Banking,0.2,81241.6,0.0,0.17168544194107452,2024,2,23,4,winter
12459,2024-01-26,Kiara Krishnamurthy,East,Kolkata,Kitchen,Mixer Grinder,Mixer Grinder Quidem,4,28766,10,103557.6,6892.79,Credit Card,0.1,103557.6,0.0,0.06655996276468361,2024,1,26,4,winter
12460,2025-09-29,Saira Vala,North,Amritsar,Electronics,Headphones,Headphones Reiciendis,5,69559,10,313015.5,46083.59,Credit Card,0.1,313015.5,0.0,0.1472246262565272,2025,9,29,0,Fall
12461,2023-11-02,Shanaya Rout,North,Delhi,Clothing,Women'S Wear,Women's Wear Distinctio,1,9542,10,8587.8,2055.5,Net Banking,0.1,8587.800000000001,1.8189894035458565e-12,0.2393511725936794,2023,11,2,3,Fall
12462,2024-03-08,Misha Singh,East,Guwahati,Groceries,Sugar,Sugar Laborum,2,4226,10,7606.8,514.72,Net Banking,0.1,7606.8,0.0,0.06766577272966294,2024,3,8,4,Spring
12463,2025-06-26,Aayush Banerjee,West,Goa,Furniture,Bed,Bed Iusto,3,5903,10,15938.1,3911.85,Net Banking,0.1,15938.1,0.0,0.24544017166412557,2025,6,26,3,Summer
12464,2023-11-12,Alia Raju,East,Guwahati,Electronics,Laptop,Laptop Impedit,2,30257,10,54462.6,4180.17,Cod,0.1,54462.6,0.0,0.0767530378645162,2023,11,12,6,Fall
12465,2025-05-25,Tejas Kulkarni,West,Pune,Books,Biography,Biography Ratione,3,55984,20,134361.6,13024.46,Upi,0.2,134361.6,0.0,0.0969358804896637,2025,5,25,6,Spring
12466,2024-12-24,Aniruddh Kade,East,Guwahati,Groceries,Sugar,Sugar Nostrum,3,19344,0,58032.0,14341.48,Cod,0.0,58032.0,0.0,0.24713054866280673,2024,12,24,1,winter
12467,2025-06-02,Kashvi Choudhury,East,Kolkata,Toys,Board Game,Board Game Optio,1,26129,5,24822.55,3656.32,Upi,0.05,24822.55,0.0,0.14729832350020447,2025,6,2,0,Summer
12468,2025-05-27,Uthkarsh Kohli,West,Goa,Electronics,Smartwatch,Smartwatch Error,5,60520,10,272340.0,36096.65,Cod,0.1,272340.0,0.0,0.13254259381655284,2025,5,27,1,Spring
12469,2025-03-20,Emir Sandhu,North,Lucknow,Toys,Puzzle,Puzzle Consectetur,1,17598,10,15838.2,2735.84,Cod,0.1,15838.2,0.0,0.17273680089909207,2025,3,20,3,Spring
12470,2024-05-02,Madhup Kuruvilla,East,Bhubaneswar,Sports,Yoga Mat,Yoga Mat Magnam,4,13561,5,51531.8,4151.73,Debit Card,0.05,51531.799999999996,7.275957614183426e-12,0.08056636872765942,2024,5,2,3,Spring
12471,2024-01-15,Ishaan Manne,North,Chandigarh,Kitchen,Microwave,Microwave Ipsum,4,72709,0,290836.0,32501.93,Credit Card,0.0,290836.0,0.0,0.11175346243243615,2024,1,15,0,winter
12472,2025-03-26,Devansh Dayal,South,Coimbatore,Beauty,Lipstick,Lipstick Facilis,5,75416,0,377080.0,86486.3,Cod,0.0,377080.0,0.0,0.2293579611753474,2025,3,26,2,Spring
12473,2024-06-30,Adah Bhatnagar,North,Jaipur,Home Decor,Cushion,Cushion Mollitia,1,52794,10,47514.6,6504.81,Debit Card,0.1,47514.6,0.0,0.13690128928792414,2024,6,30,6,Summer
12474,2024-03-02,Lakshay Arya,South,Thiruvananthapuram,Kitchen,Refrigerator,Refrigerator Numquam,1,51786,10,46607.4,3538.39,Debit Card,0.1,46607.4,0.0,0.0759190600634234,2024,3,2,5,Spring
12475,2025-03-11,Ishaan Behl,South,Chennai,Kitchen,Microwave,Microwave Neque,1,47195,15,40115.75,4506.67,Debit Card,0.15,40115.75,0.0,0.1123416613175623,2025,3,11,1,Spring
12476,2025-01-15,Taimur Jani,South,Chennai,Books,Fiction,Fiction Incidunt,4,68946,10,248205.6,33922.43,Net Banking,0.1,248205.6,0.0,0.1366706875267923,2025,1,15,2,winter
12477,2024-10-13,Advik Barman,South,Coimbatore,Kitchen,Refrigerator,Refrigerator Voluptatum,1,67087,15,57023.95,13475.3,Net Banking,0.15,57023.95,0.0,0.23630948049021508,2024,10,13,6,Fall
12478,2024-11-18,Mohanlal Deshmukh,North,Jaipur,Clothing,Men'S Wear,Men's Wear Deleniti,3,7846,10,21184.2,3520.75,Net Banking,0.1,21184.2,0.0,0.1661969769922867,2024,11,18,0,Fall
12479,2025-03-21,Nitya Ray,East,Kolkata,Sports,Cricket Bat,Cricket Bat Asperiores,5,58845,5,279513.75,53166.56,Debit Card,0.05,279513.75,0.0,0.1902108930240462,2025,3,21,4,Spring
12480,2023-11-15,Hansh Borah,North,Chandigarh,Sports,Football,Football Quam,1,50016,10,45014.4,5198.44,Cod,0.1,45014.4,0.0,0.11548393402999928,2023,11,15,2,Fall
12481,2025-04-23,Vedika Varma,West,Surat,Electronics,Smartwatch,Smartwatch Perspiciatis,5,50838,20,203352.0,10664.02,Upi,0.2,203352.0,0.0,0.05244118572721193,2025,4,23,2,Spring
12482,2024-12-31,Eshani Swaminathan,North,Lucknow,Electronics,Laptop,Laptop Consequuntur,1,23484,20,18787.2,3486.09,Net Banking,0.2,18787.2,0.0,0.18555665559529894,2024,12,31,1,winter
12483,2025-05-10,Diya Chakrabarti,South,Thiruvananthapuram,Groceries,Spices,Spices Quos,3,23078,10,62310.6,13946.65,Debit Card,0.1,62310.6,0.0,0.2238246783051359,2025,5,10,5,Spring
12484,2024-08-18,Ishita Guha,East,Bhubaneswar,Books,Biography,Biography Rem,1,56618,15,48125.3,2447.25,Cod,0.15,48125.299999999996,7.275957614183426e-12,0.05085163105476745,2024,8,18,6,Summer
12485,2024-05-13,Gatik Choudhury,West,Goa,Sports,Yoga Mat,Yoga Mat Adipisci,1,50052,20,40041.6,7720.35,Cod,0.2,40041.600000000006,7.275957614183426e-12,0.19280822944138098,2024,5,13,0,Spring
12486,2025-07-13,Rania Chakraborty,West,Ahmedabad,Books,Fiction,Fiction Nobis,3,43808,0,131424.0,26792.06,Upi,0.0,131424.0,0.0,0.2038597212076942,2025,7,13,6,Summer
12487,2025-02-13,Baiju Dara,West,Pune,Clothing,Women'S Wear,Women's Wear Accusamus,4,44623,0,178492.0,31486.04,Debit Card,0.0,178492.0,0.0,0.17640028684758982,2025,2,13,3,winter
12488,2025-02-15,Indrans Dhar,North,Jaipur,Furniture,Sofa,Sofa Sed,4,48102,10,173167.2,40443.37,Debit Card,0.1,173167.2,0.0,0.23355098425105908,2025,2,15,5,winter
12489,2024-04-22,Hansh Bhandari,East,Ranchi,Home Decor,Clock,Clock Officiis,4,52567,0,210268.0,33643.36,Cod,0.0,210268.0,0.0,0.16000228280099682,2024,4,22,0,Spring
12490,2024-08-01,Lakshay Kara,East,Bhubaneswar,Clothing,Kids Wear,Kids Wear Laudantium,4,6700,10,24120.0,3561.9,Net Banking,0.1,24120.0,0.0,0.14767412935323385,2024,8,1,3,Summer
12491,2025-01-19,Nirvi Manda,South,Bangalore,Kitchen,Cookware Set,Cookware Set Quod,4,27707,20,88662.4,7142.62,Net Banking,0.2,88662.40000000001,1.4551915228366852e-11,0.08055974122063017,2025,1,19,6,winter
12492,2024-10-06,Farhan Mallick,South,Thiruvananthapuram,Home Decor,Clock,Clock Facilis,3,38099,15,97152.45,6364.08,Upi,0.15,97152.45,0.0,0.0655061195059929,2024,10,6,6,Fall
12493,2025-05-08,Faiyaz Chadha,North,Lucknow,Books,Non-Fiction,Non-Fiction Modi,4,7300,15,24820.0,4229.35,Net Banking,0.15,24820.0,0.0,0.17040088638195006,2025,5,8,3,Spring
12494,2024-04-26,Lavanya Lad,East,Ranchi,Books,Comics,Comics Delectus,4,40631,20,130019.2,23457.62,Credit Card,0.2,130019.20000000001,1.4551915228366852e-11,0.18041658462750115,2024,4,26,4,Spring
12495,2024-05-20,Hazel Dyal,East,Guwahati,Home Decor,Lamp,Lamp Ad,3,10211,10,27569.7,6420.7,Credit Card,0.1,27569.7,0.0,0.23288973039242356,2024,5,20,0,Spring
12496,2024-08-12,Reyansh Goel,South,Bangalore,Home Decor,Cushion,Cushion Eum,4,7979,0,31916.0,4814.48,Upi,0.0,31916.0,0.0,0.15084847725278855,2024,8,12,0,Summer
12497,2023-10-14,Anahita Taneja,South,Chennai,Clothing,Women'S Wear,Women's Wear At,4,37677,5,143172.6,9568.99,Credit Card,0.05,143172.6,0.0,0.06683534419295312,2023,10,14,5,Fall
12498,2025-03-05,Ela Chokshi,West,Pune,Toys,Puzzle,Puzzle At,3,59754,5,170298.9,27185.74,Upi,0.05,170298.9,0.0,0.15963544098053484,2025,3,5,2,Spring
12499,2024-05-21,Tushar Aurora,North,Amritsar,Clothing,Accessories,Accessories Occaecati,2,51078,20,81724.8,6693.5,Debit Card,0.2,81724.8,0.0,0.08190292298053957,2024,5,21,1,Spring
12500,2024-03-27,Lagan Som,North,Chandigarh,Clothing,Kids Wear,Kids Wear Voluptatem,1,43378,0,43378.0,3355.11,Upi,0.0,43378.0,0.0,0.0773458896214671,2024,3,27,2,Spring
12501,2025-09-04,Kaira Bhatia,North,Delhi,Electronics,Laptop,Laptop Laboriosam,5,7303,5,34689.25,4141.36,Cod,0.05,34689.25,0.0,0.11938453555496298,2025,9,4,3,Fall
12502,2024-10-24,Amani Keer,South,Coimbatore,Home Decor,Wall Art,Wall Art Officiis,1,78381,5,74461.95,5326.91,Debit Card,0.05,74461.95,0.0,0.07153868519425022,2024,10,24,3,Fall
12503,2024-01-27,Yakshit Chakraborty,North,Lucknow,Beauty,Perfume,Perfume Repudiandae,4,76187,15,259035.8,13021.68,Cod,0.15,259035.8,0.0,0.05026980826588449,2024,1,27,5,winter
12504,2024-12-17,Riya Mander,South,Bangalore,Groceries,Wheat,Wheat Optio,3,46017,5,131148.45,27105.78,Upi,0.05,131148.44999999998,2.9103830456733704e-11,0.20668013994827997,2024,12,17,1,winter
12505,2025-10-03,Heer Banik,North,Jaipur,Groceries,Oil,Oil Repellendus,3,37796,10,102049.2,9696.14,Net Banking,0.1,102049.2,0.0,0.09501436561972068,2025,10,3,4,Fall
12506,2025-05-10,Gokul Kaur,West,Surat,Toys,Board Game,Board Game Quae,4,38258,15,130077.2,27959.59,Credit Card,0.15,130077.2,0.0,0.21494612430156862,2025,5,10,5,Spring
12507,2025-02-15,Biju Kalita,South,Chennai,Books,Non-Fiction,Non-Fiction Accusantium,3,36092,20,86620.8,5149.08,Net Banking,0.2,86620.8,0.0,0.05944392109054638,2025,2,15,5,winter
12508,2025-02-03,Jivika Dey,North,Jaipur,Toys,Puzzle,Puzzle Quos,2,68939,0,137878.0,30885.9,Cod,0.0,137878.0,0.0,0.22400890642452023,2025,2,3,0,winter
12509,2024-12-05,Vanya Saha,North,Amritsar,Groceries,Rice,Rice Hic,5,27510,15,116917.5,6165.95,Credit Card,0.15,116917.5,0.0,0.052737614129621316,2024,12,5,3,winter
12510,2024-01-15,Anvi Behl,North,Lucknow,Furniture,Sofa,Sofa Sunt,5,43081,15,183094.25,45442.08,Credit Card,0.15,183094.25,0.0,0.24818955264843107,2024,1,15,0,winter
12511,2024-05-09,Charvi Desai,West,Surat,Electronics,Laptop,Laptop Consectetur,1,34074,0,34074.0,3206.88,Cod,0.0,34074.0,0.0,0.09411516111991548,2024,5,9,3,Spring
12512,2024-05-27,Oorja Kapoor,West,Ahmedabad,Furniture,Bed,Bed Reprehenderit,2,59713,0,119426.0,10672.58,Net Banking,0.0,119426.0,0.0,0.08936563227437912,2024,5,27,0,Spring
12513,2024-02-29,Anahita Krishna,East,Patna,Groceries,Oil,Oil Mollitia,5,5874,20,23496.0,1329.73,Debit Card,0.2,23496.0,0.0,0.05659388832141641,2024,2,29,3,winter
12514,2024-08-02,Ojas Srinivasan,West,Mumbai,Toys,Board Game,Board Game Similique,4,52834,20,169068.8,8470.51,Credit Card,0.2,169068.80000000002,2.9103830456733704e-11,0.05010096481432411,2024,8,2,4,Summer
12515,2024-08-08,Shray Sarma,North,Amritsar,Clothing,Women'S Wear,Women's Wear Mollitia,4,58290,0,233160.0,25126.57,Upi,0.0,233160.0,0.0,0.10776535426316693,2024,8,8,3,Summer
12516,2023-12-14,Amira Chander,East,Guwahati,Kitchen,Cookware Set,Cookware Set In,2,6871,10,12367.8,2120.75,Cod,0.1,12367.800000000001,1.8189894035458565e-12,0.1714735037759343,2023,12,14,3,winter
12517,2024-08-17,Bhamini Rama,South,Chennai,Clothing,Women'S Wear,Women's Wear Inventore,5,17700,10,79650.0,8003.55,Cod,0.1,79650.0,0.0,0.10048399246704331,2024,8,17,5,Summer
12518,2025-09-15,Kartik Chandran,North,Delhi,Clothing,Women'S Wear,Women's Wear Optio,5,24842,20,99368.0,5209.63,Credit Card,0.2,99368.0,0.0,0.05242764270187586,2025,9,15,0,Fall
12519,2025-08-23,Miraya Edwin,South,Coimbatore,Books,Non-Fiction,Non-Fiction Soluta,3,63871,0,191613.0,18990.31,Cod,0.0,191613.0,0.0,0.09910762839682068,2025,8,23,5,Summer
12520,2024-07-06,Tushar Jain,West,Goa,Beauty,Face Cream,Face Cream Pariatur,2,79948,20,127916.8,20455.65,Upi,0.2,127916.8,0.0,0.15991370953619855,2024,7,6,5,Summer
12521,2024-07-31,Samiha Tata,South,Chennai,Books,Biography,Biography Nulla,4,19513,0,78052.0,9132.65,Credit Card,0.0,78052.0,0.0,0.1170072515758725,2024,7,31,2,Summer
12522,2024-07-15,Oorja Arora,West,Mumbai,Beauty,Perfume,Perfume Doloribus,3,70271,20,168650.4,34609.42,Debit Card,0.2,168650.40000000002,2.9103830456733704e-11,0.2052139811112218,2024,7,15,0,Summer
12523,2024-10-23,Riaan Rattan,West,Pune,Books,Comics,Comics Consequuntur,1,65966,10,59369.4,12497.38,Cod,0.1,59369.4,0.0,0.21050204314006876,2024,10,23,2,Fall
12524,2024-02-23,Mamooty Dube,East,Guwahati,Clothing,Men'S Wear,Men's Wear Non,2,9482,0,18964.0,3502.53,Net Banking,0.0,18964.0,0.0,0.18469363003585743,2024,2,23,4,winter
12525,2024-05-07,Mamooty Raman,South,Coimbatore,Sports,Tennis Racket,Tennis Racket Optio,3,46781,5,133325.85,18817.25,Cod,0.05,133325.85,0.0,0.14113729633075656,2024,5,7,1,Spring
12526,2024-08-07,Samiha Badami,South,Chennai,Home Decor,Lamp,Lamp Temporibus,4,67643,15,229986.2,25859.38,Cod,0.15,229986.19999999998,2.9103830456733704e-11,0.11243883328651894,2024,8,7,2,Summer
12527,2025-01-25,Mehul Kar,West,Surat,Kitchen,Cookware Set,Cookware Set Nemo,3,30496,20,73190.4,15284.15,Credit Card,0.2,73190.40000000001,1.4551915228366852e-11,0.20882725056838056,2025,1,25,5,winter
12528,2025-08-07,Miraya Tella,West,Surat,Kitchen,Juicer,Juicer Quos,3,37236,15,94951.8,6872.7,Net Banking,0.15,94951.8,0.0,0.07238093432667943,2025,8,7,3,Summer
12529,2024-05-30,Raghav Rege,South,Hyderabad,Groceries,Spices,Spices Hic,5,48255,15,205083.75,26311.68,Net Banking,0.15,205083.75,0.0,0.12829724441843882,2024,5,30,3,Spring
12530,2025-03-19,Fateh Madan,North,Jaipur,Groceries,Oil,Oil Perspiciatis,4,37889,10,136400.4,17050.92,Upi,0.1,136400.4,0.0,0.12500637828041558,2025,3,19,2,Spring
12531,2024-09-01,Samar Kaur,West,Pune,Home Decor,Lamp,Lamp Tempore,1,22373,20,17898.4,1548.95,Upi,0.2,17898.4,0.0,0.08654125508425334,2024,9,1,6,Fall
12532,2025-02-20,Amira Ghosh,West,Goa,Clothing,Accessories,Accessories Porro,2,23589,0,47178.0,10817.85,Credit Card,0.0,47178.0,0.0,0.22929861376065117,2025,2,20,3,winter
12533,2023-12-18,Hunar Chowdhury,North,Chandigarh,Toys,Doll,Doll Ab,4,16492,10,59371.2,6683.37,Credit Card,0.1,59371.200000000004,7.275957614183426e-12,0.1125692254830625,2023,12,18,0,winter
12534,2025-03-28,Manjari Kunda,West,Pune,Furniture,Sofa,Sofa Mollitia,2,20859,15,35460.3,2967.13,Debit Card,0.15,35460.299999999996,7.275957614183426e-12,0.0836747010036576,2025,3,28,4,Spring
12535,2025-02-04,Dishani Rajagopal,South,Hyderabad,Sports,Football,Football Commodi,1,32325,15,27476.25,2496.55,Net Banking,0.15,27476.25,0.0,0.09086210818434103,2025,2,4,1,winter
12536,2024-03-16,Fateh Edwin,West,Mumbai,Books,Non-Fiction,Non-Fiction Quas,3,60710,0,182130.0,35596.46,Credit Card,0.0,182130.0,0.0,0.19544534123977378,2024,3,16,5,Spring
12537,2023-10-08,Pihu Kar,East,Kolkata,Furniture,Table,Table Sequi,5,5443,20,21772.0,1774.64,Debit Card,0.2,21772.0,0.0,0.08151019658276686,2023,10,8,6,Fall
12538,2023-10-30,Heer Raman,West,Ahmedabad,Sports,Dumbbells,Dumbbells Est,3,73832,20,177196.8,21583.02,Net Banking,0.2,177196.80000000002,2.9103830456733704e-11,0.12180253819482069,2023,10,30,0,Fall
12539,2024-02-01,Ojas Viswanathan,North,Amritsar,Beauty,Face Cream,Face Cream Illum,2,42712,5,81152.8,12099.15,Credit Card,0.05,81152.8,0.0,0.14909097406374147,2024,2,1,3,winter
12540,2025-05-23,Armaan Aggarwal,South,Hyderabad,Groceries,Rice,Rice Voluptate,2,29140,10,52452.0,6048.48,Cod,0.1,52452.0,0.0,0.1153145733241821,2025,5,23,4,Spring
12541,2024-02-21,Taimur Doshi,East,Guwahati,Books,Comics,Comics Beatae,1,1223,0,1223.0,107.45,Cod,0.0,1223.0,0.0,0.08785772690106296,2024,2,21,2,winter
12542,2024-10-05,Myra Wason,North,Amritsar,Books,Textbook,Textbook Itaque,2,60367,15,102623.9,11001.93,Cod,0.15,102623.9,0.0,0.1072063135390489,2024,10,5,5,Fall
12543,2024-04-23,Krish Bhagat,South,Bangalore,Beauty,Lipstick,Lipstick Possimus,4,62361,15,212027.4,23039.07,Credit Card,0.15,212027.4,0.0,0.10866081459283093,2024,4,23,1,Spring
12544,2023-12-02,Uthkarsh Lalla,North,Jaipur,Books,Comics,Comics Non,1,7209,5,6848.55,1196.98,Debit Card,0.05,6848.549999999999,9.094947017729282e-13,0.1747786027699294,2023,12,2,5,winter
12545,2024-05-27,Trisha Sharaf,North,Jaipur,Electronics,Headphones,Headphones Repudiandae,3,3454,5,9843.9,2318.43,Cod,0.05,9843.9,0.0,0.23551945875110475,2024,5,27,0,Spring
12546,2023-10-12,Kartik Loyal,West,Goa,Sports,Cricket Bat,Cricket Bat Eos,2,37545,10,67581.0,3379.92,Cod,0.1,67581.0,0.0,0.050012873440759976,2023,10,12,3,Fall
12547,2025-02-01,Nitara Srinivas,South,Hyderabad,Furniture,Chair,Chair Aperiam,3,20538,10,55452.6,5846.19,Credit Card,0.1,55452.6,0.0,0.10542679694008937,2025,2,1,5,winter
12548,2025-10-01,Tara Jaggi,South,Hyderabad,Books,Textbook,Textbook Veniam,1,14796,0,14796.0,2263.34,Cod,0.0,14796.0,0.0,0.1529697215463639,2025,10,1,2,Fall
12549,2025-04-18,Dishani Lad,North,Chandigarh,Books,Fiction,Fiction Illum,5,24126,0,120630.0,11786.01,Upi,0.0,120630.0,0.0,0.09770380502362597,2025,4,18,4,Spring
12550,2024-11-08,Romil Bala,West,Goa,Sports,Football,Football Commodi,1,18676,0,18676.0,977.31,Debit Card,0.0,18676.0,0.0,0.05232972799314628,2024,11,8,4,Fall
12551,2025-09-15,Zeeshan Chad,South,Chennai,Kitchen,Mixer Grinder,Mixer Grinder Dolor,3,76579,10,206763.3,47496.77,Net Banking,0.1,206763.30000000002,2.9103830456733704e-11,0.2297156700439585,2025,9,15,0,Fall
12552,2024-02-11,Mamooty Dewan,South,Hyderabad,Home Decor,Wall Art,Wall Art Tempora,1,48500,15,41225.0,3090.96,Cod,0.15,41225.0,0.0,0.07497780473013949,2024,2,11,6,winter
12553,2024-01-23,Divyansh Sarraf,West,Mumbai,Electronics,Laptop,Laptop Consequatur,3,36436,15,92911.8,20965.0,Debit Card,0.15,92911.8,0.0,0.22564410548498684,2024,1,23,1,winter
12554,2023-11-24,Gokul Keer,West,Goa,Kitchen,Refrigerator,Refrigerator Veritatis,3,48917,10,132075.9,21008.52,Upi,0.1,132075.9,0.0,0.15906399274962352,2023,11,24,4,Fall
12555,2025-08-29,Heer Kumar,West,Ahmedabad,Clothing,Women'S Wear,Women's Wear Soluta,3,2420,15,6171.0,856.03,Upi,0.15,6171.0,0.0,0.13871819802301086,2025,8,29,4,Summer
12556,2025-04-14,Zara Swaminathan,North,Jaipur,Home Decor,Cushion,Cushion Praesentium,3,64543,15,164584.65,18249.62,Upi,0.15,164584.65,0.0,0.11088288002556738,2025,4,14,0,Spring
12557,2024-12-06,Nitara Kibe,West,Surat,Furniture,Table,Table In,1,4793,5,4553.35,660.33,Debit Card,0.05,4553.349999999999,9.094947017729282e-13,0.1450206990457575,2024,12,6,4,winter
12558,2024-08-30,Bhamini Chatterjee,North,Delhi,Furniture,Sofa,Sofa Ipsum,4,73765,15,250801.0,52016.65,Cod,0.15,250801.0,0.0,0.2074020837237491,2024,8,30,4,Summer
12559,2025-07-08,Kiara Kuruvilla,North,Chandigarh,Sports,Yoga Mat,Yoga Mat Eligendi,5,38112,0,190560.0,32518.37,Upi,0.0,190560.0,0.0,0.17064635810243492,2025,7,8,1,Summer
12560,2025-05-30,Saanvi Keer,West,Mumbai,Toys,Rc Car,RC Car Aliquam,1,67353,10,60617.7,6919.36,Upi,0.1,60617.700000000004,7.275957614183426e-12,0.11414751796917402,2025,5,30,4,Spring
12561,2023-10-20,Sana Vyas,North,Chandigarh,Home Decor,Wall Art,Wall Art Facilis,3,38820,0,116460.0,10292.25,Cod,0.0,116460.0,0.0,0.08837583719732096,2023,10,20,4,Fall
12562,2024-08-15,Saanvi Samra,South,Thiruvananthapuram,Books,Fiction,Fiction Aliquid,1,60871,15,51740.35,7952.62,Credit Card,0.15,51740.35,0.0,0.15370247785335817,2024,8,15,3,Summer
12563,2024-10-19,Siya Mammen,North,Jaipur,Electronics,Laptop,Laptop Libero,3,51519,0,154557.0,29198.8,Net Banking,0.0,154557.0,0.0,0.18891929838182678,2024,10,19,5,Fall
12564,2024-12-02,Raghav Kala,South,Thiruvananthapuram,Books,Textbook,Textbook Quam,5,15267,20,61068.0,10558.23,Net Banking,0.2,61068.0,0.0,0.17289300451955197,2024,12,2,0,winter
12565,2023-12-21,Keya Vohra,North,Delhi,Toys,Board Game,Board Game Beatae,4,47990,5,182362.0,18553.72,Upi,0.05,182362.0,0.0,0.10174115221372874,2023,12,21,3,winter
12566,2025-04-12,Indranil Chaudhary,East,Bhubaneswar,Home Decor,Cushion,Cushion Harum,3,14918,10,40278.6,3872.57,Net Banking,0.1,40278.6,0.0,0.09614460284121097,2025,4,12,5,Spring
12567,2025-04-13,Arnav Ranganathan,South,Hyderabad,Furniture,Sofa,Sofa Fugiat,2,39132,10,70437.6,11394.23,Debit Card,0.1,70437.6,0.0,0.161763461560303,2025,4,13,6,Spring
12568,2024-02-12,Rhea Lall,South,Bangalore,Clothing,Men'S Wear,Men's Wear Aperiam,4,39573,5,150377.4,22273.27,Credit Card,0.05,150377.4,0.0,0.14811580729551116,2024,2,12,0,winter
12569,2025-01-19,Jivin Baral,North,Amritsar,Home Decor,Clock,Clock Odit,2,29072,0,58144.0,13459.28,Debit Card,0.0,58144.0,0.0,0.23148183819482665,2025,1,19,6,winter
12570,2025-02-15,Nayantara Issac,North,Delhi,Kitchen,Mixer Grinder,Mixer Grinder Iusto,4,52378,5,199036.4,42664.44,Net Banking,0.05,199036.4,0.0,0.21435496220791778,2025,2,15,5,winter
12571,2024-04-19,Navya Thaker,West,Mumbai,Books,Fiction,Fiction Temporibus,3,51918,20,124603.2,9377.17,Cod,0.2,124603.20000000001,1.4551915228366852e-11,0.07525625345095471,2024,4,19,4,Spring
12572,2024-07-23,Lavanya Rajagopalan,West,Ahmedabad,Sports,Dumbbells,Dumbbells Expedita,3,78172,20,187612.8,19017.51,Net Banking,0.2,187612.80000000002,2.9103830456733704e-11,0.10136573837179552,2024,7,23,1,Summer
12573,2025-02-16,Piya Hans,West,Pune,Groceries,Rice,Rice Totam,3,68680,0,206040.0,17741.75,Cod,0.0,206040.0,0.0,0.08610827994564162,2025,2,16,6,winter
12574,2023-11-29,Nakul Raman,West,Surat,Sports,Football,Football Fugit,2,75516,20,120825.6,21724.94,Debit Card,0.2,120825.6,0.0,0.17980411435987073,2023,11,29,2,Fall
12575,2024-07-25,Ishita Kuruvilla,North,Chandigarh,Clothing,Accessories,Accessories Quaerat,2,38898,10,70016.4,12402.74,Upi,0.1,70016.40000000001,1.4551915228366852e-11,0.17714049851177724,2024,7,25,3,Summer
12576,2024-06-27,Purab Khalsa,North,Jaipur,Beauty,Face Cream,Face Cream Earum,2,15336,0,30672.0,2749.95,Credit Card,0.0,30672.0,0.0,0.08965669014084507,2024,6,27,3,Summer
12577,2025-06-18,Ela Kalita,South,Bangalore,Toys,Puzzle,Puzzle Ut,5,61719,20,246876.0,36877.13,Net Banking,0.2,246876.0,0.0,0.14937511139195384,2025,6,18,2,Summer
12578,2025-09-24,Hridaan Bera,South,Thiruvananthapuram,Clothing,Kids Wear,Kids Wear Sit,4,40541,20,129731.2,20950.45,Cod,0.2,129731.20000000001,1.4551915228366852e-11,0.16149122184948572,2025,9,24,2,Fall
12579,2024-10-12,Suhana Doshi,East,Kolkata,Groceries,Wheat,Wheat Repellendus,2,9193,20,14708.8,1707.41,Upi,0.2,14708.800000000001,1.8189894035458565e-12,0.11608084955944742,2024,10,12,5,Fall
12580,2023-10-24,Diya Sachar,South,Hyderabad,Electronics,Mobile,Mobile Odit,1,66153,0,66153.0,12470.86,Credit Card,0.0,66153.0,0.0,0.1885154112436322,2023,10,24,1,Fall
12581,2023-12-08,Taran Khare,West,Mumbai,Beauty,Lipstick,Lipstick Occaecati,4,20415,5,77577.0,9886.42,Net Banking,0.05,77577.0,0.0,0.12744009177978008,2023,12,8,4,winter
12582,2024-02-21,Kiara Vasa,East,Patna,Beauty,Perfume,Perfume Unde,4,59972,0,239888.0,26550.66,Cod,0.0,239888.0,0.0,0.11067940038684719,2024,2,21,2,winter
12583,2025-07-29,Manjari Chokshi,North,Chandigarh,Toys,Action Figure,Action Figure Doloremque,1,68857,10,61971.3,14880.57,Debit Card,0.1,61971.3,0.0,0.24012034603114665,2025,7,29,1,Summer
12584,2024-03-18,Ayesha Wable,West,Ahmedabad,Clothing,Women'S Wear,Women's Wear Tenetur,1,32572,0,32572.0,7121.48,Credit Card,0.0,32572.0,0.0,0.2186380940685251,2024,3,18,0,Spring
12585,2024-03-15,Rohan Walia,West,Pune,Clothing,Men'S Wear,Men's Wear Mollitia,2,2713,10,4883.4,996.47,Net Banking,0.1,4883.400000000001,9.094947017729282e-13,0.20405250440267028,2024,3,15,4,Spring
12586,2024-07-11,Adah Rajagopal,West,Goa,Home Decor,Wall Art,Wall Art Iusto,4,38541,20,123331.2,7235.78,Net Banking,0.2,123331.20000000001,1.4551915228366852e-11,0.058669501310292936,2024,7,11,3,Summer
12587,2025-06-11,Raghav Agarwal,East,Guwahati,Beauty,Lipstick,Lipstick Alias,4,74374,0,297496.0,46932.25,Credit Card,0.0,297496.0,0.0,0.1577575832952376,2025,6,11,2,Summer
12588,2023-11-29,Saira Dora,East,Bhubaneswar,Furniture,Bed,Bed Consectetur,4,65122,0,260488.0,20230.01,Net Banking,0.0,260488.0,0.0,0.07766196523448296,2023,11,29,2,Fall
12589,2024-04-25,Rohan Vala,West,Mumbai,Kitchen,Juicer,Juicer Omnis,4,42579,0,170316.0,11627.51,Upi,0.0,170316.0,0.0,0.0682702153643815,2024,4,25,3,Spring
12590,2024-02-06,Azad Khatri,North,Lucknow,Home Decor,Wall Art,Wall Art Numquam,4,71951,5,273413.8,57713.74,Debit Card,0.05,273413.8,0.0,0.211085687701206,2024,2,6,1,winter
12591,2024-01-07,Indranil Kar,West,Ahmedabad,Furniture,Table,Table Fuga,3,20142,15,51362.1,5224.61,Upi,0.15,51362.1,0.0,0.10172111342799457,2024,1,7,6,winter
12592,2025-08-26,Arhaan Sagar,West,Surat,Books,Non-Fiction,Non-Fiction Ad,3,64767,10,174870.9,40819.7,Debit Card,0.1,174870.9,0.0,0.23342763146984433,2025,8,26,1,Summer
12593,2024-04-07,Rhea Salvi,West,Mumbai,Toys,Board Game,Board Game Laboriosam,3,62731,0,188193.0,39605.27,Debit Card,0.0,188193.0,0.0,0.21045028242283187,2024,4,7,6,Spring
12594,2025-06-21,Alia Chaudhari,North,Chandigarh,Electronics,Mobile,Mobile Itaque,1,7482,20,5985.6,426.49,Debit Card,0.2,5985.6,0.0,0.07125267308206362,2025,6,21,5,Summer
12595,2025-05-29,Aarna Dugar,North,Chandigarh,Electronics,Headphones,Headphones Quae,5,47721,5,226674.75,21145.25,Debit Card,0.05,226674.75,0.0,0.09328454095570857,2025,5,29,3,Spring
12596,2025-06-18,Uthkarsh Kumer,West,Pune,Furniture,Sofa,Sofa Ut,2,59338,20,94940.8,21060.43,Upi,0.2,94940.8,0.0,0.22182697006976979,2025,6,18,2,Summer
12597,2025-07-17,Manjari Konda,East,Patna,Clothing,Women'S Wear,Women's Wear Reprehenderit,4,60334,0,241336.0,30326.49,Upi,0.0,241336.0,0.0,0.12566086286339379,2025,7,17,3,Summer
12598,2024-06-19,Arnav Deo,West,Pune,Beauty,Perfume,Perfume Dolor,5,19970,20,79880.0,6881.59,Credit Card,0.2,79880.0,0.0,0.08614909864797196,2024,6,19,2,Summer
12599,2024-01-19,Alisha Chakrabarti,South,Chennai,Books,Textbook,Textbook Optio,3,20911,15,53323.05,10867.33,Upi,0.15,53323.049999999996,7.275957614183426e-12,0.20380173302164822,2024,1,19,4,winter
12600,2025-04-10,Amani Andra,North,Delhi,Sports,Football,Football Repellendus,3,20274,0,60822.0,4831.06,Credit Card,0.0,60822.0,0.0,0.07942948275295124,2025,4,10,3,Spring
12601,2024-02-11,Sara Bath,East,Patna,Kitchen,Refrigerator,Refrigerator In,5,21728,20,86912.0,15928.27,Net Banking,0.2,86912.0,0.0,0.18326893869661268,2024,2,11,6,winter
12602,2024-06-04,Abram Bhalla,South,Coimbatore,Books,Biography,Biography Nesciunt,1,41237,15,35051.45,8215.55,Credit Card,0.15,35051.45,0.0,0.2343854533835262,2024,6,4,1,Summer
12603,2025-07-10,Aarush Acharya,North,Lucknow,Groceries,Oil,Oil Nam,1,78111,5,74205.45,8076.51,Debit Card,0.05,74205.45,0.0,0.10883984936416397,2025,7,10,3,Summer
12604,2024-08-29,Indranil Toor,North,Lucknow,Furniture,Sofa,Sofa Facere,4,21672,20,69350.4,16957.84,Credit Card,0.2,69350.40000000001,1.4551915228366852e-11,0.24452404023624957,2024,8,29,3,Summer
12605,2025-02-09,Kanav Talwar,South,Chennai,Sports,Cricket Bat,Cricket Bat Impedit,1,12702,20,10161.6,1589.45,Upi,0.2,10161.6,0.0,0.15641729648874192,2025,2,9,6,winter
12606,2025-01-21,Bhavin Krishnamurthy,West,Goa,Home Decor,Wall Art,Wall Art Voluptate,4,25020,15,85068.0,14812.07,Upi,0.15,85068.0,0.0,0.17412035077820096,2025,1,21,1,winter
12607,2024-07-26,Seher Dey,South,Hyderabad,Home Decor,Wall Art,Wall Art Numquam,1,65804,10,59223.6,11869.84,Upi,0.1,59223.6,0.0,0.2004241552354129,2024,7,26,4,Summer
12608,2025-02-25,Advik Bhatnagar,North,Lucknow,Electronics,Camera,Camera Blanditiis,4,57786,10,208029.6,42129.51,Credit Card,0.1,208029.6,0.0,0.2025169014409488,2025,2,25,1,winter
12609,2024-05-22,Neelofar Saraf,North,Chandigarh,Kitchen,Refrigerator,Refrigerator Consequuntur,5,34221,0,171105.0,42580.32,Credit Card,0.0,171105.0,0.0,0.24885491364951345,2024,5,22,2,Spring
12610,2024-04-12,Khushi Rajagopal,South,Chennai,Books,Non-Fiction,Non-Fiction In,5,71772,15,305031.0,42045.35,Debit Card,0.15,305031.0,0.0,0.13783959663116208,2024,4,12,4,Spring
12611,2024-09-16,Ivan Lata,West,Mumbai,Home Decor,Vase,Vase Provident,2,71205,15,121048.5,13122.19,Upi,0.15,121048.5,0.0,0.10840439988930058,2024,9,16,0,Fall
12612,2023-12-14,Jayesh Uppal,East,Guwahati,Home Decor,Clock,Clock Itaque,5,23305,0,116525.0,28533.39,Upi,0.0,116525.0,0.0,0.24486925552456554,2023,12,14,3,winter
12613,2025-03-27,Vivaan Balasubramanian,East,Bhubaneswar,Books,Non-Fiction,Non-Fiction A,1,74364,15,63209.4,4085.25,Credit Card,0.15,63209.4,0.0,0.06463041889339244,2025,3,27,3,Spring
12614,2025-01-03,Sara Bail,South,Coimbatore,Electronics,Headphones,Headphones Aliquam,1,65706,0,65706.0,14494.42,Upi,0.0,65706.0,0.0,0.2205950750311996,2025,1,3,4,winter
12615,2023-10-11,Kavya Rajan,West,Pune,Furniture,Sofa,Sofa Iure,5,70724,20,282896.0,34980.08,Cod,0.2,282896.0,0.0,0.12364996323737346,2023,10,11,2,Fall
12616,2024-05-07,Yuvaan Kade,South,Coimbatore,Groceries,Sugar,Sugar Nesciunt,3,2118,0,6354.0,1116.94,Cod,0.0,6354.0,0.0,0.17578533207428393,2024,5,7,1,Spring
12617,2025-06-25,Kismat Deol,West,Ahmedabad,Kitchen,Mixer Grinder,Mixer Grinder Dicta,1,7064,15,6004.4,884.52,Debit Card,0.15,6004.4,0.0,0.14731197122110454,2025,6,25,2,Summer
12618,2023-11-30,Ishaan Dewan,West,Goa,Toys,Board Game,Board Game Autem,3,15061,20,36146.4,5293.31,Upi,0.2,36146.4,0.0,0.14644086271385257,2023,11,30,3,Fall
12619,2024-04-10,Rati Tank,East,Guwahati,Kitchen,Microwave,Microwave Laborum,1,55880,15,47498.0,5045.01,Cod,0.15,47498.0,0.0,0.10621520906143417,2024,4,10,2,Spring
12620,2024-12-29,Myra Sehgal,West,Pune,Furniture,Cabinet,Cabinet Voluptatibus,5,15887,10,71491.5,4420.58,Credit Card,0.1,71491.5,0.0,0.06183364455914339,2024,12,29,6,winter
12621,2024-01-19,Sana Sule,North,Lucknow,Books,Biography,Biography Ipsa,3,804,15,2050.2,433.45,Upi,0.15,2050.2,0.0,0.21141839820505318,2024,1,19,4,winter
12622,2025-03-17,Zoya Hans,South,Bangalore,Kitchen,Juicer,Juicer Aperiam,5,3672,5,17442.0,3055.07,Net Banking,0.05,17442.0,0.0,0.17515594541910331,2025,3,17,0,Spring
12623,2023-12-26,Eva Rajan,West,Surat,Sports,Football,Football Optio,2,74827,0,149654.0,21057.2,Debit Card,0.0,149654.0,0.0,0.14070589493097413,2023,12,26,1,winter
12624,2023-11-03,Jhanvi Sinha,North,Amritsar,Kitchen,Microwave,Microwave Necessitatibus,1,12494,5,11869.3,1559.81,Cod,0.05,11869.3,0.0,0.13141550049286815,2023,11,3,4,Fall
12625,2025-05-23,Tara Konda,West,Mumbai,Beauty,Perfume,Perfume Expedita,1,31088,0,31088.0,2696.19,Upi,0.0,31088.0,0.0,0.0867276762738034,2025,5,23,4,Spring
12626,2024-09-11,Hunar Lalla,North,Jaipur,Furniture,Cabinet,Cabinet Natus,3,34154,5,97338.9,22647.53,Debit Card,0.05,97338.9,0.0,0.2326667961113183,2024,9,11,2,Fall
12627,2025-09-30,Lavanya Saxena,South,Chennai,Kitchen,Mixer Grinder,Mixer Grinder Commodi,4,18567,20,59414.4,6176.71,Net Banking,0.2,59414.4,0.0,0.10395981445575483,2025,9,30,1,Fall
12628,2025-08-21,Yuvraj  Lala,South,Bangalore,Kitchen,Mixer Grinder,Mixer Grinder Voluptate,2,53117,20,84987.2,12207.4,Debit Card,0.2,84987.20000000001,1.4551915228366852e-11,0.14363810079635522,2025,8,21,3,Summer
12629,2023-10-16,Anvi Joshi,South,Thiruvananthapuram,Furniture,Bed,Bed Ipsa,1,28153,10,25337.7,1913.13,Debit Card,0.1,25337.7,0.0,0.07550527474869463,2023,10,16,0,Fall
12630,2025-07-30,Yashvi Sarin,North,Lucknow,Sports,Dumbbells,Dumbbells Voluptate,2,29092,5,55274.8,9564.03,Upi,0.05,55274.799999999996,7.275957614183426e-12,0.1730269489894129,2025,7,30,2,Summer
12631,2023-12-11,Siya Chaudhari,East,Guwahati,Clothing,Women'S Wear,Women's Wear Explicabo,1,62171,0,62171.0,11086.04,Credit Card,0.0,62171.0,0.0,0.17831529169548505,2023,12,11,0,winter
12632,2025-05-28,Jivika Manne,West,Ahmedabad,Electronics,Smartwatch,Smartwatch Dolorum,5,59706,15,253750.5,33269.7,Net Banking,0.15,253750.5,0.0,0.1311118598781086,2025,5,28,2,Spring
12633,2024-09-10,Vanya Srinivasan,South,Chennai,Toys,Rc Car,RC Car Ex,2,23016,20,36825.6,5468.42,Debit Card,0.2,36825.6,0.0,0.14849506864789713,2024,9,10,1,Fall
12634,2025-08-21,Mishti Kata,West,Mumbai,Furniture,Bed,Bed Culpa,4,67815,10,244134.0,53624.1,Credit Card,0.1,244134.0,0.0,0.21965027402983606,2025,8,21,3,Summer
12635,2024-08-01,Reyansh Mall,East,Guwahati,Kitchen,Refrigerator,Refrigerator Ipsam,4,34660,0,138640.0,11817.03,Debit Card,0.0,138640.0,0.0,0.08523535776110791,2024,8,1,3,Summer
12636,2025-05-22,Prerak Butala,West,Goa,Toys,Board Game,Board Game Accusamus,2,51696,0,103392.0,24391.89,Credit Card,0.0,103392.0,0.0,0.23591660863509747,2025,5,22,3,Spring
12637,2025-07-15,Samiha Golla,North,Jaipur,Clothing,Men'S Wear,Men's Wear Soluta,2,49075,0,98150.0,13045.79,Credit Card,0.0,98150.0,0.0,0.13291686194600102,2025,7,15,1,Summer
12638,2025-07-19,Inaaya  Dhingra,South,Thiruvananthapuram,Beauty,Face Cream,Face Cream Id,5,20820,15,88485.0,8725.17,Debit Card,0.15,88485.0,0.0,0.09860620444143076,2025,7,19,5,Summer
12639,2024-02-14,Mohanlal Bhattacharyya,West,Goa,Clothing,Kids Wear,Kids Wear Reprehenderit,2,4157,5,7898.3,1119.21,Upi,0.05,7898.299999999999,9.094947017729282e-13,0.14170264487294734,2024,2,14,2,winter
12640,2024-02-14,Biju Dar,East,Guwahati,Furniture,Chair,Chair Omnis,1,48758,0,48758.0,9885.6,Net Banking,0.0,48758.0,0.0,0.20274826695106446,2024,2,14,2,winter
12641,2024-09-29,Taimur Arora,West,Goa,Toys,Rc Car,RC Car Occaecati,5,27084,5,128649.0,9852.58,Credit Card,0.05,128649.0,0.0,0.07658497151163243,2024,9,29,6,Fall
12642,2024-12-10,Shlok Kapadia,South,Bangalore,Groceries,Wheat,Wheat Laudantium,3,24691,20,59258.4,11759.08,Net Banking,0.2,59258.4,0.0,0.19843735234160895,2024,12,10,1,winter
12643,2025-06-27,Hiran Kapur,South,Thiruvananthapuram,Toys,Rc Car,RC Car Nulla,4,40534,20,129708.8,14787.32,Upi,0.2,129708.8,0.0,0.11400398430946859,2025,6,27,4,Summer
12644,2025-06-02,Ritvik Grewal,North,Lucknow,Home Decor,Vase,Vase Ducimus,3,48306,5,137672.1,23820.28,Credit Card,0.05,137672.1,0.0,0.17302183957388606,2025,6,2,0,Summer
12645,2025-07-13,Hansh Krish,North,Jaipur,Toys,Board Game,Board Game Harum,2,68216,0,136432.0,33682.96,Cod,0.0,136432.0,0.0,0.24688460185293773,2025,7,13,6,Summer
12646,2024-11-25,Samar Sathe,West,Ahmedabad,Books,Comics,Comics Nemo,5,63842,0,319210.0,71769.95,Cod,0.0,319210.0,0.0,0.22483615801509976,2024,11,25,0,Fall
12647,2024-11-14,Vivaan Tella,East,Guwahati,Books,Non-Fiction,Non-Fiction Totam,5,69145,10,311152.5,61304.08,Cod,0.1,311152.5,0.0,0.19702261752677547,2024,11,14,3,Fall
12648,2024-09-02,Devansh Hari,West,Surat,Clothing,Women'S Wear,Women's Wear Nemo,3,79471,15,202651.05,41796.68,Upi,0.15,202651.05,0.0,0.20624951116710227,2024,9,2,0,Fall
12649,2025-04-07,Amira Kara,East,Bhubaneswar,Toys,Puzzle,Puzzle Ipsa,5,79431,15,337581.75,66149.91,Net Banking,0.15,337581.75,0.0,0.1959522693392045,2025,4,7,0,Spring
12650,2023-10-22,Mohanlal Tiwari,East,Ranchi,Electronics,Camera,Camera Facere,1,64914,15,55176.9,10151.81,Credit Card,0.15,55176.9,0.0,0.18398659583992574,2023,10,22,6,Fall
12651,2023-10-05,Yasmin Sengupta,South,Hyderabad,Kitchen,Microwave,Microwave Dolore,3,55650,0,166950.0,27964.98,Credit Card,0.0,166950.0,0.0,0.16750512129380055,2023,10,5,3,Fall
12652,2025-08-23,Advik Chatterjee,West,Surat,Groceries,Sugar,Sugar Voluptas,4,24723,0,98892.0,12758.88,Upi,0.0,98892.0,0.0,0.12901832301905108,2025,8,23,5,Summer
12653,2024-07-17,Rati Dugar,West,Surat,Toys,Puzzle,Puzzle Illo,4,43534,20,139308.8,26316.06,Net Banking,0.2,139308.80000000002,2.9103830456733704e-11,0.1889045056737263,2024,7,17,2,Summer
12654,2024-12-11,Tejas Borra,West,Mumbai,Home Decor,Cushion,Cushion Repellendus,3,37510,20,90024.0,20715.05,Net Banking,0.2,90024.0,0.0,0.2301058606593797,2024,12,11,2,winter
12655,2024-09-11,Ivan Varughese,North,Amritsar,Beauty,Lipstick,Lipstick Eaque,2,66085,0,132170.0,18277.29,Net Banking,0.0,132170.0,0.0,0.13828622228947568,2024,9,11,2,Fall
12656,2024-04-02,Indranil Raj,North,Delhi,Sports,Dumbbells,Dumbbells Odio,3,6745,0,20235.0,1635.15,Cod,0.0,20235.0,0.0,0.08080800593031875,2024,4,2,1,Spring
12657,2024-09-21,Rhea Kurian,East,Guwahati,Sports,Dumbbells,Dumbbells Saepe,3,21263,20,51031.2,6478.46,Credit Card,0.2,51031.200000000004,7.275957614183426e-12,0.12695096333223596,2024,9,21,5,Fall
12658,2024-07-03,Nehmat Khare,North,Chandigarh,Home Decor,Cushion,Cushion At,4,31267,20,100054.4,17424.82,Cod,0.2,100054.40000000001,1.4551915228366852e-11,0.1741534605174785,2024,7,3,2,Summer
12659,2025-06-07,Parinaaz Dayal,North,Lucknow,Beauty,Face Cream,Face Cream Repudiandae,3,48494,0,145482.0,17219.03,Net Banking,0.0,145482.0,0.0,0.11835849108480774,2025,6,7,5,Summer
12660,2025-02-08,Damini Sarma,West,Surat,Home Decor,Clock,Clock Labore,1,28752,5,27314.4,6791.93,Debit Card,0.05,27314.399999999998,3.637978807091713e-12,0.24865748469671675,2025,2,8,5,winter
12661,2024-12-15,Hansh Kurian,South,Bangalore,Clothing,Accessories,Accessories Eligendi,5,7587,5,36038.25,2277.92,Debit Card,0.05,36038.25,0.0,0.06320839663413179,2024,12,15,6,winter
12662,2025-08-06,Bhavin Ratti,East,Patna,Sports,Dumbbells,Dumbbells Et,3,23691,0,71073.0,5631.97,Upi,0.0,71073.0,0.0,0.07924204690951557,2025,8,6,2,Summer
12663,2025-09-05,Hunar Dara,North,Jaipur,Clothing,Kids Wear,Kids Wear Odio,3,265,5,755.25,40.74,Cod,0.05,755.25,0.0,0.05394240317775571,2025,9,5,4,Fall
12664,2024-10-18,Rasha Sur,West,Goa,Kitchen,Cookware Set,Cookware Set Id,3,63282,5,180353.7,16601.59,Net Banking,0.05,180353.69999999998,2.9103830456733704e-11,0.09205017695783341,2024,10,18,4,Fall
12665,2025-07-20,Navya Kadakia,East,Ranchi,Kitchen,Cookware Set,Cookware Set Magni,1,23808,5,22617.6,1518.06,Credit Card,0.05,22617.6,0.0,0.06711852716468591,2025,7,20,6,Summer
12666,2024-11-18,Kismat Chand,North,Chandigarh,Home Decor,Clock,Clock Deserunt,5,29607,5,140633.25,34618.19,Net Banking,0.05,140633.25,0.0,0.24615935420677545,2024,11,18,0,Fall
12667,2024-04-30,Saksham Garg,South,Coimbatore,Clothing,Men'S Wear,Men's Wear Odit,1,57260,5,54397.0,8823.05,Net Banking,0.05,54397.0,0.0,0.16219736382521094,2024,4,30,1,Spring
12668,2024-12-18,Mahika Ganesh,North,Amritsar,Home Decor,Cushion,Cushion Laborum,4,73922,15,251334.8,25825.56,Credit Card,0.15,251334.8,0.0,0.10275361788339697,2024,12,18,2,winter
12669,2025-06-17,Kaira Mannan,North,Jaipur,Books,Fiction,Fiction Possimus,2,7949,5,15103.1,1095.15,Net Banking,0.05,15103.099999999999,1.8189894035458565e-12,0.07251160357807337,2025,6,17,1,Summer
12670,2023-10-04,Dhruv Chakrabarti,West,Surat,Groceries,Sugar,Sugar Non,1,61466,0,61466.0,11022.91,Cod,0.0,61466.0,0.0,0.17933345264048417,2023,10,4,2,Fall
12671,2024-07-11,Kiara Bahl,North,Lucknow,Kitchen,Refrigerator,Refrigerator Ducimus,5,49063,5,233049.25,14776.65,Cod,0.05,233049.25,0.0,0.06340569643541011,2024,7,11,3,Summer
12672,2025-01-23,Shanaya Kale,West,Goa,Beauty,Shampoo,Shampoo Voluptatibus,2,79540,15,135218.0,19337.93,Upi,0.15,135218.0,0.0,0.143012986436717,2025,1,23,3,winter
12673,2024-02-23,Jhanvi Rout,West,Surat,Kitchen,Cookware Set,Cookware Set Necessitatibus,3,51253,5,146071.05,13243.68,Net Banking,0.05,146071.05,0.0,0.09066601492903625,2024,2,23,4,winter
12674,2024-06-02,Mannat Sharma,East,Bhubaneswar,Groceries,Sugar,Sugar Quis,4,19605,5,74499.0,13964.94,Net Banking,0.05,74499.0,0.0,0.1874513751862441,2024,6,2,6,Summer
12675,2025-04-15,Lagan Kata,South,Thiruvananthapuram,Electronics,Headphones,Headphones Voluptates,1,24645,0,24645.0,3160.6,Net Banking,0.0,24645.0,0.0,0.12824508013795902,2025,4,15,1,Spring
12676,2023-10-18,Madhav Guha,North,Amritsar,Books,Fiction,Fiction Itaque,3,5517,0,16551.0,1712.4,Credit Card,0.0,16551.0,0.0,0.10346202646365779,2023,10,18,2,Fall
12677,2023-11-25,Anay Sandal,North,Chandigarh,Clothing,Shoes,Shoes Ducimus,5,31313,10,140908.5,14301.31,Cod,0.1,140908.5,0.0,0.10149359336023021,2023,11,25,5,Fall
12678,2025-02-19,Hazel Yogi,East,Guwahati,Electronics,Camera,Camera Eligendi,2,2017,5,3832.3,425.59,Upi,0.05,3832.2999999999997,4.547473508864641e-13,0.11105341439866398,2025,2,19,2,winter
12679,2025-07-09,Samar Chadha,East,Bhubaneswar,Home Decor,Wall Art,Wall Art Facere,2,18855,5,35824.5,6705.89,Credit Card,0.05,35824.5,0.0,0.18718726011528425,2025,7,9,2,Summer
12680,2025-04-14,Dhanush Cheema,South,Hyderabad,Sports,Yoga Mat,Yoga Mat Culpa,4,42304,0,169216.0,30002.4,Net Banking,0.0,169216.0,0.0,0.17730238275340393,2025,4,14,0,Spring
12681,2025-06-09,Alisha Sekhon,South,Hyderabad,Beauty,Shampoo,Shampoo Voluptatem,1,17050,10,15345.0,3206.58,Credit Card,0.1,15345.0,0.0,0.20896578690127077,2025,6,9,0,Summer
12682,2024-03-08,Ritvik Sandhu,North,Delhi,Home Decor,Vase,Vase In,2,51223,5,97323.7,20200.91,Net Banking,0.05,97323.7,0.0,0.20756413905348853,2024,3,8,4,Spring
12683,2025-08-27,Chirag Sachdev,East,Bhubaneswar,Beauty,Face Cream,Face Cream Rem,4,69322,15,235694.8,37328.96,Upi,0.15,235694.8,0.0,0.15837837746102162,2025,8,27,2,Summer
12684,2025-05-15,Aarush Chaudhry,West,Goa,Kitchen,Microwave,Microwave Distinctio,3,23159,0,69477.0,11470.59,Cod,0.0,69477.0,0.0,0.1650990975430718,2025,5,15,3,Spring
12685,2025-02-20,Khushi Shah,West,Pune,Books,Fiction,Fiction Est,4,62268,20,199257.6,13101.97,Upi,0.2,199257.6,0.0,0.06575392858289972,2025,2,20,3,winter
12686,2024-11-19,Amira Jain,North,Lucknow,Clothing,Women'S Wear,Women's Wear Minima,3,17544,15,44737.2,9603.14,Debit Card,0.15,44737.2,0.0,0.21465670627576156,2024,11,19,1,Fall
12687,2024-06-27,Renee Sabharwal,North,Delhi,Home Decor,Cushion,Cushion Qui,2,30247,10,54444.6,5481.82,Upi,0.1,54444.6,0.0,0.10068620212105517,2024,6,27,3,Summer
12688,2025-03-12,Bhavin Krishnan,North,Jaipur,Electronics,Camera,Camera Ea,5,25841,20,103364.0,12412.99,Net Banking,0.2,103364.0,0.0,0.12009007004372896,2025,3,12,2,Spring
12689,2025-03-09,Mamooty Dass,South,Bangalore,Kitchen,Refrigerator,Refrigerator Molestias,1,50830,20,40664.0,6427.61,Upi,0.2,40664.0,0.0,0.1580663486130238,2025,3,9,6,Spring
12690,2024-11-07,Priyansh Raman,East,Ranchi,Toys,Board Game,Board Game Veniam,2,33310,0,66620.0,4069.39,Cod,0.0,66620.0,0.0,0.061083608525968176,2024,11,7,3,Fall
12691,2025-02-12,Sara Gola,South,Bangalore,Home Decor,Clock,Clock Ab,4,48882,20,156422.4,37893.36,Credit Card,0.2,156422.4,0.0,0.24225021480299497,2025,2,12,2,winter
12692,2025-06-04,Adira Handa,West,Surat,Beauty,Lipstick,Lipstick Assumenda,4,18641,0,74564.0,14655.51,Credit Card,0.0,74564.0,0.0,0.19654940722064268,2025,6,4,2,Summer
12693,2024-03-03,Raghav D鈥橝Lia,West,Mumbai,Electronics,Headphones,Headphones Dolorum,3,19812,0,59436.0,13689.65,Credit Card,0.0,59436.0,0.0,0.23032589676290463,2024,3,3,6,Spring
12694,2025-08-12,Eva Tata,West,Surat,Beauty,Perfume,Perfume Nobis,3,13920,5,39672.0,8920.68,Cod,0.05,39672.0,0.0,0.22486085904416214,2025,8,12,1,Summer
12695,2025-04-05,Ishaan Tara,North,Amritsar,Kitchen,Cookware Set,Cookware Set Accusamus,2,35679,10,64222.2,11768.21,Cod,0.1,64222.200000000004,7.275957614183426e-12,0.18324208762701993,2025,4,5,5,Spring
12696,2024-07-18,Aarav Gupta,South,Hyderabad,Books,Biography,Biography Provident,3,50707,20,121696.8,16451.03,Net Banking,0.2,121696.8,0.0,0.13518046489307853,2024,7,18,3,Summer
12697,2023-10-11,Vardaniya Dixit,West,Ahmedabad,Toys,Rc Car,RC Car Labore,1,54323,5,51606.85,8692.8,Net Banking,0.05,51606.85,0.0,0.16844275517688057,2023,10,11,2,Fall
12698,2025-04-09,Rohan Sama,East,Ranchi,Toys,Action Figure,Action Figure Ipsam,4,47447,0,189788.0,37270.25,Credit Card,0.0,189788.0,0.0,0.19637832739688493,2025,4,9,2,Spring
12699,2024-06-02,Taimur Bala,West,Surat,Kitchen,Microwave,Microwave Quasi,4,8289,0,33156.0,6814.28,Net Banking,0.0,33156.0,0.0,0.20552177584750875,2024,6,2,6,Summer
12700,2025-07-05,Bhavin Gulati,South,Coimbatore,Home Decor,Vase,Vase Maxime,1,75084,15,63821.4,9266.54,Net Banking,0.15,63821.4,0.0,0.1451948719395062,2025,7,5,5,Summer
12701,2025-10-02,Jayan Handa,North,Chandigarh,Beauty,Shampoo,Shampoo Enim,5,63288,10,284796.0,34565.09,Cod,0.1,284796.0,0.0,0.12136789140296914,2025,10,2,3,Fall
12702,2024-10-05,Aniruddh Seshadri,West,Goa,Home Decor,Wall Art,Wall Art Voluptatum,3,276,0,828.0,88.45,Upi,0.0,828.0,0.0,0.10682367149758454,2024,10,5,5,Fall
12703,2025-07-21,Shayak Dora,West,Ahmedabad,Sports,Dumbbells,Dumbbells Excepturi,1,68071,10,61263.9,9417.67,Upi,0.1,61263.9,0.0,0.15372299184348368,2025,7,21,0,Summer
12704,2024-11-20,Tanya Thakur,West,Ahmedabad,Books,Comics,Comics Dolorum,1,77473,0,77473.0,17602.81,Net Banking,0.0,77473.0,0.0,0.22721219005330892,2024,11,20,2,Fall
12705,2025-06-06,Jayan Boase,East,Patna,Clothing,Shoes,Shoes Consequuntur,2,12854,15,21851.8,5341.2,Net Banking,0.15,21851.8,0.0,0.2444283766097072,2025,6,6,4,Summer
12706,2025-04-01,Indranil Master,North,Chandigarh,Groceries,Rice,Rice Illum,4,69648,15,236803.2,30264.37,Net Banking,0.15,236803.19999999998,2.9103830456733704e-11,0.12780388947446655,2025,4,1,1,Spring
12707,2024-10-17,Kashvi Sunder,South,Hyderabad,Groceries,Wheat,Wheat Quibusdam,3,69750,15,177862.5,38521.83,Upi,0.15,177862.5,0.0,0.21658207885304662,2024,10,17,3,Fall
12708,2024-08-15,Adira Gokhale,West,Pune,Books,Biography,Biography Ullam,3,18329,5,52237.65,3191.91,Debit Card,0.05,52237.649999999994,7.275957614183426e-12,0.06110362927888218,2024,8,15,3,Summer
12709,2025-03-05,Renee Luthra,North,Lucknow,Electronics,Headphones,Headphones Suscipit,3,69777,20,167464.8,27314.23,Net Banking,0.2,167464.80000000002,2.9103830456733704e-11,0.16310430609895335,2025,3,5,2,Spring
12710,2023-12-24,Manjari Kar,North,Jaipur,Kitchen,Microwave,Microwave Vel,3,10522,15,26831.1,2162.51,Debit Card,0.15,26831.1,0.0,0.08059714286779149,2023,12,24,6,winter
12711,2025-05-14,Eshani Venkatesh,South,Coimbatore,Sports,Football,Football Architecto,1,40345,5,38327.75,7592.64,Upi,0.05,38327.75,0.0,0.19809772292920927,2025,5,14,2,Spring
12712,2025-08-04,Anahi Rajagopalan,East,Patna,Clothing,Women'S Wear,Women's Wear Voluptatibus,2,63444,20,101510.4,16629.78,Upi,0.2,101510.40000000001,1.4551915228366852e-11,0.16382341119727634,2025,8,4,0,Summer
12713,2025-02-07,Raghav Aurora,East,Ranchi,Home Decor,Wall Art,Wall Art Quasi,2,14699,20,23518.4,3438.62,Upi,0.2,23518.4,0.0,0.14620977617525,2025,2,7,4,winter
12714,2024-02-03,Seher Sami,East,Guwahati,Beauty,Foundation,Foundation Doloribus,3,24431,20,58634.4,9573.53,Net Banking,0.2,58634.4,0.0,0.1632749716889744,2024,2,3,5,winter
12715,2025-05-31,Divij Varma,North,Chandigarh,Kitchen,Juicer,Juicer Enim,3,35710,10,96417.0,5780.97,Net Banking,0.1,96417.0,0.0,0.05995799495939513,2025,5,31,5,Spring
12716,2024-01-01,Sana Trivedi,North,Delhi,Toys,Action Figure,Action Figure Libero,5,16003,0,80015.0,5568.38,Debit Card,0.0,80015.0,0.0,0.06959170155595826,2024,1,1,0,winter
12717,2024-03-29,Biju Chandra,North,Chandigarh,Beauty,Foundation,Foundation Ipsa,1,78539,20,62831.2,8239.7,Net Banking,0.2,62831.200000000004,7.275957614183426e-12,0.1311402615261208,2024,3,29,4,Spring
12718,2024-02-02,Miraan Chacko,South,Hyderabad,Furniture,Cabinet,Cabinet Expedita,1,62862,15,53432.7,8114.7,Debit Card,0.15,53432.7,0.0,0.15186767653515545,2024,2,2,4,winter
12719,2025-06-16,Taimur Raju,South,Hyderabad,Sports,Dumbbells,Dumbbells Doloremque,5,51737,10,232816.5,22648.72,Net Banking,0.1,232816.5,0.0,0.09728142120511218,2025,6,16,0,Summer
12720,2025-05-26,Veer Bhardwaj,North,Chandigarh,Beauty,Foundation,Foundation Nobis,5,18638,5,88530.5,6937.95,Net Banking,0.05,88530.5,0.0,0.07836790710546082,2025,5,26,0,Spring
12721,2024-09-20,Lavanya Gara,East,Ranchi,Kitchen,Juicer,Juicer Possimus,2,56755,0,113510.0,11257.98,Debit Card,0.0,113510.0,0.0,0.09918051273015593,2024,9,20,4,Fall
12722,2025-06-05,Tushar Bahri,East,Kolkata,Home Decor,Wall Art,Wall Art Doloremque,1,72239,10,65015.1,9384.28,Net Banking,0.1,65015.1,0.0,0.1443400071675657,2025,6,5,3,Summer
12723,2023-11-08,Dharmajan Solanki,South,Hyderabad,Toys,Board Game,Board Game Nulla,4,41881,0,167524.0,24231.61,Net Banking,0.0,167524.0,0.0,0.14464560301807503,2023,11,8,2,Fall
12724,2025-04-19,Ehsaan Rout,South,Coimbatore,Home Decor,Clock,Clock Natus,1,16548,15,14065.8,2099.9,Cod,0.15,14065.8,0.0,0.14929118855664095,2025,4,19,5,Spring
12725,2024-11-19,Nishith Sandal,West,Ahmedabad,Beauty,Face Cream,Face Cream Nihil,3,57634,0,172902.0,38978.19,Cod,0.0,172902.0,0.0,0.22543515980150608,2024,11,19,1,Fall
12726,2024-07-31,Biju Shanker,West,Surat,Sports,Tennis Racket,Tennis Racket Earum,4,18054,5,68605.2,15558.14,Cod,0.05,68605.2,0.0,0.22677785357378158,2024,7,31,2,Summer
12727,2025-05-10,Manjari Gill,North,Lucknow,Toys,Rc Car,RC Car Quia,4,77768,0,311072.0,54804.85,Upi,0.0,311072.0,0.0,0.17618059484620924,2025,5,10,5,Spring
12728,2024-12-01,Shaan Doshi,South,Bangalore,Clothing,Men'S Wear,Men's Wear Modi,3,50722,5,144557.7,20520.32,Net Banking,0.05,144557.69999999998,2.9103830456733704e-11,0.14195245220420633,2024,12,1,6,winter
12729,2024-08-06,Divyansh Bajwa,South,Chennai,Sports,Football,Football Exercitationem,1,19789,20,15831.2,3397.26,Credit Card,0.2,15831.2,0.0,0.21459270301682754,2024,8,6,1,Summer
12730,2024-02-11,Tanya Krishna,West,Surat,Furniture,Chair,Chair Alias,5,41400,15,175950.0,20819.42,Upi,0.15,175950.0,0.0,0.11832577436771809,2024,2,11,6,winter
12731,2025-03-09,Saksham Borde,North,Chandigarh,Groceries,Rice,Rice Cum,1,14957,10,13461.3,911.03,Debit Card,0.1,13461.300000000001,1.8189894035458565e-12,0.06767771314806148,2025,3,9,6,Spring
12732,2024-08-10,Alia Gour,South,Coimbatore,Sports,Dumbbells,Dumbbells Debitis,2,38851,10,69931.8,12489.91,Upi,0.1,69931.8,0.0,0.17860129440397643,2024,8,10,5,Summer
12733,2024-08-19,Gatik Sodhi,South,Thiruvananthapuram,Kitchen,Mixer Grinder,Mixer Grinder Ut,5,901,10,4054.5,598.77,Upi,0.1,4054.5,0.0,0.14768035516093228,2024,8,19,0,Summer
12734,2025-08-06,Jayan Bhargava,West,Goa,Furniture,Cabinet,Cabinet Hic,4,59328,10,213580.8,45762.29,Debit Card,0.1,213580.80000000002,2.9103830456733704e-11,0.2142621902343282,2025,8,6,2,Summer
12735,2024-05-16,Alisha Bhagat,South,Hyderabad,Sports,Yoga Mat,Yoga Mat Dignissimos,3,69998,5,199494.3,20730.07,Credit Card,0.05,199494.3,0.0,0.10391309425883347,2024,5,16,3,Spring
12736,2024-01-20,Samiha Hegde,East,Guwahati,Home Decor,Clock,Clock Voluptatem,4,45677,5,173572.6,15988.9,Upi,0.05,173572.6,0.0,0.0921164976499747,2024,1,20,5,winter
12737,2024-07-05,Kashvi Khatri,West,Ahmedabad,Home Decor,Wall Art,Wall Art Officia,1,19901,5,18905.95,3976.94,Upi,0.05,18905.95,0.0,0.21035388330128874,2024,7,5,4,Summer
12738,2024-02-14,Ivana Tripathi,North,Delhi,Toys,Puzzle,Puzzle Asperiores,1,64058,15,54449.3,5391.39,Credit Card,0.15,54449.299999999996,7.275957614183426e-12,0.0990166999392095,2024,2,14,2,winter
12739,2024-08-17,Rhea Shankar,East,Bhubaneswar,Kitchen,Microwave,Microwave Sint,3,41908,10,113151.6,9104.49,Credit Card,0.1,113151.6,0.0,0.08046275969584168,2024,8,17,5,Summer
12740,2024-03-24,Dhanush Toor,South,Chennai,Beauty,Shampoo,Shampoo Eaque,2,63017,20,100827.2,16163.17,Net Banking,0.2,100827.20000000001,1.4551915228366852e-11,0.16030565164955488,2024,3,24,6,Spring
12741,2024-07-11,Kaira Ratta,North,Jaipur,Furniture,Cabinet,Cabinet Aliquam,5,75540,20,302160.0,19963.71,Credit Card,0.2,302160.0,0.0,0.06606999602859412,2024,7,11,3,Summer
12742,2025-03-02,Miraya Toor,West,Ahmedabad,Beauty,Shampoo,Shampoo Nisi,3,58172,5,165790.2,35707.25,Upi,0.05,165790.19999999998,2.9103830456733704e-11,0.21537611993953804,2025,3,2,6,Spring
12743,2024-01-24,Vedika Jain,North,Jaipur,Sports,Football,Football Ea,5,4458,5,21175.5,3963.23,Credit Card,0.05,21175.5,0.0,0.18716110599513588,2024,1,24,2,winter
12744,2024-10-05,Anahi Chandran,East,Bhubaneswar,Furniture,Bed,Bed Voluptatem,1,56736,15,48225.6,7602.01,Debit Card,0.15,48225.6,0.0,0.15763432699645002,2024,10,5,5,Fall
12745,2025-01-05,Jhanvi Date,South,Coimbatore,Clothing,Kids Wear,Kids Wear Natus,2,10869,5,20651.1,4118.7,Debit Card,0.05,20651.1,0.0,0.19944216046602845,2025,1,5,6,winter
12746,2025-06-27,Oorja Kanda,North,Lucknow,Sports,Football,Football Sequi,1,79379,10,71441.1,6861.7,Credit Card,0.1,71441.1,0.0,0.09604695336437988,2025,6,27,4,Summer
12747,2023-12-27,Navya Ramaswamy,South,Thiruvananthapuram,Electronics,Camera,Camera Officiis,3,17893,0,53679.0,9265.29,Credit Card,0.0,53679.0,0.0,0.17260548817973512,2023,12,27,2,winter
12748,2024-06-13,Lakshay Bhatt,South,Bangalore,Sports,Tennis Racket,Tennis Racket Sapiente,2,35394,10,63709.2,3898.41,Cod,0.1,63709.200000000004,7.275957614183426e-12,0.061190691454295454,2024,6,13,3,Summer
12749,2025-06-30,Zara Acharya,South,Chennai,Electronics,Laptop,Laptop Cumque,3,42734,10,115381.8,22044.0,Net Banking,0.1,115381.8,0.0,0.1910526616849451,2025,6,30,0,Summer
12750,2023-11-23,Jivika Yadav,East,Kolkata,Sports,Cricket Bat,Cricket Bat Alias,4,7512,10,27043.2,5996.3,Cod,0.1,27043.2,0.0,0.2217304165187552,2023,11,23,3,Fall
12751,2024-03-29,Kashvi Tata,South,Chennai,Home Decor,Lamp,Lamp Unde,5,12482,15,53048.5,10930.92,Net Banking,0.15,53048.5,0.0,0.20605521362526744,2024,3,29,4,Spring
12752,2024-07-29,Bhamini Mann,East,Patna,Toys,Puzzle,Puzzle Iusto,3,66178,15,168753.9,39204.5,Net Banking,0.15,168753.9,0.0,0.23231759384523853,2024,7,29,0,Summer
12753,2024-12-11,Siya Dutta,North,Amritsar,Books,Comics,Comics Laborum,4,28656,15,97430.4,5988.62,Net Banking,0.15,97430.4,0.0,0.0614656205865931,2024,12,11,2,winter
12754,2024-03-12,Nirvi Dube,West,Mumbai,Sports,Cricket Bat,Cricket Bat Sed,2,78641,15,133689.7,14603.2,Cod,0.15,133689.69999999998,2.9103830456733704e-11,0.10923205003826024,2024,3,12,1,Spring
12755,2024-08-26,Jivin Sood,North,Amritsar,Toys,Action Figure,Action Figure Repudiandae,5,5578,0,27890.0,1860.7,Cod,0.0,27890.0,0.0,0.06671566869845823,2024,8,26,0,Summer
12756,2024-04-22,Himmat Kashyap,South,Chennai,Clothing,Kids Wear,Kids Wear Sint,3,34869,20,83685.6,12244.9,Credit Card,0.2,83685.6,0.0,0.14632027493379982,2024,4,22,0,Spring
12757,2025-04-20,Shray Sinha,West,Ahmedabad,Toys,Board Game,Board Game Quaerat,2,76698,5,145726.2,20448.21,Upi,0.05,145726.19999999998,2.9103830456733704e-11,0.1403193797683601,2025,4,20,6,Spring
12758,2024-07-22,Samaira Suri,South,Coimbatore,Beauty,Shampoo,Shampoo Illo,4,28797,15,97909.8,16843.38,Credit Card,0.15,97909.8,0.0,0.1720295619028943,2024,7,22,0,Summer
12759,2024-04-24,Lagan Sridhar,North,Chandigarh,Kitchen,Refrigerator,Refrigerator Quasi,1,33692,5,32007.4,5869.21,Credit Card,0.05,32007.399999999998,3.637978807091713e-12,0.18337040809312846,2024,4,24,2,Spring
12760,2024-06-15,Priyansh Mander,West,Mumbai,Home Decor,Clock,Clock Placeat,1,13549,20,10839.2,677.38,Debit Card,0.2,10839.2,0.0,0.062493541958816144,2024,6,15,5,Summer
12761,2024-02-23,Nitya Soman,East,Bhubaneswar,Furniture,Table,Table Similique,3,15658,15,39927.9,3738.65,Debit Card,0.15,39927.9,0.0,0.09363502713641339,2024,2,23,4,winter
12762,2025-05-22,Fateh Cheema,East,Ranchi,Toys,Action Figure,Action Figure Magni,4,69498,10,250192.8,57427.33,Net Banking,0.1,250192.80000000002,2.9103830456733704e-11,0.2295323046866257,2025,5,22,3,Spring
12763,2024-01-29,Urvi Dayal,East,Bhubaneswar,Home Decor,Lamp,Lamp Doloremque,4,28885,20,92432.0,6688.35,Upi,0.2,92432.0,0.0,0.07235968063008483,2024,1,29,0,winter
12764,2024-02-01,Arnav Bava,North,Jaipur,Books,Textbook,Textbook Quae,1,52476,5,49852.2,3203.67,Cod,0.05,49852.2,0.0,0.06426336249954867,2024,2,1,3,winter
12765,2024-09-29,Prisha Ganesh,West,Ahmedabad,Electronics,Smartwatch,Smartwatch Accusantium,3,34517,20,82840.8,20691.97,Upi,0.2,82840.8,0.0,0.24977993935355525,2024,9,29,6,Fall
12766,2024-11-27,Vedika Thakur,East,Bhubaneswar,Groceries,Sugar,Sugar Quae,3,63667,10,171900.9,40093.57,Net Banking,0.1,171900.9,0.0,0.23323653337475256,2024,11,27,2,Fall
12767,2023-12-20,Divyansh Thaman,South,Coimbatore,Sports,Tennis Racket,Tennis Racket Sed,1,42848,15,36420.8,6430.25,Net Banking,0.15,36420.799999999996,7.275957614183426e-12,0.17655433159073936,2023,12,20,2,winter
12768,2024-10-29,Taran Rajagopalan,West,Pune,Beauty,Foundation,Foundation Ratione,3,43225,10,116707.5,19903.93,Cod,0.1,116707.5,0.0,0.17054542338752865,2024,10,29,1,Fall
12769,2025-07-26,Faiyaz Sawhney,East,Bhubaneswar,Furniture,Bed,Bed Ad,1,2293,5,2178.35,315.45,Debit Card,0.05,2178.35,0.0,0.14481143985126357,2025,7,26,5,Summer
12770,2023-11-16,Rati Raval,East,Patna,Electronics,Smartwatch,Smartwatch Quisquam,3,63870,5,182029.5,21659.88,Upi,0.05,182029.5,0.0,0.11899104266066765,2023,11,16,3,Fall
12771,2024-06-19,Mannat Vaidya,South,Hyderabad,Home Decor,Lamp,Lamp Harum,4,59205,15,201297.0,49495.15,Debit Card,0.15,201297.0,0.0,0.2458812103508746,2024,6,19,2,Summer
12772,2023-12-30,Pihu Char,East,Bhubaneswar,Groceries,Sugar,Sugar Qui,5,75327,10,338971.5,22101.23,Credit Card,0.1,338971.5,0.0,0.0652008502189712,2023,12,30,5,winter
12773,2025-01-28,Yuvraj  Lad,East,Ranchi,Groceries,Oil,Oil Deserunt,4,30064,15,102217.6,12232.26,Cod,0.15,102217.59999999999,1.4551915228366852e-11,0.11966882415552703,2025,1,28,1,winter
12774,2024-10-16,Shaan Dhar,South,Hyderabad,Beauty,Perfume,Perfume Sint,2,28137,0,56274.0,4871.14,Debit Card,0.0,56274.0,0.0,0.08656111170345097,2024,10,16,2,Fall
12775,2023-11-13,Azad Raj,West,Mumbai,Books,Non-Fiction,Non-Fiction Impedit,3,6900,10,18630.0,1718.23,Cod,0.1,18630.0,0.0,0.09222920021470746,2023,11,13,0,Fall
12776,2025-09-17,Zoya Gole,West,Mumbai,Kitchen,Refrigerator,Refrigerator Ipsum,3,67774,20,162657.6,14133.89,Net Banking,0.2,162657.6,0.0,0.08689351127767776,2025,9,17,2,Fall
12777,2024-03-13,Hiran Agrawal,East,Ranchi,Electronics,Headphones,Headphones Quo,1,34271,15,29130.35,5464.92,Credit Card,0.15,29130.35,0.0,0.1876022773499117,2024,3,13,2,Spring
12778,2025-07-19,Gatik Viswanathan,East,Patna,Home Decor,Cushion,Cushion Dicta,1,26851,5,25508.45,6049.36,Debit Card,0.05,25508.449999999997,3.637978807091713e-12,0.23715121851778526,2025,7,19,5,Summer
12779,2024-08-22,Hrishita Reddy,North,Lucknow,Books,Textbook,Textbook Illo,4,46408,20,148505.6,11976.6,Upi,0.2,148505.6,0.0,0.08064746379934494,2024,8,22,3,Summer
12780,2025-03-09,Ivana Shere,West,Pune,Sports,Dumbbells,Dumbbells Nam,2,36552,10,65793.6,9508.9,Cod,0.1,65793.6,0.0,0.14452621531577536,2025,3,9,6,Spring
12781,2024-03-10,Eshani Thaman,East,Ranchi,Clothing,Shoes,Shoes Ipsam,1,54053,20,43242.4,6551.31,Net Banking,0.2,43242.4,0.0,0.15150199803896178,2024,3,10,6,Spring
12782,2024-01-11,Mishti Bala,East,Patna,Kitchen,Microwave,Microwave Provident,5,67303,10,302863.5,39925.81,Upi,0.1,302863.5,0.0,0.1318277375781499,2024,1,11,3,winter
12783,2024-03-28,Zeeshan Dhar,East,Guwahati,Clothing,Kids Wear,Kids Wear Nostrum,3,63091,15,160882.05,16815.9,Net Banking,0.15,160882.05,0.0,0.10452315842569139,2024,3,28,3,Spring
12784,2024-11-03,Vaibhav Manda,East,Guwahati,Kitchen,Microwave,Microwave Provident,5,3928,5,18658.0,1585.91,Cod,0.05,18658.0,0.0,0.08499892807374854,2024,11,3,6,Fall
12785,2024-10-26,Mannat Bhavsar,West,Surat,Electronics,Headphones,Headphones Veritatis,3,52436,10,141577.2,16774.17,Net Banking,0.1,141577.2,0.0,0.11848072994804246,2024,10,26,5,Fall
12786,2025-02-27,Renee Behl,South,Bangalore,Furniture,Bed,Bed Ipsa,1,6107,15,5190.95,503.29,Upi,0.15,5190.95,0.0,0.09695527793563799,2025,2,27,3,winter
12787,2025-07-23,Aarush Batra,East,Patna,Furniture,Table,Table Error,2,23314,20,37302.4,6239.05,Credit Card,0.2,37302.4,0.0,0.16725599425238055,2025,7,23,2,Summer
12788,2024-07-08,Mamooty Dara,South,Hyderabad,Furniture,Table,Table Iure,3,21953,10,59273.1,14613.39,Debit Card,0.1,59273.1,0.0,0.24654337296345222,2024,7,8,0,Summer
12789,2024-09-01,Vidur Sanghvi,West,Pune,Beauty,Lipstick,Lipstick Voluptatem,3,67173,20,161215.2,31723.28,Upi,0.2,161215.2,0.0,0.19677598638341792,2024,9,1,6,Fall
12790,2025-05-07,Kartik Gokhale,South,Coimbatore,Electronics,Mobile,Mobile Rem,1,51290,10,46161.0,4933.65,Cod,0.1,46161.0,0.0,0.10687918372652239,2025,5,7,2,Spring
12791,2025-09-22,Nehmat Dayal,West,Surat,Furniture,Bed,Bed Consequatur,2,69934,10,125881.2,15503.81,Net Banking,0.1,125881.2,0.0,0.12316223550458687,2025,9,22,0,Fall
12792,2024-11-18,Kaira Bhakta,South,Hyderabad,Kitchen,Cookware Set,Cookware Set Vitae,3,65689,0,197067.0,29277.87,Debit Card,0.0,197067.0,0.0,0.14856810120415898,2024,11,18,0,Fall
12793,2024-12-19,Samaira Kata,West,Pune,Furniture,Bed,Bed Accusamus,5,72339,0,361695.0,32722.88,Upi,0.0,361695.0,0.0,0.09047092163286748,2024,12,19,3,winter
12794,2024-04-05,Shayak Saxena,South,Bangalore,Clothing,Women'S Wear,Women's Wear Eaque,3,42329,5,120637.65,29672.69,Upi,0.05,120637.65,0.0,0.24596541792715623,2024,4,5,4,Spring
12795,2025-05-01,Tara Doctor,South,Coimbatore,Groceries,Rice,Rice Ipsam,1,65721,20,52576.8,10497.94,Upi,0.2,52576.8,0.0,0.19966867515710351,2025,5,1,3,Spring
12796,2024-04-13,Badal Rama,North,Amritsar,Groceries,Oil,Oil Quis,3,30652,0,91956.0,15507.65,Debit Card,0.0,91956.0,0.0,0.16864206794553915,2024,4,13,5,Spring
12797,2025-02-02,Indrans Sarna,East,Patna,Books,Biography,Biography Iusto,5,47780,0,238900.0,15423.74,Debit Card,0.0,238900.0,0.0,0.06456149016324822,2025,2,2,6,winter
12798,2024-10-25,Fateh Jha,North,Lucknow,Kitchen,Refrigerator,Refrigerator Fuga,4,23797,20,76150.4,10882.58,Debit Card,0.2,76150.40000000001,1.4551915228366852e-11,0.14290903265117452,2024,10,25,4,Fall
12799,2023-10-22,Anahi Comar,East,Patna,Sports,Yoga Mat,Yoga Mat Autem,2,72661,15,123523.7,13667.36,Credit Card,0.15,123523.7,0.0,0.11064564937740694,2023,10,22,6,Fall
12800,2025-09-10,Gokul Mahal,West,Surat,Groceries,Wheat,Wheat Ducimus,2,32059,15,54500.3,6296.6,Credit Card,0.15,54500.299999999996,7.275957614183426e-12,0.11553330899095968,2025,9,10,2,Fall
12801,2024-08-02,Kismat Chandran,South,Thiruvananthapuram,Clothing,Accessories,Accessories Voluptatibus,1,24306,0,24306.0,1504.88,Upi,0.0,24306.0,0.0,0.06191393071669547,2024,8,2,4,Summer
12802,2024-08-26,Madhav Bhatti,North,Chandigarh,Books,Non-Fiction,Non-Fiction Maiores,2,31230,5,59337.0,6148.85,Cod,0.05,59337.0,0.0,0.10362589952306318,2024,8,26,0,Summer
12803,2023-11-26,Yuvraj  Walia,South,Thiruvananthapuram,Clothing,Women'S Wear,Women's Wear Dolorem,2,52079,0,104158.0,18154.93,Cod,0.0,104158.0,0.0,0.1743018299122487,2023,11,26,6,Fall
12804,2024-12-05,Rohan Gole,South,Hyderabad,Books,Biography,Biography Repellat,3,67103,20,161047.2,16390.92,Debit Card,0.2,161047.2,0.0,0.10177711875773063,2024,12,5,3,winter
12805,2024-08-09,Rhea Bath,West,Goa,Beauty,Face Cream,Face Cream Repellendus,5,62253,10,280138.5,64872.65,Net Banking,0.1,280138.5,0.0,0.23157348954178023,2024,8,9,4,Summer
12806,2025-07-28,Yashvi Bath,South,Thiruvananthapuram,Electronics,Smartwatch,Smartwatch Rem,5,63185,0,315925.0,77192.1,Net Banking,0.0,315925.0,0.0,0.2443367887948089,2025,7,28,0,Summer
12807,2024-05-25,Nishith Jha,West,Mumbai,Beauty,Perfume,Perfume Natus,3,22702,10,61295.4,5406.59,Debit Card,0.1,61295.4,0.0,0.08820547708310901,2024,5,25,5,Spring
12808,2024-12-06,Farhan Rajagopalan,West,Surat,Home Decor,Lamp,Lamp Enim,3,21218,0,63654.0,14559.87,Cod,0.0,63654.0,0.0,0.22873456499198794,2024,12,6,4,winter
12809,2024-02-09,Elakshi Chandran,East,Ranchi,Books,Textbook,Textbook Suscipit,2,78297,15,133104.9,30382.28,Debit Card,0.15,133104.9,0.0,0.22825816329827076,2024,2,9,4,winter
12810,2024-07-15,Amani Verma,North,Chandigarh,Books,Biography,Biography Accusamus,2,38898,20,62236.8,5609.48,Credit Card,0.2,62236.8,0.0,0.09013124068075479,2024,7,15,0,Summer
12811,2024-03-09,Aayush Setty,East,Kolkata,Toys,Board Game,Board Game Non,4,63011,10,226839.6,28396.71,Net Banking,0.1,226839.6,0.0,0.12518409484058338,2024,3,9,5,Spring
12812,2025-03-21,Kashvi Johal,West,Goa,Toys,Board Game,Board Game Ab,5,17516,0,87580.0,5739.45,Net Banking,0.0,87580.0,0.0,0.06553379767070107,2025,3,21,4,Spring
12813,2024-05-15,Umang Gola,West,Mumbai,Beauty,Foundation,Foundation Reiciendis,2,20940,20,33504.0,6526.84,Debit Card,0.2,33504.0,0.0,0.1948077841451767,2024,5,15,2,Spring
12814,2024-09-14,Chirag Boase,West,Pune,Beauty,Lipstick,Lipstick At,5,21061,0,105305.0,26266.08,Debit Card,0.0,105305.0,0.0,0.24942861212667966,2024,9,14,5,Fall
12815,2025-08-03,Damini Tandon,North,Delhi,Home Decor,Lamp,Lamp Illo,4,14271,20,45667.2,7422.94,Cod,0.2,45667.200000000004,7.275957614183426e-12,0.16254423306005186,2025,8,3,6,Summer
12816,2024-05-30,Gatik Guha,South,Hyderabad,Books,Comics,Comics Voluptatibus,2,26823,10,48281.4,3861.9,Credit Card,0.1,48281.4,0.0,0.07998732431122545,2024,5,30,3,Spring
12817,2025-07-10,Jhanvi Boase,South,Hyderabad,Toys,Board Game,Board Game Vero,2,69094,5,131278.6,21514.99,Net Banking,0.05,131278.6,0.0,0.16388802135306135,2025,7,10,3,Summer
12818,2024-07-03,Pranay Roy,East,Bhubaneswar,Sports,Yoga Mat,Yoga Mat Accusamus,2,50135,20,80216.0,19471.18,Credit Card,0.2,80216.0,0.0,0.24273436720853694,2024,7,3,2,Summer
12819,2025-06-07,Lakshay Chad,North,Delhi,Beauty,Lipstick,Lipstick Maiores,5,77156,20,308624.0,23072.14,Upi,0.2,308624.0,0.0,0.07475808751101665,2025,6,7,5,Summer
12820,2025-05-05,Aniruddh Mammen,West,Pune,Groceries,Wheat,Wheat Ducimus,3,68392,15,174399.6,33573.54,Debit Card,0.15,174399.6,0.0,0.19250927181025645,2025,5,5,0,Spring
12821,2024-05-10,Yasmin Goswami,North,Chandigarh,Groceries,Sugar,Sugar Provident,4,75150,5,285570.0,24832.66,Cod,0.05,285570.0,0.0,0.08695822390307105,2024,5,10,4,Spring
12822,2024-04-19,Ojas Datta,West,Goa,Furniture,Sofa,Sofa Laudantium,2,76739,20,122782.4,30597.08,Cod,0.2,122782.40000000001,1.4551915228366852e-11,0.24919760486845022,2024,4,19,4,Spring
12823,2024-07-22,Zaina Chokshi,North,Lucknow,Electronics,Laptop,Laptop Ab,5,48078,20,192312.0,29710.68,Net Banking,0.2,192312.0,0.0,0.15449207537751156,2024,7,22,0,Summer
12824,2024-07-22,Jayan Bawa,North,Amritsar,Furniture,Cabinet,Cabinet Officia,5,29516,20,118064.0,12228.11,Upi,0.2,118064.0,0.0,0.10357187627049737,2024,7,22,0,Summer
12825,2023-10-17,Tejas Kadakia,West,Ahmedabad,Furniture,Sofa,Sofa Porro,5,46780,20,187120.0,19707.69,Net Banking,0.2,187120.0,0.0,0.10532113082513894,2023,10,17,1,Fall
12826,2024-09-04,Sumer Savant,West,Pune,Kitchen,Juicer,Juicer Dicta,5,54492,10,245214.0,17202.81,Net Banking,0.1,245214.0,0.0,0.07015427341016418,2024,9,4,2,Fall
12827,2023-12-11,Divij Bhardwaj,West,Ahmedabad,Sports,Dumbbells,Dumbbells Minus,1,39713,20,31770.4,2726.18,Debit Card,0.2,31770.4,0.0,0.08580880316269231,2023,12,11,0,winter
12828,2024-07-04,Oorja Gupta,West,Pune,Beauty,Lipstick,Lipstick Quod,1,46672,20,37337.6,6223.77,Debit Card,0.2,37337.6,0.0,0.1666890748200206,2024,7,4,3,Summer
12829,2024-01-28,Darshit Srinivas,South,Thiruvananthapuram,Clothing,Accessories,Accessories Animi,2,64750,15,110075.0,8621.01,Upi,0.15,110075.0,0.0,0.07831941857824211,2024,1,28,6,winter
12830,2024-01-29,Sana Srinivas,South,Coimbatore,Electronics,Mobile,Mobile Consectetur,1,64459,0,64459.0,6411.07,Debit Card,0.0,64459.0,0.0,0.09945965652585365,2024,1,29,0,winter
12831,2024-04-13,Aarush Raja,South,Thiruvananthapuram,Kitchen,Juicer,Juicer Eius,5,29665,10,133492.5,7030.11,Cod,0.1,133492.5,0.0,0.05266295859317939,2024,4,13,5,Spring
12832,2024-03-11,Oorja Sur,South,Bangalore,Beauty,Face Cream,Face Cream Tenetur,1,56215,0,56215.0,13489.94,Cod,0.0,56215.0,0.0,0.2399704705149871,2024,3,11,0,Spring
12833,2023-10-24,Sara Barman,West,Mumbai,Kitchen,Microwave,Microwave Animi,5,66556,5,316141.0,21382.75,Cod,0.05,316141.0,0.0,0.06763675069035652,2023,10,24,1,Fall
12834,2025-03-09,Kiaan Gade,West,Ahmedabad,Home Decor,Cushion,Cushion Officiis,4,59411,0,237644.0,13844.33,Upi,0.0,237644.0,0.0,0.058256593896753125,2025,3,9,6,Spring
12835,2024-11-19,Anya Goyal,South,Bangalore,Books,Textbook,Textbook Placeat,5,63630,0,318150.0,61460.96,Net Banking,0.0,318150.0,0.0,0.1931823353763948,2024,11,19,1,Fall
12836,2024-04-05,Kimaya Tara,North,Chandigarh,Sports,Cricket Bat,Cricket Bat Dolore,3,6812,15,17370.6,4006.36,Upi,0.15,17370.6,0.0,0.23064027725006622,2024,4,5,4,Spring
12837,2024-02-05,Mahika Tak,East,Bhubaneswar,Home Decor,Clock,Clock Porro,4,42758,15,145377.2,29116.4,Debit Card,0.15,145377.19999999998,2.9103830456733704e-11,0.20028174982046704,2024,2,5,0,winter
12838,2024-02-20,Raghav Master,West,Surat,Sports,Yoga Mat,Yoga Mat Rerum,4,44712,10,160963.2,22376.28,Credit Card,0.1,160963.2,0.0,0.13901488041987234,2024,2,20,1,winter
12839,2024-09-09,Saira Baral,West,Goa,Groceries,Rice,Rice Quod,4,52251,5,198553.8,18049.25,Debit Card,0.05,198553.8,0.0,0.09090357374172643,2024,9,9,0,Fall
12840,2023-12-31,Nakul Swaminathan,East,Ranchi,Beauty,Lipstick,Lipstick Dignissimos,2,77746,0,155492.0,14907.76,Upi,0.0,155492.0,0.0,0.09587477169243434,2023,12,31,6,winter
12841,2024-12-16,Riaan Mahal,North,Delhi,Furniture,Chair,Chair Quo,1,74821,15,63597.85,12212.62,Upi,0.15,63597.85,0.0,0.19202881858427606,2024,12,16,0,winter
12842,2025-04-09,Diya Mangal,West,Surat,Toys,Rc Car,RC Car Optio,3,79824,0,239472.0,19156.55,Credit Card,0.0,239472.0,0.0,0.07999494721721119,2025,4,9,2,Spring
12843,2025-09-06,Adira Bains,East,Patna,Groceries,Spices,Spices Provident,5,61020,10,274590.0,67381.45,Credit Card,0.1,274590.0,0.0,0.24538930769510905,2025,9,6,5,Fall
12844,2024-04-19,Divyansh Thakkar,East,Guwahati,Sports,Football,Football Maiores,1,2430,10,2187.0,202.04,Cod,0.1,2187.0,0.0,0.09238225880201188,2024,4,19,4,Spring
12845,2024-10-07,Nakul Choudhury,East,Ranchi,Toys,Action Figure,Action Figure Praesentium,5,48813,20,195252.0,44790.89,Net Banking,0.2,195252.0,0.0,0.22940041587282076,2024,10,7,0,Fall
12846,2024-08-31,Jivin Varughese,South,Chennai,Toys,Board Game,Board Game Ipsam,5,71902,5,341534.5,17532.09,Debit Card,0.05,341534.5,0.0,0.05133329136587958,2024,8,31,5,Summer
12847,2025-04-14,Hrishita Bains,East,Guwahati,Clothing,Men'S Wear,Men's Wear Ullam,3,30751,5,87640.35,10467.13,Upi,0.05,87640.34999999999,1.4551915228366852e-11,0.11943277268974849,2025,4,14,0,Spring
12848,2025-03-16,Navya Lad,North,Chandigarh,Toys,Board Game,Board Game Aperiam,3,43339,15,110514.45,7595.13,Net Banking,0.15,110514.45,0.0,0.0687252210005117,2025,3,16,6,Spring
12849,2025-04-14,Aarush Mani,South,Thiruvananthapuram,Clothing,Kids Wear,Kids Wear Accusamus,5,4342,15,18453.5,1982.56,Cod,0.15,18453.5,0.0,0.10743544585038069,2025,4,14,0,Spring
12850,2024-11-26,Amira Chander,East,Guwahati,Clothing,Shoes,Shoes Eos,5,33029,5,156887.75,30861.53,Upi,0.05,156887.75,0.0,0.1967108968036064,2024,11,26,1,Fall
12851,2025-01-04,Arhaan Varty,West,Mumbai,Sports,Tennis Racket,Tennis Racket Laudantium,1,34538,0,34538.0,8013.12,Net Banking,0.0,34538.0,0.0,0.23200880189935721,2025,1,4,5,winter
12852,2023-12-02,Kavya Korpal,East,Guwahati,Home Decor,Wall Art,Wall Art Enim,4,4534,15,15415.6,3687.0,Credit Card,0.15,15415.6,0.0,0.2391733049638029,2023,12,2,5,winter
12853,2023-10-22,Manikya Kulkarni,South,Chennai,Books,Non-Fiction,Non-Fiction Earum,2,59166,20,94665.6,17648.65,Upi,0.2,94665.6,0.0,0.18643150204509348,2023,10,22,6,Fall
12854,2025-01-18,Jayant Varkey,South,Bangalore,Sports,Cricket Bat,Cricket Bat Culpa,1,55471,15,47150.35,6828.73,Credit Card,0.15,47150.35,0.0,0.14482882947846623,2025,1,18,5,winter
12855,2025-02-19,Rohan Wason,South,Bangalore,Toys,Board Game,Board Game Deleniti,3,2199,10,5937.3,1434.68,Credit Card,0.1,5937.3,0.0,0.24163845519006957,2025,2,19,2,winter
12856,2024-09-29,Akarsh Korpal,South,Hyderabad,Sports,Dumbbells,Dumbbells Sapiente,4,63700,0,254800.0,19752.17,Upi,0.0,254800.0,0.0,0.07752029042386184,2024,9,29,6,Fall
12857,2025-07-21,Hrishita Sagar,South,Coimbatore,Clothing,Shoes,Shoes Rem,2,71172,10,128109.6,7863.75,Debit Card,0.1,128109.6,0.0,0.061382987691788904,2025,7,21,0,Summer
12858,2025-05-24,Tarini Sani,North,Chandigarh,Toys,Rc Car,RC Car Quis,4,70769,10,254768.4,19022.63,Credit Card,0.1,254768.4,0.0,0.07466636364635489,2025,5,24,5,Spring
12859,2025-08-08,Raunak Gulati,South,Hyderabad,Kitchen,Microwave,Microwave Quibusdam,3,48469,20,116325.6,5982.56,Credit Card,0.2,116325.6,0.0,0.05142943599689148,2025,8,8,4,Summer
12860,2024-05-11,Misha Venkatesh,South,Hyderabad,Clothing,Kids Wear,Kids Wear Odit,3,32404,10,87490.8,13642.6,Cod,0.1,87490.8,0.0,0.15593182368889072,2024,5,11,5,Spring
12861,2023-11-27,Shamik Agate,North,Amritsar,Sports,Football,Football Porro,3,45429,20,109029.6,24555.19,Cod,0.2,109029.6,0.0,0.22521581295354653,2023,11,27,0,Fall
12862,2025-07-14,Samarth Shan,South,Chennai,Home Decor,Vase,Vase Natus,3,20368,20,48883.2,3433.28,Cod,0.2,48883.200000000004,7.275957614183426e-12,0.07023435454307411,2025,7,14,0,Summer
12863,2024-09-30,Khushi Baral,North,Amritsar,Electronics,Laptop,Laptop Eum,3,76971,20,184730.4,18623.33,Credit Card,0.2,184730.40000000002,2.9103830456733704e-11,0.10081356398297195,2024,9,30,0,Fall
12864,2024-02-13,Umang Ghose,West,Surat,Toys,Board Game,Board Game Ea,3,376,15,958.8,168.75,Net Banking,0.15,958.8,0.0,0.1760012515644556,2024,2,13,1,winter
12865,2025-08-13,Shalv Agarwal,West,Surat,Books,Textbook,Textbook Asperiores,2,17441,15,29649.7,3391.88,Net Banking,0.15,29649.7,0.0,0.11439845934360213,2025,8,13,2,Summer
12866,2025-05-25,Renee Reddy,East,Guwahati,Furniture,Chair,Chair Qui,3,55808,5,159052.8,30452.8,Debit Card,0.05,159052.8,0.0,0.1914634637051344,2025,5,25,6,Spring
12867,2024-07-03,Madhup Borde,West,Ahmedabad,Groceries,Oil,Oil Sunt,2,33292,10,59925.6,10676.52,Credit Card,0.1,59925.6,0.0,0.1781629220233089,2024,7,3,2,Summer
12868,2023-11-15,Myra Chaudhuri,West,Surat,Furniture,Cabinet,Cabinet Voluptate,4,47533,0,190132.0,26592.55,Credit Card,0.0,190132.0,0.0,0.1398636210632613,2023,11,15,2,Fall
12869,2025-02-08,Mannat Sibal,South,Coimbatore,Electronics,Headphones,Headphones Quaerat,4,59987,10,215953.2,51316.84,Upi,0.1,215953.2,0.0,0.23762944934365407,2025,2,8,5,winter
12870,2024-10-07,Mamooty Chana,South,Bangalore,Electronics,Camera,Camera Quos,1,39813,15,33841.05,6866.96,Net Banking,0.15,33841.049999999996,7.275957614183426e-12,0.2029180536655925,2024,10,7,0,Fall
12871,2024-11-17,Rhea Sura,North,Jaipur,Kitchen,Refrigerator,Refrigerator Corporis,2,660,20,1056.0,89.97,Credit Card,0.2,1056.0,0.0,0.08519886363636364,2024,11,17,6,Fall
12872,2023-11-11,Zara Doshi,South,Hyderabad,Toys,Doll,Doll Quod,2,38276,0,76552.0,12371.69,Cod,0.0,76552.0,0.0,0.16161158428257916,2023,11,11,5,Fall
12873,2025-06-01,Armaan Tara,North,Amritsar,Kitchen,Microwave,Microwave Molestiae,5,9907,15,42104.75,9512.34,Upi,0.15,42104.75,0.0,0.22592082841009625,2025,6,1,6,Summer
12874,2025-04-22,Kanav Taneja,East,Patna,Kitchen,Juicer,Juicer Id,4,37387,15,127115.8,30152.93,Credit Card,0.15,127115.8,0.0,0.2372083564749622,2025,4,22,1,Spring
12875,2024-10-06,Kimaya Iyengar,North,Chandigarh,Books,Fiction,Fiction Voluptas,4,75489,10,271760.4,27433.78,Cod,0.1,271760.4,0.0,0.10094840896613338,2024,10,6,6,Fall
12876,2025-07-24,Madhup Keer,South,Chennai,Furniture,Sofa,Sofa Cumque,2,79204,20,126726.4,17506.09,Cod,0.2,126726.40000000001,1.4551915228366852e-11,0.13814082937730418,2025,7,24,3,Summer
12877,2025-03-24,Jivika Vohra,South,Thiruvananthapuram,Furniture,Sofa,Sofa Officia,4,788,15,2679.2,444.51,Credit Card,0.15,2679.2,0.0,0.16591146610928637,2025,3,24,0,Spring
12878,2025-09-15,Ira Ratta,West,Pune,Electronics,Camera,Camera Dignissimos,3,20631,0,61893.0,6535.48,Net Banking,0.0,61893.0,0.0,0.1055932011697607,2025,9,15,0,Fall
12879,2023-12-12,Raghav Krishna,East,Guwahati,Clothing,Accessories,Accessories Architecto,4,6429,0,25716.0,5562.16,Debit Card,0.0,25716.0,0.0,0.2162918027687043,2023,12,12,1,winter
12880,2024-04-20,Anya Dass,South,Coimbatore,Furniture,Bed,Bed Ullam,3,9972,10,26924.4,4913.49,Debit Card,0.1,26924.4,0.0,0.18249208896019964,2024,4,20,5,Spring
12881,2025-04-22,Misha Chaudhuri,East,Bhubaneswar,Home Decor,Vase,Vase Impedit,2,29658,20,47452.8,9367.87,Cod,0.2,47452.8,0.0,0.1974144834446018,2025,4,22,1,Spring
12882,2024-08-23,Umang Dutt,West,Mumbai,Clothing,Men'S Wear,Men's Wear Assumenda,4,20469,10,73688.4,13874.29,Cod,0.1,73688.40000000001,1.4551915228366852e-11,0.18828323046775344,2024,8,23,4,Summer
12883,2024-01-24,Yashvi Lad,East,Ranchi,Electronics,Smartwatch,Smartwatch Quasi,1,55365,10,49828.5,6517.7,Upi,0.1,49828.5,0.0,0.13080265310013345,2024,1,24,2,winter
12884,2024-05-18,Devansh Kaul,North,Jaipur,Electronics,Mobile,Mobile A,1,31555,0,31555.0,7762.5,Debit Card,0.0,31555.0,0.0,0.2459990492790366,2024,5,18,5,Spring
12885,2024-10-24,Tejas Bal,South,Coimbatore,Home Decor,Vase,Vase Facilis,1,50388,10,45349.2,8772.64,Debit Card,0.1,45349.200000000004,7.275957614183426e-12,0.19344641140306776,2024,10,24,3,Fall
12886,2025-03-06,Mehul Ramachandran,East,Bhubaneswar,Sports,Cricket Bat,Cricket Bat Doloremque,2,15411,15,26198.7,6130.13,Cod,0.15,26198.7,0.0,0.2339860374751419,2025,3,6,3,Spring
12887,2024-12-21,Shanaya Raju,North,Delhi,Books,Comics,Comics Soluta,5,40005,10,180022.5,36746.22,Cod,0.1,180022.5,0.0,0.20412015164771072,2024,12,21,5,winter
12888,2024-10-02,Tushar Krish,South,Coimbatore,Groceries,Sugar,Sugar Autem,3,62784,15,160099.2,20794.28,Net Banking,0.15,160099.19999999998,2.9103830456733704e-11,0.12988372209230276,2024,10,2,2,Fall
12889,2024-04-13,Sara Hayre,South,Hyderabad,Groceries,Spices,Spices Quia,2,52667,20,84267.2,15553.15,Net Banking,0.2,84267.20000000001,1.4551915228366852e-11,0.1845694410161961,2024,4,13,5,Spring
12890,2024-03-05,Kiaan Ratta,South,Bangalore,Books,Comics,Comics Quos,4,51554,0,206216.0,14102.48,Net Banking,0.0,206216.0,0.0,0.06838693408852853,2024,3,5,1,Spring
12891,2024-04-02,Madhav Kota,East,Guwahati,Beauty,Shampoo,Shampoo Quam,5,50921,5,241874.75,36510.09,Upi,0.05,241874.75,0.0,0.15094626454394267,2024,4,2,1,Spring
12892,2024-10-07,Ritvik Bhatnagar,North,Delhi,Furniture,Table,Table Eveniet,4,27136,20,86835.2,18547.36,Upi,0.2,86835.20000000001,1.4551915228366852e-11,0.2135926444575472,2024,10,7,0,Fall
12893,2023-11-18,Divit Wason,East,Guwahati,Groceries,Oil,Oil A,3,29827,15,76058.85,11021.72,Debit Card,0.15,76058.84999999999,1.4551915228366852e-11,0.14491042133821375,2023,11,18,5,Fall
12894,2024-10-05,Khushi Bhasin,North,Chandigarh,Books,Non-Fiction,Non-Fiction Quidem,4,32461,15,110367.4,14609.77,Debit Card,0.15,110367.4,0.0,0.13237396187642367,2024,10,5,5,Fall
12895,2024-03-04,Zain Sahni,East,Guwahati,Beauty,Face Cream,Face Cream Reiciendis,3,59052,0,177156.0,16898.04,Cod,0.0,177156.0,0.0,0.09538508433245275,2024,3,4,0,Spring
12896,2023-11-13,Kabir Issac,West,Mumbai,Books,Biography,Biography Odio,2,2046,15,3478.2,686.24,Upi,0.15,3478.2,0.0,0.19729745270542237,2023,11,13,0,Fall
12897,2025-08-13,Damini Raj,East,Ranchi,Furniture,Sofa,Sofa Aut,1,19837,15,16861.45,1842.75,Upi,0.15,16861.45,0.0,0.10928775401878249,2025,8,13,2,Summer
12898,2025-08-24,Seher Dugar,North,Delhi,Sports,Yoga Mat,Yoga Mat Ipsam,2,75913,15,129052.1,30642.88,Debit Card,0.15,129052.09999999999,1.4551915228366852e-11,0.23744580677106378,2025,8,24,6,Summer
12899,2025-06-16,Kiara Kant,North,Amritsar,Kitchen,Juicer,Juicer Possimus,2,43462,20,69539.2,7371.72,Debit Card,0.2,69539.2,0.0,0.10600812203764208,2025,6,16,0,Summer
12900,2024-06-19,Shlok Mannan,East,Kolkata,Books,Textbook,Textbook Non,5,62288,20,249152.0,34717.96,Cod,0.2,249152.0,0.0,0.13934449653223735,2024,6,19,2,Summer
12901,2024-09-24,Veer Kohli,East,Bhubaneswar,Kitchen,Cookware Set,Cookware Set Autem,4,8055,20,25776.0,4745.84,Net Banking,0.2,25776.0,0.0,0.18411855990068282,2024,9,24,1,Fall
12902,2024-05-16,Pihu Kari,East,Guwahati,Sports,Football,Football Aliquid,2,19518,20,31228.8,1800.58,Net Banking,0.2,31228.800000000003,3.637978807091713e-12,0.05765767496669741,2024,5,16,3,Spring
12903,2023-11-10,Nirvaan Chakraborty,North,Delhi,Furniture,Bed,Bed Dolorem,4,8099,10,29156.4,7080.79,Net Banking,0.1,29156.4,0.0,0.2428554279677875,2023,11,10,4,Fall
12904,2024-04-07,Umang Goswami,East,Bhubaneswar,Furniture,Bed,Bed Ipsam,1,426,15,362.1,73.61,Debit Card,0.15,362.09999999999997,5.684341886080802e-14,0.20328638497652582,2024,4,7,6,Spring
12905,2024-01-28,Ela Singhal,West,Goa,Kitchen,Juicer,Juicer Eum,1,62395,0,62395.0,6986.53,Debit Card,0.0,62395.0,0.0,0.11197259395784918,2024,1,28,6,winter
12906,2024-10-26,Nitya Saxena,East,Bhubaneswar,Beauty,Lipstick,Lipstick Numquam,5,63904,5,303544.0,53880.28,Debit Card,0.05,303544.0,0.0,0.17750401918667474,2024,10,26,5,Fall
12907,2023-11-23,Alisha Dugal,North,Chandigarh,Groceries,Oil,Oil Veniam,2,15602,5,29643.8,7092.75,Cod,0.05,29643.8,0.0,0.23926588359117254,2023,11,23,3,Fall
12908,2024-01-05,Misha Shan,West,Pune,Books,Textbook,Textbook Delectus,1,35283,20,28226.4,3175.83,Credit Card,0.2,28226.4,0.0,0.11251275401751551,2024,1,5,4,winter
12909,2025-09-02,Aarav Lata,West,Surat,Home Decor,Wall Art,Wall Art Sapiente,5,46301,15,196779.25,30075.03,Upi,0.15,196779.25,0.0,0.15283638899934826,2025,9,2,1,Fall
12910,2025-04-09,Shaan Bath,North,Lucknow,Books,Fiction,Fiction Dolorem,2,46734,5,88794.6,9359.11,Debit Card,0.05,88794.59999999999,1.4551915228366852e-11,0.10540179245134276,2025,4,9,2,Spring
12911,2025-04-27,Mannat Sami,West,Surat,Books,Non-Fiction,Non-Fiction Est,3,44786,20,107486.4,15398.12,Debit Card,0.2,107486.40000000001,1.4551915228366852e-11,0.1432564491879903,2025,4,27,6,Spring
12912,2024-08-16,Hiran Gola,East,Bhubaneswar,Beauty,Perfume,Perfume Ratione,5,22386,20,89544.0,22058.67,Debit Card,0.2,89544.0,0.0,0.24634447869203965,2024,8,16,4,Summer
12913,2024-02-23,Neelofar Goswami,West,Goa,Furniture,Sofa,Sofa Atque,1,75959,0,75959.0,7603.05,Cod,0.0,75959.0,0.0,0.10009412972787951,2024,2,23,4,winter
12914,2024-07-15,Heer Varty,South,Coimbatore,Sports,Yoga Mat,Yoga Mat Quam,2,79183,15,134611.1,26815.83,Net Banking,0.15,134611.1,0.0,0.19920964912997516,2024,7,15,0,Summer
12915,2025-02-28,Taran Rastogi,West,Mumbai,Toys,Rc Car,RC Car Ea,2,29535,20,47256.0,2858.72,Net Banking,0.2,47256.0,0.0,0.060494328762485186,2025,2,28,4,winter
12916,2025-04-24,Damini Boase,West,Mumbai,Clothing,Shoes,Shoes Beatae,5,38813,5,184361.75,33341.61,Debit Card,0.05,184361.75,0.0,0.18084884744259588,2025,4,24,3,Spring
12917,2024-01-20,Kiara Chatterjee,East,Kolkata,Books,Textbook,Textbook Maiores,1,74906,0,74906.0,4232.98,Credit Card,0.0,74906.0,0.0,0.056510559901743515,2024,1,20,5,winter
12918,2025-07-08,Vedika Dasgupta,North,Amritsar,Home Decor,Wall Art,Wall Art Voluptatem,4,25962,20,83078.4,14421.83,Upi,0.2,83078.40000000001,1.4551915228366852e-11,0.17359301575379402,2025,7,8,1,Summer
12919,2025-03-04,Manikya Subramanian,East,Patna,Toys,Doll,Doll Ipsam,5,61715,15,262288.75,53719.58,Net Banking,0.15,262288.75,0.0,0.2048108430117571,2025,3,4,1,Spring
12920,2025-08-23,Fateh Das,East,Patna,Sports,Tennis Racket,Tennis Racket Adipisci,2,8068,20,12908.8,2209.07,Net Banking,0.2,12908.800000000001,1.8189894035458565e-12,0.171128997273178,2025,8,23,5,Summer
12921,2024-07-01,Inaaya  Karpe,South,Thiruvananthapuram,Beauty,Shampoo,Shampoo Beatae,3,45951,5,130960.35,23910.03,Credit Card,0.05,130960.34999999999,1.4551915228366852e-11,0.1825745731437034,2024,7,1,0,Summer
12922,2023-10-31,Sumer Mangal,West,Pune,Kitchen,Mixer Grinder,Mixer Grinder Culpa,4,26149,5,99366.2,21894.52,Net Banking,0.05,99366.2,0.0,0.22034172585849113,2023,10,31,1,Fall
12923,2023-10-13,Hunar Sarma,North,Chandigarh,Clothing,Men'S Wear,Men's Wear Labore,2,77525,10,139545.0,21135.93,Credit Card,0.1,139545.0,0.0,0.15146318391916586,2023,10,13,4,Fall
12924,2024-10-09,Heer Dara,North,Delhi,Sports,Dumbbells,Dumbbells Nostrum,2,40282,5,76535.8,7558.5,Debit Card,0.05,76535.8,0.0,0.0987577055443335,2024,10,9,2,Fall
12925,2025-05-18,Mohanlal Ghosh,East,Guwahati,Books,Biography,Biography Nesciunt,3,7587,15,19346.85,4309.89,Credit Card,0.15,19346.85,0.0,0.22276959815163713,2025,5,18,6,Spring
12926,2025-03-31,Nitya Basak,West,Goa,Books,Fiction,Fiction Repudiandae,5,9956,15,42313.0,10413.13,Upi,0.15,42313.0,0.0,0.24609765320350718,2025,3,31,0,Spring
12927,2024-06-23,Ahana  Borah,North,Lucknow,Groceries,Sugar,Sugar Nulla,3,5463,15,13930.65,2507.65,Credit Card,0.15,13930.65,0.0,0.18000954729319882,2024,6,23,6,Summer
12928,2025-06-07,Reyansh Bahri,North,Amritsar,Electronics,Laptop,Laptop Occaecati,2,77225,20,123560.0,20415.59,Net Banking,0.2,123560.0,0.0,0.1652281482680479,2025,6,7,5,Summer
12929,2023-11-23,Ojas Balakrishnan,North,Amritsar,Furniture,Bed,Bed Alias,4,64858,5,246460.4,59284.02,Debit Card,0.05,246460.4,0.0,0.2405417665474859,2023,11,23,3,Fall
12930,2025-01-06,Kavya Viswanathan,South,Chennai,Kitchen,Microwave,Microwave Maiores,5,39023,20,156092.0,20235.42,Upi,0.2,156092.0,0.0,0.1296377777208313,2025,1,6,0,winter
12931,2024-04-22,Khushi Sant,South,Thiruvananthapuram,Beauty,Shampoo,Shampoo Odit,1,14367,20,11493.6,2353.37,Upi,0.2,11493.6,0.0,0.20475482007378018,2024,4,22,0,Spring
12932,2024-01-19,Eshani Anand,North,Lucknow,Books,Non-Fiction,Non-Fiction A,1,13246,15,11259.1,949.98,Debit Card,0.15,11259.1,0.0,0.08437441713813715,2024,1,19,4,winter
12933,2024-01-27,Bhavin Dora,North,Lucknow,Sports,Football,Football Eos,2,13789,15,23441.3,4454.78,Net Banking,0.15,23441.3,0.0,0.19003980154684252,2024,1,27,5,winter
12934,2023-10-11,Aarav Chatterjee,West,Surat,Books,Non-Fiction,Non-Fiction Veritatis,4,33230,0,132920.0,26592.57,Debit Card,0.0,132920.0,0.0,0.20006447487210352,2023,10,11,2,Fall
12935,2025-06-23,Piya Sani,North,Lucknow,Kitchen,Juicer,Juicer Consequuntur,4,57699,5,219256.2,37801.56,Credit Card,0.05,219256.19999999998,2.9103830456733704e-11,0.1724081690734401,2025,6,23,0,Summer
12936,2024-09-02,Hiran Sundaram,West,Goa,Kitchen,Juicer,Juicer Voluptatum,3,43782,15,111644.1,9035.62,Cod,0.15,111644.09999999999,1.4551915228366852e-11,0.08093235558350151,2024,9,2,0,Fall
12937,2024-08-22,Uthkarsh Bahl,North,Amritsar,Home Decor,Cushion,Cushion Sint,3,47900,20,114960.0,11993.39,Upi,0.2,114960.0,0.0,0.10432663535142658,2024,8,22,3,Summer
12938,2025-08-10,Parinaaz Dalal,West,Pune,Groceries,Rice,Rice Reprehenderit,4,38946,15,132416.4,16252.05,Debit Card,0.15,132416.4,0.0,0.12273441960361406,2025,8,10,6,Summer
12939,2025-03-04,Uthkarsh Sankaran,East,Bhubaneswar,Electronics,Mobile,Mobile Mollitia,1,53923,15,45834.55,5791.38,Credit Card,0.15,45834.549999999996,7.275957614183426e-12,0.12635402769308304,2025,3,4,1,Spring
12940,2025-05-12,Shray Malhotra,South,Thiruvananthapuram,Groceries,Wheat,Wheat Tempora,4,68144,10,245318.4,25463.47,Credit Card,0.1,245318.4,0.0,0.10379763605175968,2025,5,12,0,Spring
12941,2025-07-15,Zeeshan Singhal,East,Guwahati,Clothing,Kids Wear,Kids Wear Sunt,1,46830,15,39805.5,8586.35,Upi,0.15,39805.5,0.0,0.21570762834281695,2025,7,15,1,Summer
12942,2024-08-13,Zain Sule,East,Patna,Sports,Yoga Mat,Yoga Mat Repudiandae,3,73011,10,197129.7,21387.01,Cod,0.1,197129.7,0.0,0.10849207400001115,2024,8,13,1,Summer
12943,2025-01-15,Tushar Devan,South,Hyderabad,Sports,Football,Football Placeat,4,55109,0,220436.0,25810.49,Cod,0.0,220436.0,0.0,0.11708836124770909,2025,1,15,2,winter
12944,2025-09-19,Gatik Bora,East,Kolkata,Electronics,Headphones,Headphones Sequi,3,67306,10,181726.2,25378.9,Cod,0.1,181726.2,0.0,0.13965460126277884,2025,9,19,4,Fall
12945,2024-05-14,Sumer Lal,West,Mumbai,Furniture,Table,Table Porro,1,65530,5,62253.5,9512.56,Credit Card,0.05,62253.5,0.0,0.152803617467291,2024,5,14,1,Spring
12946,2023-10-19,Indranil Ray,North,Lucknow,Electronics,Smartwatch,Smartwatch Nesciunt,2,32569,15,55367.3,5273.68,Upi,0.15,55367.299999999996,7.275957614183426e-12,0.09524900076398886,2023,10,19,3,Fall
12947,2024-01-18,Diya Sura,East,Ranchi,Home Decor,Cushion,Cushion Totam,2,72766,20,116425.6,10761.29,Debit Card,0.2,116425.6,0.0,0.09243061663414232,2024,1,18,3,winter
12948,2024-12-16,Raunak Buch,North,Amritsar,Books,Comics,Comics Nulla,5,64528,15,274244.0,40371.89,Upi,0.15,274244.0,0.0,0.1472115707180467,2024,12,16,0,winter
12949,2024-08-14,Rania Bhatnagar,South,Bangalore,Toys,Action Figure,Action Figure Quam,1,67058,20,53646.4,6289.52,Credit Card,0.2,53646.4,0.0,0.11724029944227386,2024,8,14,2,Summer
12950,2025-07-13,Pari Kale,East,Bhubaneswar,Beauty,Foundation,Foundation Quod,1,48758,10,43882.2,5422.94,Debit Card,0.1,43882.200000000004,7.275957614183426e-12,0.12357949236820397,2025,7,13,6,Summer
12951,2025-04-15,Aaina Vohra,West,Surat,Groceries,Sugar,Sugar Reprehenderit,1,75582,15,64244.7,13265.48,Credit Card,0.15,64244.7,0.0,0.20648364767832988,2025,4,15,1,Spring
12952,2025-05-22,Anahi Venkatesh,East,Guwahati,Groceries,Oil,Oil Perferendis,3,66317,15,169108.35,9471.97,Debit Card,0.15,169108.35,0.0,0.05601124959234715,2025,5,22,3,Spring
12953,2023-10-15,Drishya Mahajan,North,Amritsar,Clothing,Men'S Wear,Men's Wear Nobis,1,20638,10,18574.2,3472.99,Debit Card,0.1,18574.2,0.0,0.18697925078872843,2023,10,15,6,Fall
12954,2024-10-18,Inaaya  Sen,South,Coimbatore,Clothing,Men'S Wear,Men's Wear Occaecati,5,24733,0,123665.0,26126.1,Debit Card,0.0,123665.0,0.0,0.21126511138964135,2024,10,18,4,Fall
12955,2025-05-14,Ishita Master,North,Delhi,Groceries,Wheat,Wheat Laborum,3,19567,0,58701.0,7699.42,Cod,0.0,58701.0,0.0,0.13116335326485068,2025,5,14,2,Spring
12956,2025-07-11,Keya Ratti,North,Chandigarh,Books,Non-Fiction,Non-Fiction Blanditiis,4,32047,10,115369.2,15008.08,Debit Card,0.1,115369.2,0.0,0.13008740634415425,2025,7,11,4,Summer
12957,2023-11-25,Indrans Ahluwalia,North,Chandigarh,Books,Biography,Biography Eius,4,29546,0,118184.0,25056.82,Net Banking,0.0,118184.0,0.0,0.21201533202463954,2023,11,25,5,Fall
12958,2025-09-20,Shamik Atwal,East,Ranchi,Home Decor,Wall Art,Wall Art Distinctio,3,42934,15,109481.7,19863.47,Debit Card,0.15,109481.7,0.0,0.18143187400268723,2025,9,20,5,Fall
12959,2024-10-30,Dharmajan Varkey,West,Goa,Books,Biography,Biography Voluptas,2,44336,10,79804.8,17157.69,Net Banking,0.1,79804.8,0.0,0.2149957145434861,2024,10,30,2,Fall
12960,2024-01-01,Ivana Sagar,West,Ahmedabad,Toys,Board Game,Board Game Eos,5,74164,10,333738.0,74227.75,Net Banking,0.1,333738.0,0.0,0.22241324032624393,2024,1,1,0,winter
12961,2025-09-08,Raunak Atwal,South,Hyderabad,Clothing,Shoes,Shoes Eius,5,79618,15,338376.5,60728.83,Net Banking,0.15,338376.5,0.0,0.17947118077053223,2025,9,8,0,Fall
12962,2025-03-22,Vidur Mallick,South,Hyderabad,Home Decor,Vase,Vase Quia,2,4773,20,7636.8,1172.75,Net Banking,0.2,7636.8,0.0,0.15356562958307143,2025,3,22,5,Spring
12963,2025-07-16,Kaira Joshi,South,Thiruvananthapuram,Kitchen,Refrigerator,Refrigerator Quae,5,50775,0,253875.0,22939.3,Debit Card,0.0,253875.0,0.0,0.09035667159034957,2025,7,16,2,Summer
12964,2024-04-22,Aarna Yadav,South,Chennai,Books,Comics,Comics Libero,3,12682,15,32339.1,6108.21,Cod,0.15,32339.1,0.0,0.18888002449047747,2024,4,22,0,Spring
12965,2025-07-03,Vaibhav Basu,South,Thiruvananthapuram,Electronics,Headphones,Headphones Deserunt,5,58035,15,246648.75,36963.76,Cod,0.15,246648.75,0.0,0.14986396647053757,2025,7,3,3,Summer
12966,2024-06-10,Divij Dhingra,West,Pune,Clothing,Shoes,Shoes Nihil,5,73649,5,349832.75,41408.8,Credit Card,0.05,349832.75,0.0,0.11836741985991879,2024,6,10,0,Summer
12967,2024-12-30,Kimaya Dua,North,Amritsar,Toys,Action Figure,Action Figure Alias,5,32688,10,147096.0,22451.03,Cod,0.1,147096.0,0.0,0.1526284195355414,2024,12,30,0,winter
12968,2024-11-18,Rania Aurora,West,Pune,Beauty,Perfume,Perfume Sunt,2,43735,5,83096.5,9017.79,Net Banking,0.05,83096.5,0.0,0.10852189923763336,2024,11,18,0,Fall
12969,2025-02-16,Khushi Saha,South,Coimbatore,Electronics,Camera,Camera Numquam,4,38256,15,130070.4,21460.14,Net Banking,0.15,130070.4,0.0,0.16498865229906268,2025,2,16,6,winter
12970,2023-10-19,Gatik Madan,West,Pune,Beauty,Face Cream,Face Cream Soluta,2,68591,0,137182.0,12922.77,Net Banking,0.0,137182.0,0.0,0.09420164453062356,2023,10,19,3,Fall
12971,2024-03-05,Taran Talwar,East,Ranchi,Home Decor,Vase,Vase Iure,5,21401,5,101654.75,18872.76,Cod,0.05,101654.75,0.0,0.1856554661734941,2024,3,5,1,Spring
12972,2023-10-17,Biju Malhotra,North,Amritsar,Toys,Doll,Doll Modi,3,78372,15,199848.6,13439.84,Credit Card,0.15,199848.6,0.0,0.06725010833200733,2023,10,17,1,Fall
12973,2024-02-06,Shlok Venkataraman,North,Lucknow,Home Decor,Cushion,Cushion Recusandae,3,64835,10,175054.5,40811.14,Net Banking,0.1,175054.5,0.0,0.233133909725257,2024,2,6,1,winter
12974,2025-07-02,Vanya Anand,North,Chandigarh,Beauty,Perfume,Perfume Unde,5,53140,15,225845.0,34447.83,Credit Card,0.15,225845.0,0.0,0.15252863689698687,2025,7,2,2,Summer
12975,2025-01-24,Tejas Ghose,South,Thiruvananthapuram,Clothing,Kids Wear,Kids Wear Quo,2,20018,10,36032.4,3694.09,Net Banking,0.1,36032.4,0.0,0.10252134190339805,2025,1,24,4,winter
12976,2024-06-22,Zain Kanda,East,Guwahati,Groceries,Wheat,Wheat Magnam,1,57926,15,49237.1,6411.26,Upi,0.15,49237.1,0.0,0.13021197430392936,2024,6,22,5,Summer
12977,2025-06-21,Ryan Raja,East,Kolkata,Toys,Puzzle,Puzzle Quibusdam,2,18405,10,33129.0,4297.91,Net Banking,0.1,33129.0,0.0,0.12973256059645627,2025,6,21,5,Summer
12978,2024-09-08,Umang Thaman,South,Hyderabad,Kitchen,Juicer,Juicer Eos,4,61274,0,245096.0,40659.01,Net Banking,0.0,245096.0,0.0,0.16589014100597319,2024,9,8,6,Fall
12979,2024-08-16,Lagan Jhaveri,West,Mumbai,Sports,Football,Football Eos,5,3929,20,15716.0,2467.77,Debit Card,0.2,15716.0,0.0,0.15702277933316366,2024,8,16,4,Summer
12980,2024-03-03,Saksham Toor,East,Patna,Toys,Action Figure,Action Figure Tempora,2,25428,10,45770.4,5337.42,Cod,0.1,45770.4,0.0,0.1166129201405275,2024,3,3,6,Spring
12981,2023-11-27,Yuvraj  Dass,West,Mumbai,Kitchen,Mixer Grinder,Mixer Grinder Asperiores,2,71944,20,115110.4,27950.52,Upi,0.2,115110.40000000001,1.4551915228366852e-11,0.24281489769820974,2023,11,27,0,Fall
12982,2024-08-30,Advika Bal,North,Amritsar,Beauty,Perfume,Perfume Minus,4,19670,20,62944.0,10997.43,Upi,0.2,62944.0,0.0,0.1747176855617692,2024,8,30,4,Summer
12983,2025-02-27,Baiju Dara,East,Patna,Books,Fiction,Fiction Rem,2,31245,15,53116.5,4992.38,Net Banking,0.15,53116.5,0.0,0.09398925004471304,2025,2,27,3,winter
12984,2024-12-23,Amani Jaggi,South,Hyderabad,Home Decor,Cushion,Cushion Reprehenderit,1,9382,5,8912.9,547.48,Debit Card,0.05,8912.9,0.0,0.061425574167779294,2024,12,23,0,winter
12985,2024-12-22,Kimaya Garg,South,Hyderabad,Sports,Football,Football Enim,2,77925,20,124680.0,29388.7,Credit Card,0.2,124680.0,0.0,0.2357130253448829,2024,12,22,6,winter
12986,2023-10-20,Hiran Ahuja,West,Ahmedabad,Furniture,Table,Table Quasi,1,9490,5,9015.5,714.35,Debit Card,0.05,9015.5,0.0,0.07923576063446287,2023,10,20,4,Fall
12987,2025-04-15,Samiha Upadhyay,North,Delhi,Sports,Yoga Mat,Yoga Mat Ea,3,30925,10,83497.5,11950.92,Debit Card,0.1,83497.5,0.0,0.14312907572082997,2025,4,15,1,Spring
12988,2024-11-15,Diya Bir,West,Ahmedabad,Beauty,Lipstick,Lipstick In,1,79574,5,75595.3,15580.38,Net Banking,0.05,75595.3,0.0,0.20610249579008216,2024,11,15,4,Fall
12989,2024-01-16,Nehmat Dugal,East,Patna,Clothing,Shoes,Shoes Possimus,4,5233,0,20932.0,3998.28,Net Banking,0.0,20932.0,0.0,0.19101280336327156,2024,1,16,1,winter
12990,2024-09-04,Samiha Raval,West,Goa,Furniture,Sofa,Sofa Ducimus,2,50534,10,90961.2,11817.29,Cod,0.1,90961.2,0.0,0.12991572230797307,2024,9,4,2,Fall
12991,2024-03-16,Rania Bal,North,Delhi,Furniture,Table,Table Delectus,1,79891,5,75896.45,6114.17,Cod,0.05,75896.45,0.0,0.08055936740124209,2024,3,16,5,Spring
12992,2025-07-20,Sara Virk,East,Patna,Books,Non-Fiction,Non-Fiction Suscipit,2,20984,15,35672.8,2566.54,Net Banking,0.15,35672.799999999996,7.275957614183426e-12,0.07194669327891277,2025,7,20,6,Summer
12993,2024-04-02,Yashvi Khurana,North,Lucknow,Clothing,Men'S Wear,Men's Wear Quidem,2,51569,15,87667.3,21791.96,Credit Card,0.15,87667.3,0.0,0.24857569470030444,2024,4,2,1,Spring
12994,2024-01-02,Vedika Ramachandran,South,Chennai,Electronics,Mobile,Mobile Laboriosam,1,46498,15,39523.3,4002.98,Debit Card,0.15,39523.299999999996,7.275957614183426e-12,0.10128152254492918,2024,1,2,1,winter
12995,2024-03-29,Bhamini Chatterjee,East,Patna,Books,Textbook,Textbook Molestiae,5,3048,5,14478.0,1505.68,Credit Card,0.05,14478.0,0.0,0.10399778974996547,2024,3,29,4,Spring
12996,2024-06-15,Alisha Char,West,Pune,Beauty,Foundation,Foundation Deserunt,2,9157,5,17398.3,3437.35,Cod,0.05,17398.3,0.0,0.19756815321037113,2024,6,15,5,Summer
12997,2024-04-22,Myra Ramaswamy,West,Surat,Beauty,Lipstick,Lipstick Accusantium,3,264,0,792.0,151.42,Net Banking,0.0,792.0,0.0,0.19118686868686868,2024,4,22,0,Spring
12998,2024-12-22,Yasmin Arya,East,Bhubaneswar,Electronics,Headphones,Headphones Tempora,2,39922,0,79844.0,10269.18,Debit Card,0.0,79844.0,0.0,0.1286155503231301,2024,12,22,6,winter
12999,2024-12-08,Piya Wable,South,Chennai,Beauty,Shampoo,Shampoo Inventore,4,60118,10,216424.8,25972.2,Credit Card,0.1,216424.80000000002,2.9103830456733704e-11,0.12000565554409662,2024,12,8,6,winter
13000,2024-05-05,Hansh Ray,West,Goa,Home Decor,Vase,Vase Beatae,1,42595,10,38335.5,8363.79,Debit Card,0.1,38335.5,0.0,0.2181734945416129,2024,5,5,6,Spring
13001,2024-04-02,Jayan Toor,East,Kolkata,Electronics,Laptop,Laptop Ab,1,41520,20,33216.0,2899.83,Upi,0.2,33216.0,0.0,0.08730220375722543,2024,4,2,1,Spring
13002,2023-12-23,Emir Jain,South,Hyderabad,Books,Non-Fiction,Non-Fiction Perspiciatis,1,49849,5,47356.55,9849.56,Upi,0.05,47356.549999999996,7.275957614183426e-12,0.2079872794787627,2023,12,23,5,winter
13003,2025-09-17,Hansh Tata,East,Kolkata,Toys,Board Game,Board Game Officiis,2,33608,10,60494.4,12705.82,Debit Card,0.1,60494.4,0.0,0.21003299478960036,2025,9,17,2,Fall
13004,2025-03-07,Mishti Chadha,East,Patna,Furniture,Cabinet,Cabinet Repudiandae,1,54176,5,51467.2,10699.67,Credit Card,0.05,51467.2,0.0,0.20789298815556317,2025,3,7,4,Spring
13005,2024-07-22,Shanaya Sani,South,Chennai,Furniture,Bed,Bed Dolorem,4,46580,15,158372.0,28095.77,Debit Card,0.15,158372.0,0.0,0.17740364458363853,2024,7,22,0,Summer
13006,2025-06-12,Rati Varty,South,Coimbatore,Home Decor,Wall Art,Wall Art Distinctio,2,66721,10,120097.8,26133.82,Upi,0.1,120097.8,0.0,0.21760448567750615,2025,6,12,3,Summer
13007,2024-11-01,Zara Din,North,Amritsar,Groceries,Wheat,Wheat Soluta,5,4578,0,22890.0,2739.12,Upi,0.0,22890.0,0.0,0.11966448230668414,2024,11,1,4,Fall
13008,2025-06-13,Ahana  Choudhary,South,Hyderabad,Kitchen,Cookware Set,Cookware Set Modi,2,8544,5,16233.6,1766.93,Credit Card,0.05,16233.599999999999,1.8189894035458565e-12,0.10884400256258624,2025,6,13,4,Summer
13009,2025-04-11,Tejas Dugar,West,Ahmedabad,Sports,Football,Football Commodi,1,3203,15,2722.55,449.4,Credit Card,0.15,2722.5499999999997,4.547473508864641e-13,0.16506583901122107,2025,4,11,4,Spring
13010,2024-06-03,Adira Kale,East,Ranchi,Sports,Football,Football Est,1,25701,15,21845.85,2165.71,Net Banking,0.15,21845.85,0.0,0.0991359915041072,2024,6,3,0,Summer
13011,2024-09-22,Stuvan Kata,East,Kolkata,Groceries,Sugar,Sugar Quidem,2,55582,5,105605.8,8497.31,Upi,0.05,105605.79999999999,1.4551915228366852e-11,0.0804625314139943,2024,9,22,6,Fall
13012,2024-07-21,Jiya Rastogi,East,Kolkata,Kitchen,Refrigerator,Refrigerator Eaque,2,66808,5,126935.2,18226.83,Upi,0.05,126935.2,0.0,0.14359161209814142,2024,7,21,6,Summer
13013,2024-07-17,Madhav Ramakrishnan,South,Chennai,Home Decor,Cushion,Cushion Provident,5,30083,20,120332.0,6259.45,Cod,0.2,120332.0,0.0,0.05201816640627597,2024,7,17,2,Summer
13014,2025-03-04,Rania Sha,North,Jaipur,Home Decor,Wall Art,Wall Art Quia,5,59448,5,282378.0,67947.89,Net Banking,0.05,282378.0,0.0,0.2406274213996841,2025,3,4,1,Spring
13015,2025-09-24,Reyansh Chandran,South,Coimbatore,Toys,Action Figure,Action Figure Similique,5,53981,20,215924.0,32677.54,Debit Card,0.2,215924.0,0.0,0.15133815601785813,2025,9,24,2,Fall
13016,2024-08-11,Kaira Andra,South,Coimbatore,Toys,Doll,Doll Sit,3,3570,10,9639.0,2116.57,Upi,0.1,9639.0,0.0,0.2195839817408445,2024,8,11,6,Summer
13017,2024-06-10,Nehmat Bakshi,North,Lucknow,Sports,Football,Football Nihil,1,34871,10,31383.9,1697.65,Cod,0.1,31383.9,0.0,0.05409302221839861,2024,6,10,0,Summer
13018,2024-07-22,Yasmin Choudhary,North,Chandigarh,Groceries,Spices,Spices Nulla,2,31854,0,63708.0,9996.08,Debit Card,0.0,63708.0,0.0,0.15690462736234068,2024,7,22,0,Summer
13019,2025-03-28,Darshit Lanka,South,Chennai,Electronics,Laptop,Laptop Fuga,2,36773,5,69868.7,12029.07,Net Banking,0.05,69868.7,0.0,0.17216679285574227,2025,3,28,4,Spring
13020,2025-08-11,Kaira Walia,South,Chennai,Home Decor,Cushion,Cushion Exercitationem,3,65805,15,167802.75,9532.49,Credit Card,0.15,167802.75,0.0,0.05680771024312772,2025,8,11,0,Summer
13021,2024-08-10,Abram Mahajan,West,Goa,Books,Fiction,Fiction Reprehenderit,4,76032,5,288921.6,14845.82,Net Banking,0.05,288921.6,0.0,0.05138355872319689,2024,8,10,5,Summer
13022,2023-11-05,Ivan Ray,East,Guwahati,Electronics,Mobile,Mobile Repellat,4,63656,5,241892.8,47368.7,Cod,0.05,241892.8,0.0,0.19582517544962066,2023,11,5,6,Fall
13023,2024-07-07,Prerak Brahmbhatt,West,Pune,Furniture,Sofa,Sofa Saepe,4,2486,0,9944.0,1778.2,Upi,0.0,9944.0,0.0,0.17882139983909895,2024,7,7,6,Summer
13024,2025-07-29,Mamooty Luthra,South,Bangalore,Furniture,Bed,Bed Nisi,2,61345,5,116555.5,19507.55,Cod,0.05,116555.5,0.0,0.16736704831603827,2025,7,29,1,Summer
13025,2025-04-15,Tushar Dani,East,Bhubaneswar,Clothing,Kids Wear,Kids Wear Exercitationem,3,22520,20,54048.0,12371.54,Cod,0.2,54048.0,0.0,0.22889912670219068,2025,4,15,1,Spring
13026,2024-12-18,Dhanush Loke,East,Bhubaneswar,Books,Non-Fiction,Non-Fiction Quae,4,73022,10,262879.2,36854.33,Net Banking,0.1,262879.2,0.0,0.14019492603446754,2024,12,18,2,winter
13027,2024-02-13,Rohan Vora,South,Hyderabad,Clothing,Kids Wear,Kids Wear Reprehenderit,1,75515,20,60412.0,9609.65,Credit Card,0.2,60412.0,0.0,0.15906856253724425,2024,2,13,1,winter
13028,2025-07-16,Yuvraj  Chad,West,Surat,Toys,Rc Car,RC Car Alias,3,47768,5,136138.8,21724.21,Net Banking,0.05,136138.8,0.0,0.15957397890975974,2025,7,16,2,Summer
13029,2024-02-12,Shray Dewan,West,Surat,Electronics,Laptop,Laptop Rerum,3,55611,0,166833.0,25996.35,Debit Card,0.0,166833.0,0.0,0.15582258905612198,2024,2,12,0,winter
13030,2024-06-15,Vidur Dutta,North,Jaipur,Beauty,Shampoo,Shampoo Commodi,5,61900,15,263075.0,30507.31,Upi,0.15,263075.0,0.0,0.11596430675662835,2024,6,15,5,Summer
13031,2024-12-22,Hunar Varty,West,Mumbai,Electronics,Laptop,Laptop Maxime,1,47330,10,42597.0,9898.51,Upi,0.1,42597.0,0.0,0.23237575416109116,2024,12,22,6,winter
13032,2025-04-08,Mishti Chowdhury,West,Surat,Beauty,Shampoo,Shampoo Nisi,5,4138,20,16552.0,3141.34,Credit Card,0.2,16552.0,0.0,0.18978612856452393,2025,4,8,1,Spring
13033,2024-12-09,Vaibhav Singhal,South,Bangalore,Books,Textbook,Textbook Quo,1,14104,15,11988.4,1637.8,Credit Card,0.15,11988.4,0.0,0.136615394881719,2024,12,9,0,winter
13034,2025-07-31,Farhan Kale,West,Goa,Books,Biography,Biography Quos,2,16789,15,28541.3,3394.96,Cod,0.15,28541.3,0.0,0.11894903175398458,2025,7,31,3,Summer
13035,2024-01-15,Divyansh Varma,East,Guwahati,Home Decor,Wall Art,Wall Art Et,2,28960,15,49232.0,4029.73,Cod,0.15,49232.0,0.0,0.08185184432889178,2024,1,15,0,winter
13036,2023-12-14,Emir Kulkarni,East,Kolkata,Furniture,Bed,Bed Nulla,4,61001,15,207403.4,18493.61,Credit Card,0.15,207403.4,0.0,0.08916734248329584,2023,12,14,3,winter
13037,2024-05-14,Elakshi Sangha,West,Goa,Kitchen,Microwave,Microwave Veniam,5,52901,10,238054.5,28025.07,Net Banking,0.1,238054.5,0.0,0.11772543682224028,2024,5,14,1,Spring
13038,2025-08-26,Vivaan Basu,East,Patna,Home Decor,Lamp,Lamp Nulla,3,26219,20,62925.6,10078.65,Net Banking,0.2,62925.600000000006,7.275957614183426e-12,0.1601677218810786,2025,8,26,1,Summer
13039,2024-12-08,Damini Hora,North,Chandigarh,Home Decor,Lamp,Lamp Praesentium,2,48953,10,88115.4,11763.57,Credit Card,0.1,88115.40000000001,1.4551915228366852e-11,0.13350186233053474,2024,12,8,6,winter
13040,2023-12-14,Aaryahi Taneja,North,Chandigarh,Electronics,Smartwatch,Smartwatch Iste,5,24950,15,106037.5,10712.41,Credit Card,0.15,106037.5,0.0,0.10102473181657433,2023,12,14,3,winter
13041,2024-10-18,Himmat Warrior,West,Surat,Clothing,Women'S Wear,Women's Wear Possimus,5,35783,15,152077.75,7926.92,Credit Card,0.15,152077.75,0.0,0.052124127296728155,2024,10,18,4,Fall
13042,2025-04-17,Indrans Seth,West,Ahmedabad,Clothing,Kids Wear,Kids Wear Eum,1,22723,0,22723.0,3015.02,Net Banking,0.0,22723.0,0.0,0.1326858249350878,2025,4,17,3,Spring
13043,2024-03-17,Shaan Sunder,West,Surat,Groceries,Rice,Rice Id,1,53059,10,47753.1,6951.29,Upi,0.1,47753.1,0.0,0.1455673034839623,2024,3,17,6,Spring
13044,2023-12-02,Aayush Kakar,South,Thiruvananthapuram,Beauty,Foundation,Foundation Ad,1,16349,20,13079.2,2485.08,Cod,0.2,13079.2,0.0,0.19000244663282156,2023,12,2,5,winter
13045,2024-02-26,Divit Koshy,North,Jaipur,Electronics,Camera,Camera Culpa,4,19551,15,66473.4,10615.49,Credit Card,0.15,66473.4,0.0,0.15969530669410623,2024,2,26,0,winter
13046,2023-12-02,Lakshay Devan,North,Chandigarh,Books,Biography,Biography Laboriosam,3,33505,0,100515.0,12501.44,Debit Card,0.0,100515.0,0.0,0.12437387454608766,2023,12,2,5,winter
13047,2024-10-23,Lagan Sarna,West,Goa,Furniture,Cabinet,Cabinet Quibusdam,3,26525,15,67638.75,10344.85,Upi,0.15,67638.75,0.0,0.15294265491304912,2024,10,23,2,Fall
13048,2024-10-16,Heer Dugal,East,Guwahati,Beauty,Lipstick,Lipstick Ea,1,71036,20,56828.8,5863.92,Credit Card,0.2,56828.8,0.0,0.10318570865476659,2024,10,16,2,Fall
13049,2025-04-03,Dhanuk Atwal,North,Amritsar,Electronics,Smartwatch,Smartwatch Minus,2,69965,0,139930.0,19954.53,Credit Card,0.0,139930.0,0.0,0.1426036589723433,2025,4,3,3,Spring
13050,2025-01-15,Eva Arora,East,Guwahati,Electronics,Mobile,Mobile Dolores,1,71876,10,64688.4,9795.77,Net Banking,0.1,64688.4,0.0,0.1514300863833392,2025,1,15,2,winter
13051,2024-06-25,Kashvi Sandhu,West,Mumbai,Electronics,Smartwatch,Smartwatch Vitae,5,23597,20,94388.0,22123.47,Debit Card,0.2,94388.0,0.0,0.23438858753231345,2024,6,25,1,Summer
13052,2025-01-19,Pranay Iyengar,North,Lucknow,Books,Non-Fiction,Non-Fiction Iste,4,29395,5,111701.0,13191.05,Debit Card,0.05,111701.0,0.0,0.11809249693377856,2025,1,19,6,winter
13053,2025-06-09,Kartik Dutt,East,Guwahati,Beauty,Lipstick,Lipstick Accusamus,4,73212,0,292848.0,43805.32,Debit Card,0.0,292848.0,0.0,0.14958381139703875,2025,6,9,0,Summer
13054,2024-12-11,Divyansh Bumb,West,Pune,Kitchen,Juicer,Juicer Iure,2,38478,10,69260.4,8452.35,Cod,0.1,69260.40000000001,1.4551915228366852e-11,0.12203726804927492,2024,12,11,2,winter
13055,2025-08-04,Shalv Garde,East,Kolkata,Sports,Cricket Bat,Cricket Bat Corrupti,1,77933,0,77933.0,7876.25,Net Banking,0.0,77933.0,0.0,0.10106437580999063,2025,8,4,0,Summer
13056,2025-05-18,Samarth Brar,East,Ranchi,Beauty,Face Cream,Face Cream Voluptatibus,2,61973,10,111551.4,15434.62,Upi,0.1,111551.40000000001,1.4551915228366852e-11,0.13836330158115454,2025,5,18,6,Spring
13057,2023-11-22,Inaaya  Subramanian,East,Patna,Furniture,Bed,Bed Ullam,4,17771,0,71084.0,6882.6,Net Banking,0.0,71084.0,0.0,0.09682347645039673,2023,11,22,2,Fall
13058,2025-09-16,Sumer Majumdar,South,Chennai,Electronics,Smartwatch,Smartwatch Consectetur,3,63135,10,170464.5,10224.17,Cod,0.1,170464.5,0.0,0.05997829460092864,2025,9,16,1,Fall
13059,2024-05-31,Raghav Hari,West,Goa,Groceries,Rice,Rice Esse,3,79841,0,239523.0,26323.93,Net Banking,0.0,239523.0,0.0,0.10990147083996109,2024,5,31,4,Spring
13060,2024-03-16,Jiya Chaudhary,East,Patna,Books,Textbook,Textbook Commodi,1,317,15,269.45,38.24,Net Banking,0.15,269.45,0.0,0.14191872332529226,2024,3,16,5,Spring
13061,2025-08-18,Ojas Bala,West,Surat,Electronics,Smartwatch,Smartwatch Suscipit,2,3923,10,7061.4,1206.4,Debit Card,0.1,7061.400000000001,9.094947017729282e-13,0.17084430849406634,2025,8,18,0,Summer
13062,2024-01-16,Samarth Gera,West,Mumbai,Kitchen,Mixer Grinder,Mixer Grinder Enim,4,45989,15,156362.6,36552.82,Net Banking,0.15,156362.6,0.0,0.23376958428677957,2024,1,16,1,winter
13063,2024-05-14,Samarth Dar,West,Ahmedabad,Beauty,Face Cream,Face Cream Voluptates,4,2395,15,8143.0,727.83,Debit Card,0.15,8143.0,0.0,0.08938106349011421,2024,5,14,1,Spring
13064,2024-02-11,Trisha Sodhi,South,Hyderabad,Clothing,Kids Wear,Kids Wear Magnam,4,3266,5,12410.8,2481.81,Net Banking,0.05,12410.8,0.0,0.19997179875592228,2024,2,11,6,winter
13065,2025-06-30,Parinaaz Sidhu,East,Guwahati,Toys,Rc Car,RC Car Consectetur,3,64714,10,174727.8,41459.43,Debit Card,0.1,174727.80000000002,2.9103830456733704e-11,0.23728010081967496,2025,6,30,0,Summer
13066,2024-11-04,Gatik Chaudhary,East,Patna,Furniture,Bed,Bed Esse,1,278,5,264.1,19.12,Upi,0.05,264.09999999999997,5.684341886080802e-14,0.07239681938659598,2024,11,4,0,Fall
13067,2024-05-02,Diya Buch,North,Delhi,Electronics,Camera,Camera Corrupti,2,27771,10,49987.8,6019.35,Credit Card,0.1,49987.8,0.0,0.1204163815971097,2024,5,2,3,Spring
13068,2024-10-14,Dhanuk Bava,South,Bangalore,Electronics,Headphones,Headphones Voluptates,4,74225,10,267210.0,19685.0,Cod,0.1,267210.0,0.0,0.07366865012536956,2024,10,14,0,Fall
13069,2025-02-01,Manjari Rajagopal,West,Pune,Books,Textbook,Textbook Animi,5,64232,10,289044.0,51823.53,Cod,0.1,289044.0,0.0,0.1792928758251339,2025,2,1,5,winter
13070,2024-05-07,Aarav Rastogi,East,Kolkata,Kitchen,Juicer,Juicer Excepturi,1,79127,5,75170.65,11863.43,Credit Card,0.05,75170.65,0.0,0.15781997362002326,2024,5,7,1,Spring
13071,2024-04-16,Keya Edwin,South,Bangalore,Toys,Puzzle,Puzzle Ut,1,72835,5,69193.25,9252.79,Debit Card,0.05,69193.25,0.0,0.1337238820260647,2024,4,16,1,Spring
13072,2024-04-12,Rania Raman,South,Coimbatore,Furniture,Chair,Chair Perferendis,4,8180,0,32720.0,2779.92,Upi,0.0,32720.0,0.0,0.08496088019559903,2024,4,12,4,Spring
13073,2023-12-30,Hrishita Bera,South,Bangalore,Groceries,Wheat,Wheat Veniam,4,24631,5,93597.8,11213.7,Debit Card,0.05,93597.79999999999,1.4551915228366852e-11,0.11980730316310854,2023,12,30,5,winter
13074,2024-10-23,Samiha Sachar,West,Pune,Furniture,Sofa,Sofa Atque,5,68127,10,306571.5,51208.5,Upi,0.1,306571.5,0.0,0.16703607478190244,2024,10,23,2,Fall
13075,2023-10-09,Ayesha D鈥橝Lia,South,Thiruvananthapuram,Sports,Tennis Racket,Tennis Racket Cumque,2,36160,5,68704.0,13928.85,Credit Card,0.05,68704.0,0.0,0.20273710409874243,2023,10,9,0,Fall
13076,2025-09-03,Kimaya Dugar,East,Bhubaneswar,Home Decor,Lamp,Lamp Excepturi,2,39527,20,63243.2,10326.16,Cod,0.2,63243.200000000004,7.275957614183426e-12,0.1632770005312824,2025,9,3,2,Fall
13077,2025-06-30,Ayesha Garde,West,Surat,Home Decor,Vase,Vase Quo,1,14371,15,12215.35,1679.02,Upi,0.15,12215.35,0.0,0.13745164894988682,2025,6,30,0,Summer
13078,2025-05-29,Armaan Krishnamurthy,South,Thiruvananthapuram,Electronics,Laptop,Laptop Aperiam,2,13288,5,25247.2,2401.94,Debit Card,0.05,25247.199999999997,3.637978807091713e-12,0.09513688646661808,2025,5,29,3,Spring
13079,2023-10-19,Yasmin Wable,West,Pune,Sports,Football,Football Consequatur,4,19841,5,75395.8,12702.86,Net Banking,0.05,75395.8,0.0,0.1684823292544147,2023,10,19,3,Fall
13080,2024-11-01,Mehul Hayre,West,Ahmedabad,Furniture,Sofa,Sofa Soluta,3,68638,15,175026.9,17034.03,Upi,0.15,175026.9,0.0,0.09732235444951605,2024,11,1,4,Fall
13081,2025-04-04,Ahana  Ray,South,Chennai,Groceries,Wheat,Wheat A,2,11203,10,20165.4,3987.05,Net Banking,0.1,20165.4,0.0,0.19771737728981323,2025,4,4,4,Spring
13082,2023-12-15,Nitya Kohli,South,Bangalore,Beauty,Shampoo,Shampoo Possimus,2,63253,5,120180.7,19412.75,Credit Card,0.05,120180.7,0.0,0.1615296798903651,2023,12,15,4,winter
13083,2025-07-18,Rania Sarma,West,Goa,Furniture,Bed,Bed Ipsa,1,49630,10,44667.0,3531.27,Upi,0.1,44667.0,0.0,0.0790576935993015,2025,7,18,4,Summer
13084,2023-11-24,Jayan Chanda,East,Kolkata,Beauty,Perfume,Perfume Dolorum,3,45931,10,124013.7,17277.47,Debit Card,0.1,124013.7,0.0,0.1393190429767034,2023,11,24,4,Fall
13085,2024-08-06,Suhana Raval,South,Bangalore,Clothing,Men'S Wear,Men's Wear Molestias,1,19394,0,19394.0,2147.59,Cod,0.0,19394.0,0.0,0.1107347633288646,2024,8,6,1,Summer
13086,2024-10-09,Ira Date,South,Coimbatore,Toys,Rc Car,RC Car Quos,5,777,5,3690.75,381.12,Credit Card,0.05,3690.75,0.0,0.10326356431619589,2024,10,9,2,Fall
13087,2024-11-04,Anahita Verma,West,Goa,Electronics,Laptop,Laptop Quas,3,38127,5,108661.95,26444.92,Net Banking,0.05,108661.95,0.0,0.2433687229062243,2024,11,4,0,Fall
13088,2024-04-02,Charvi Ganesh,North,Delhi,Kitchen,Cookware Set,Cookware Set Esse,1,45598,10,41038.2,8831.35,Upi,0.1,41038.200000000004,7.275957614183426e-12,0.21519827867694005,2024,4,2,1,Spring
13089,2024-09-28,Mishti Gupta,North,Amritsar,Electronics,Laptop,Laptop Magnam,2,30724,10,55303.2,13410.63,Cod,0.1,55303.200000000004,7.275957614183426e-12,0.2424928394740268,2024,9,28,5,Fall
13090,2024-07-20,Ishaan Madan,North,Lucknow,Beauty,Lipstick,Lipstick Eligendi,4,77551,10,279183.6,37205.72,Upi,0.1,279183.60000000003,5.820766091346741e-11,0.13326613740921747,2024,7,20,5,Summer
13091,2024-03-13,Madhav Kashyap,West,Mumbai,Groceries,Rice,Rice Similique,4,42890,15,145826.0,7889.12,Cod,0.15,145826.0,0.0,0.054099543291319795,2024,3,13,2,Spring
13092,2024-08-09,Ryan Tank,North,Delhi,Home Decor,Clock,Clock Quisquam,2,49766,10,89578.8,15571.54,Cod,0.1,89578.8,0.0,0.1738306384992878,2024,8,9,4,Summer
13093,2024-04-06,Advik Contractor,West,Pune,Books,Non-Fiction,Non-Fiction Veniam,1,53141,10,47826.9,8928.09,Upi,0.1,47826.9,0.0,0.1866750719783218,2024,4,6,5,Spring
13094,2025-05-04,Dhanuk Krish,South,Chennai,Electronics,Smartwatch,Smartwatch Perspiciatis,1,34661,10,31194.9,4803.49,Credit Card,0.1,31194.9,0.0,0.15398318314852746,2025,5,4,6,Spring
13095,2024-08-13,Kabir Sunder,South,Bangalore,Electronics,Smartwatch,Smartwatch Iusto,1,61952,0,61952.0,5178.3,Upi,0.0,61952.0,0.0,0.0835856792355372,2024,8,13,1,Summer
13096,2024-05-24,Nitara Contractor,South,Thiruvananthapuram,Sports,Dumbbells,Dumbbells Magnam,2,14673,15,24944.1,2237.36,Upi,0.15,24944.1,0.0,0.08969495792592237,2024,5,24,4,Spring
13097,2024-12-08,Lagan Hans,East,Guwahati,Clothing,Men'S Wear,Men's Wear Officia,4,39989,10,143960.4,31677.41,Upi,0.1,143960.4,0.0,0.22004252558342433,2024,12,8,6,winter
13098,2024-06-27,Adira Bala,North,Jaipur,Electronics,Smartwatch,Smartwatch Quibusdam,5,62411,20,249644.0,38502.6,Debit Card,0.2,249644.0,0.0,0.15423002355354024,2024,6,27,3,Summer
13099,2024-09-11,Riaan Dutta,South,Coimbatore,Sports,Cricket Bat,Cricket Bat Itaque,3,53611,10,144749.7,22216.6,Debit Card,0.1,144749.7,0.0,0.15348287423048199,2024,9,11,2,Fall
13100,2024-07-07,Tanya Goel,East,Ranchi,Beauty,Perfume,Perfume Dolor,5,62693,10,282118.5,17582.89,Upi,0.1,282118.5,0.0,0.062324484214966405,2024,7,7,6,Summer
13101,2025-04-18,Vanya Gade,North,Lucknow,Furniture,Sofa,Sofa Sed,1,10319,15,8771.15,1189.05,Credit Card,0.15,8771.15,0.0,0.1355637516175188,2025,4,18,4,Spring
13102,2024-09-06,Madhup Bumb,North,Delhi,Electronics,Headphones,Headphones Ut,2,19277,10,34698.6,8270.92,Cod,0.1,34698.6,0.0,0.23836466024565833,2024,9,6,4,Fall
13103,2025-09-04,Jayan Jaggi,East,Kolkata,Furniture,Sofa,Sofa Reprehenderit,2,33700,10,60660.0,14264.09,Upi,0.1,60660.0,0.0,0.23514820309924167,2025,9,4,3,Fall
13104,2024-01-05,Nitya Saini,East,Bhubaneswar,Groceries,Sugar,Sugar Excepturi,1,79048,15,67190.8,9016.43,Net Banking,0.15,67190.8,0.0,0.13419143692291208,2024,1,5,4,winter
13105,2025-06-04,Adira Kota,West,Surat,Kitchen,Juicer,Juicer Enim,1,9604,15,8163.4,1970.05,Debit Card,0.15,8163.4,0.0,0.24132714310213882,2025,6,4,2,Summer
13106,2025-02-16,Ira Bains,North,Chandigarh,Kitchen,Mixer Grinder,Mixer Grinder Quas,3,48018,10,129648.6,27366.93,Cod,0.1,129648.6,0.0,0.2110854262984714,2025,2,16,6,winter
13107,2025-06-29,Chirag Dugar,West,Pune,Clothing,Women'S Wear,Women's Wear Eaque,4,77163,5,293219.4,68138.69,Cod,0.05,293219.39999999997,5.820766091346741e-11,0.23238124762549817,2025,6,29,6,Summer
13108,2025-02-17,Dhanush Tandon,North,Amritsar,Kitchen,Juicer,Juicer Voluptatem,2,64852,0,129704.0,28406.79,Debit Card,0.0,129704.0,0.0,0.21901244371800407,2025,2,17,0,winter
13109,2024-12-06,Aarna Chakrabarti,West,Goa,Clothing,Women'S Wear,Women's Wear Inventore,4,63460,10,228456.0,56513.51,Cod,0.1,228456.0,0.0,0.24737152887208042,2024,12,6,4,winter
13110,2025-02-28,Damini Goel,West,Mumbai,Toys,Action Figure,Action Figure Fugit,5,27665,10,124492.5,19127.07,Cod,0.1,124492.5,0.0,0.15364033977950478,2025,2,28,4,winter
13111,2024-08-13,Siya Subramaniam,North,Chandigarh,Toys,Action Figure,Action Figure Magni,2,17520,5,33288.0,7421.63,Cod,0.05,33288.0,0.0,0.22295211487623168,2024,8,13,1,Summer
13112,2025-09-21,Anika Chaudhry,South,Coimbatore,Kitchen,Mixer Grinder,Mixer Grinder Officiis,5,23535,20,94140.0,13631.33,Cod,0.2,94140.0,0.0,0.14479849160824304,2025,9,21,6,Fall
13113,2024-05-25,Tarini Manne,West,Pune,Groceries,Rice,Rice Illo,1,25231,10,22707.9,2207.4,Debit Card,0.1,22707.9,0.0,0.09720846049172314,2024,5,25,5,Spring
13114,2024-03-17,Dharmajan Kapadia,North,Lucknow,Electronics,Mobile,Mobile Deserunt,4,3154,5,11985.2,2016.93,Upi,0.05,11985.199999999999,1.8189894035458565e-12,0.1682850515635951,2024,3,17,6,Spring
13115,2025-03-23,Onkar Dhar,South,Hyderabad,Books,Fiction,Fiction Omnis,2,46840,0,93680.0,22092.64,Credit Card,0.0,93680.0,0.0,0.23583091374893253,2025,3,23,6,Spring
13116,2023-12-09,Samarth Wagle,West,Mumbai,Clothing,Women'S Wear,Women's Wear Id,2,78875,15,134087.5,10253.53,Upi,0.15,134087.5,0.0,0.07646894751561481,2023,12,9,5,winter
13117,2025-02-24,Piya Khurana,South,Coimbatore,Electronics,Headphones,Headphones Non,4,23019,5,87472.2,9805.34,Upi,0.05,87472.2,0.0,0.1120966432763781,2025,2,24,0,winter
13118,2023-12-03,Dhanuk Rao,South,Hyderabad,Groceries,Rice,Rice Porro,5,28171,20,112684.0,25920.55,Cod,0.2,112684.0,0.0,0.23002866422917184,2023,12,3,6,winter
13119,2024-07-03,Shanaya Desai,South,Chennai,Toys,Action Figure,Action Figure Quis,2,48532,15,82504.4,17146.48,Net Banking,0.15,82504.4,0.0,0.20782503721013668,2024,7,3,2,Summer
13120,2024-05-02,Ishita Khosla,East,Bhubaneswar,Home Decor,Lamp,Lamp Id,2,12121,5,23029.9,2474.98,Cod,0.05,23029.899999999998,3.637978807091713e-12,0.1074681175341621,2024,5,2,3,Spring
13121,2024-07-24,Navya Dora,East,Bhubaneswar,Sports,Tennis Racket,Tennis Racket Consequatur,5,54726,10,246267.0,39194.91,Upi,0.1,246267.0,0.0,0.15915615977780215,2024,7,24,2,Summer
13122,2024-12-09,Aarush Bains,East,Kolkata,Beauty,Lipstick,Lipstick Accusamus,5,63511,0,317555.0,75212.33,Credit Card,0.0,317555.0,0.0,0.23684819952449182,2024,12,9,0,winter
13123,2025-05-11,Sara Sarna,East,Patna,Books,Textbook,Textbook Fuga,4,1047,20,3350.4,331.93,Net Banking,0.2,3350.4,0.0,0.09907175262655206,2025,5,11,6,Spring
13124,2023-12-03,Yasmin Konda,South,Hyderabad,Electronics,Smartwatch,Smartwatch Accusamus,1,55644,0,55644.0,9752.27,Cod,0.0,55644.0,0.0,0.17526184314571203,2023,12,3,6,winter
13125,2024-03-08,Yashvi Banik,South,Bangalore,Furniture,Cabinet,Cabinet Eligendi,5,48079,20,192316.0,10171.47,Net Banking,0.2,192316.0,0.0,0.05288935917968343,2024,3,8,4,Spring
13126,2024-09-03,Dhanush Vig,West,Pune,Books,Biography,Biography Enim,2,23079,5,43850.1,8029.78,Net Banking,0.05,43850.1,0.0,0.18311885263659605,2024,9,3,1,Fall
13127,2025-06-28,Zeeshan Gala,North,Amritsar,Toys,Board Game,Board Game Itaque,5,43522,5,206729.5,28479.14,Cod,0.05,206729.5,0.0,0.13776040671505518,2025,6,28,5,Summer
13128,2024-01-02,Dhanush Dhingra,East,Patna,Beauty,Foundation,Foundation Blanditiis,2,24516,5,46580.4,9344.05,Net Banking,0.05,46580.4,0.0,0.20060046714927307,2024,1,2,1,winter
13129,2024-03-21,Kabir Golla,North,Chandigarh,Sports,Dumbbells,Dumbbells Odio,2,6535,15,11109.5,1550.18,Upi,0.15,11109.5,0.0,0.13953643278275352,2024,3,21,3,Spring
13130,2024-06-26,Sumer Ramachandran,South,Chennai,Beauty,Foundation,Foundation Expedita,1,41000,15,34850.0,4658.1,Net Banking,0.15,34850.0,0.0,0.13366140602582496,2024,6,26,2,Summer
13131,2024-02-27,Myra Chatterjee,South,Bangalore,Electronics,Mobile,Mobile Corrupti,3,2691,20,6458.4,1535.57,Net Banking,0.2,6458.400000000001,9.094947017729282e-13,0.23776322308931006,2024,2,27,1,winter
13132,2023-11-10,Hansh Sankaran,North,Chandigarh,Electronics,Mobile,Mobile Facilis,4,8171,10,29415.6,5836.71,Cod,0.1,29415.600000000002,3.637978807091713e-12,0.19842226573654798,2023,11,10,4,Fall
13133,2025-03-15,Shray Hayre,West,Ahmedabad,Home Decor,Vase,Vase Eveniet,4,52936,0,211744.0,32979.53,Upi,0.0,211744.0,0.0,0.1557518985189663,2025,3,15,5,Spring
13134,2024-01-12,Kartik Sagar,West,Ahmedabad,Sports,Cricket Bat,Cricket Bat Eos,5,21480,10,96660.0,13965.81,Debit Card,0.1,96660.0,0.0,0.144483860955928,2024,1,12,4,winter
13135,2025-08-07,Ira Subramanian,South,Hyderabad,Electronics,Mobile,Mobile Et,4,53035,5,201533.0,11394.56,Credit Card,0.05,201533.0,0.0,0.05653942530503689,2025,8,7,3,Summer
13136,2024-03-27,Seher Din,East,Guwahati,Toys,Puzzle,Puzzle Dolore,2,78881,5,149873.9,26015.04,Debit Card,0.05,149873.9,0.0,0.17357952251859732,2024,3,27,2,Spring
13137,2025-03-08,Diya Mahal,East,Patna,Sports,Dumbbells,Dumbbells Sed,2,7277,20,11643.2,915.62,Cod,0.2,11643.2,0.0,0.07863989281297237,2025,3,8,5,Spring
13138,2023-10-08,Neelofar Karnik,West,Goa,Electronics,Mobile,Mobile Aut,4,11616,20,37171.2,7036.45,Cod,0.2,37171.200000000004,7.275957614183426e-12,0.18929843534779614,2023,10,8,6,Fall
13139,2024-04-08,Saanvi Sawhney,East,Kolkata,Kitchen,Juicer,Juicer Quidem,4,57976,10,208713.6,32534.33,Net Banking,0.1,208713.6,0.0,0.15588025888106957,2024,4,8,0,Spring
13140,2025-03-23,Aniruddh Kar,West,Surat,Kitchen,Microwave,Microwave Optio,2,33015,5,62728.5,13505.03,Cod,0.05,62728.5,0.0,0.2152933674486079,2025,3,23,6,Spring
13141,2025-08-15,Lavanya Wable,South,Thiruvananthapuram,Clothing,Women'S Wear,Women's Wear Ducimus,1,58721,20,46976.8,8783.09,Net Banking,0.2,46976.8,0.0,0.18696654518826314,2025,8,15,4,Summer
13142,2025-01-14,Ishita Kaur,West,Ahmedabad,Books,Non-Fiction,Non-Fiction Reiciendis,3,56352,0,169056.0,32024.33,Net Banking,0.0,169056.0,0.0,0.1894303071171683,2025,1,14,1,winter
13143,2025-05-31,Romil Dugal,North,Lucknow,Electronics,Headphones,Headphones Libero,4,49556,0,198224.0,31757.71,Cod,0.0,198224.0,0.0,0.1602112256840746,2025,5,31,5,Spring
13144,2024-11-14,Nakul Varghese,West,Ahmedabad,Groceries,Sugar,Sugar Rerum,4,72746,0,290984.0,61010.16,Credit Card,0.0,290984.0,0.0,0.2096684353778902,2024,11,14,3,Fall
13145,2024-03-02,Amira Bora,West,Mumbai,Kitchen,Juicer,Juicer Rem,2,7510,15,12767.0,2840.49,Credit Card,0.15,12767.0,0.0,0.22248688023811386,2024,3,2,5,Spring
13146,2025-07-21,Nakul Chand,North,Amritsar,Clothing,Accessories,Accessories Corporis,5,65600,10,295200.0,63951.15,Debit Card,0.1,295200.0,0.0,0.21663668699186991,2025,7,21,0,Summer
13147,2023-12-18,Sana Kalita,South,Coimbatore,Kitchen,Juicer,Juicer Quod,2,55871,0,111742.0,11119.41,Upi,0.0,111742.0,0.0,0.09950967407062698,2023,12,18,0,winter
13148,2024-11-27,Yasmin Sood,West,Pune,Sports,Dumbbells,Dumbbells Iusto,3,30928,0,92784.0,18735.52,Upi,0.0,92784.0,0.0,0.20192619417140886,2024,11,27,2,Fall
13149,2024-08-22,Indrajit Mall,South,Hyderabad,Groceries,Spices,Spices Quisquam,5,19307,20,77228.0,18753.54,Upi,0.2,77228.0,0.0,0.24283342829025742,2024,8,22,3,Summer
13150,2024-09-08,Krish Dar,South,Chennai,Furniture,Cabinet,Cabinet Dolores,5,38537,0,192685.0,15406.56,Net Banking,0.0,192685.0,0.0,0.07995723590315801,2024,9,8,6,Fall
13151,2025-06-04,Yasmin Saran,West,Surat,Sports,Yoga Mat,Yoga Mat Aliquam,4,25860,0,103440.0,16828.94,Credit Card,0.0,103440.0,0.0,0.1626927687548337,2025,6,4,2,Summer
13152,2024-12-30,Hazel Dhar,South,Hyderabad,Beauty,Face Cream,Face Cream Sit,5,58759,20,235036.0,18424.08,Net Banking,0.2,235036.0,0.0,0.07838833200020423,2024,12,30,0,winter
13153,2025-09-17,Vedika Mane,North,Amritsar,Clothing,Kids Wear,Kids Wear Iure,4,932,20,2982.4,712.76,Net Banking,0.2,2982.4,0.0,0.2389887339055794,2025,9,17,2,Fall
13154,2024-11-22,Nayantara Majumdar,South,Chennai,Home Decor,Vase,Vase Rerum,5,65586,5,311533.5,49260.51,Upi,0.05,311533.5,0.0,0.1581226738055458,2024,11,22,4,Fall
13155,2024-09-06,Shanaya Kapoor,North,Chandigarh,Clothing,Men'S Wear,Men's Wear Odit,4,74267,15,252507.8,47461.3,Net Banking,0.15,252507.8,0.0,0.18795973827343157,2024,9,6,4,Fall
13156,2024-05-25,Zara Varghese,West,Goa,Toys,Rc Car,RC Car Minima,5,31541,5,149819.75,19113.2,Debit Card,0.05,149819.75,0.0,0.12757463552035028,2024,5,25,5,Spring
13157,2024-02-22,Inaaya  Dara,North,Amritsar,Groceries,Wheat,Wheat Distinctio,4,18626,20,59603.2,4144.46,Cod,0.2,59603.200000000004,7.275957614183426e-12,0.06953418608396865,2024,2,22,3,winter
13158,2024-11-19,Stuvan Sangha,South,Hyderabad,Groceries,Wheat,Wheat Sed,4,57679,15,196108.6,14044.21,Credit Card,0.15,196108.6,0.0,0.07161445240035368,2024,11,19,1,Fall
13159,2024-04-29,Tara Gill,North,Amritsar,Furniture,Cabinet,Cabinet Magnam,1,32555,10,29299.5,3886.88,Credit Card,0.1,29299.5,0.0,0.13266028430519292,2024,4,29,0,Spring
13160,2023-10-29,Saanvi Sahni,West,Goa,Electronics,Headphones,Headphones Corporis,2,70884,20,113414.4,17484.96,Credit Card,0.2,113414.40000000001,1.4551915228366852e-11,0.1541687828000677,2023,10,29,6,Fall
13161,2023-11-26,Ritvik Dash,North,Delhi,Home Decor,Cushion,Cushion Et,3,37434,5,106686.9,5726.62,Credit Card,0.05,106686.9,0.0,0.05367688066669854,2023,11,26,6,Fall
13162,2025-06-22,Hridaan Gade,West,Pune,Clothing,Kids Wear,Kids Wear Enim,1,71307,0,71307.0,3732.36,Cod,0.0,71307.0,0.0,0.05234212629896083,2025,6,22,6,Summer
13163,2025-08-22,Gatik Savant,East,Kolkata,Electronics,Mobile,Mobile Facilis,4,24518,20,78457.6,10542.24,Cod,0.2,78457.6,0.0,0.13436862713108735,2025,8,22,4,Summer
13164,2024-11-22,Kavya Bajaj,South,Coimbatore,Kitchen,Cookware Set,Cookware Set Eos,5,72434,10,325953.0,21190.7,Cod,0.1,325953.0,0.0,0.06501152006577636,2024,11,22,4,Fall
13165,2024-10-24,Yasmin Uppal,West,Goa,Groceries,Wheat,Wheat Eum,2,48160,15,81872.0,12869.54,Upi,0.15,81872.0,0.0,0.15719098104358023,2024,10,24,3,Fall
13166,2024-08-03,Vedika Yadav,East,Ranchi,Clothing,Accessories,Accessories Velit,2,65492,20,104787.2,15070.65,Net Banking,0.2,104787.20000000001,1.4551915228366852e-11,0.14382147819581018,2024,8,3,5,Summer
13167,2025-05-15,Lavanya Srivastava,South,Bangalore,Sports,Yoga Mat,Yoga Mat Facere,4,14204,15,48293.6,9440.48,Credit Card,0.15,48293.6,0.0,0.19548097470472278,2025,5,15,3,Spring
13168,2025-06-17,Ishita Chacko,North,Lucknow,Books,Biography,Biography Sed,5,16483,20,65932.0,10865.77,Debit Card,0.2,65932.0,0.0,0.16480267548383185,2025,6,17,1,Summer
13169,2024-08-26,Zain Guha,East,Patna,Clothing,Shoes,Shoes Consectetur,5,10706,0,53530.0,12038.72,Credit Card,0.0,53530.0,0.0,0.22489669344292917,2024,8,26,0,Summer
13170,2025-07-23,Piya Sani,West,Goa,Books,Non-Fiction,Non-Fiction Omnis,4,1730,10,6228.0,749.58,Upi,0.1,6228.0,0.0,0.12035645472061658,2025,7,23,2,Summer
13171,2025-06-21,Sara Deshmukh,West,Pune,Clothing,Women'S Wear,Women's Wear Repellendus,3,72618,20,174283.2,15378.45,Cod,0.2,174283.2,0.0,0.08823828114241648,2025,6,21,5,Summer
13172,2025-01-11,Dhanuk Din,North,Delhi,Electronics,Camera,Camera Vero,4,51884,20,166028.8,37882.17,Debit Card,0.2,166028.80000000002,2.9103830456733704e-11,0.22816625790224346,2025,1,11,5,winter
13173,2025-07-10,Taimur Banerjee,North,Delhi,Kitchen,Mixer Grinder,Mixer Grinder Animi,5,37606,10,169227.0,29678.19,Net Banking,0.1,169227.0,0.0,0.17537502880745978,2025,7,10,3,Summer
13174,2025-05-09,Hunar Aggarwal,South,Coimbatore,Sports,Cricket Bat,Cricket Bat Assumenda,3,25349,15,64639.95,6608.14,Debit Card,0.15,64639.95,0.0,0.10222996769025967,2025,5,9,4,Spring
13175,2023-10-08,Armaan Dugar,East,Bhubaneswar,Books,Comics,Comics Esse,5,58608,10,263736.0,28829.07,Debit Card,0.1,263736.0,0.0,0.10931033306033305,2023,10,8,6,Fall
13176,2025-05-18,Ehsaan Srivastava,West,Pune,Furniture,Cabinet,Cabinet Accusantium,1,73507,20,58805.6,4650.02,Debit Card,0.2,58805.600000000006,7.275957614183426e-12,0.07907444188988805,2025,5,18,6,Spring
13177,2025-01-23,Indrajit Kapadia,West,Pune,Kitchen,Cookware Set,Cookware Set Necessitatibus,3,37202,10,100445.4,11651.15,Credit Card,0.1,100445.40000000001,1.4551915228366852e-11,0.11599485889846624,2025,1,23,3,winter
13178,2024-11-30,Vaibhav Bora,East,Guwahati,Beauty,Perfume,Perfume Exercitationem,2,41831,5,79478.9,14297.47,Debit Card,0.05,79478.9,0.0,0.17989013436270507,2024,11,30,5,Fall
13179,2024-06-27,Sumer Thakkar,South,Thiruvananthapuram,Clothing,Shoes,Shoes Quia,3,17583,20,42199.2,2794.58,Net Banking,0.2,42199.200000000004,7.275957614183426e-12,0.06622353030389203,2024,6,27,3,Summer
13180,2025-09-29,Kismat Das,North,Lucknow,Home Decor,Lamp,Lamp Illo,4,25481,20,81539.2,4892.61,Debit Card,0.2,81539.20000000001,1.4551915228366852e-11,0.06000316412228719,2025,9,29,0,Fall
13181,2024-05-11,Saanvi Yogi,South,Chennai,Sports,Tennis Racket,Tennis Racket Laboriosam,1,62606,20,50084.8,5298.77,Credit Card,0.2,50084.8,0.0,0.10579597003482094,2024,5,11,5,Spring
13182,2024-11-06,Dhruv Divan,South,Coimbatore,Home Decor,Clock,Clock Aut,2,43739,0,87478.0,18772.76,Credit Card,0.0,87478.0,0.0,0.21459978508882233,2024,11,6,2,Fall
13183,2024-02-08,Zoya Sami,South,Coimbatore,Home Decor,Cushion,Cushion Quibusdam,1,5393,5,5123.35,820.26,Upi,0.05,5123.349999999999,9.094947017729282e-13,0.16010227683058934,2024,2,8,3,winter
13184,2024-07-16,Mishti Manne,South,Coimbatore,Sports,Tennis Racket,Tennis Racket Libero,4,14964,0,59856.0,14316.75,Upi,0.0,59856.0,0.0,0.23918654771451484,2024,7,16,1,Summer
13185,2025-07-24,Jivika Ratti,East,Bhubaneswar,Books,Textbook,Textbook Enim,5,11399,15,48445.75,11983.85,Cod,0.15,48445.75,0.0,0.24736638404813632,2025,7,24,3,Summer
13186,2024-01-23,Hridaan Shan,East,Guwahati,Electronics,Smartwatch,Smartwatch Assumenda,5,22001,5,104504.75,16062.8,Cod,0.05,104504.75,0.0,0.15370401823840543,2024,1,23,1,winter
13187,2025-02-10,Parinaaz D鈥橝Lia,West,Goa,Furniture,Table,Table Voluptatum,3,68647,10,185346.9,20453.81,Credit Card,0.1,185346.9,0.0,0.11035420608599336,2025,2,10,0,winter
13188,2025-01-07,Jayan Chahal,South,Hyderabad,Toys,Board Game,Board Game Minima,3,37653,10,101663.1,10123.36,Cod,0.1,101663.1,0.0,0.09957752616239324,2025,1,7,1,winter
13189,2024-12-07,Dharmajan Ratti,West,Surat,Books,Textbook,Textbook Voluptates,4,24371,10,87735.6,19597.07,Net Banking,0.1,87735.6,0.0,0.22336508783207726,2024,12,7,5,winter
13190,2025-05-30,Dhruv Kulkarni,East,Patna,Books,Fiction,Fiction Ipsum,4,39663,0,158652.0,38519.18,Credit Card,0.0,158652.0,0.0,0.24279038398507424,2025,5,30,4,Spring
13191,2025-03-19,Jayan Vasa,North,Lucknow,Groceries,Oil,Oil Sequi,1,16219,0,16219.0,2677.64,Upi,0.0,16219.0,0.0,0.16509279240397065,2025,3,19,2,Spring
13192,2025-05-07,Indranil Sood,East,Guwahati,Kitchen,Cookware Set,Cookware Set Odio,1,63000,0,63000.0,4286.16,Net Banking,0.0,63000.0,0.0,0.06803428571428571,2025,5,7,2,Spring
13193,2025-06-29,Misha Bandi,South,Coimbatore,Kitchen,Cookware Set,Cookware Set Doloribus,4,17155,20,54896.0,11120.28,Cod,0.2,54896.0,0.0,0.20256995045176335,2025,6,29,6,Summer
13194,2024-11-22,Shlok Bakshi,South,Thiruvananthapuram,Sports,Cricket Bat,Cricket Bat Placeat,2,10158,10,18284.4,2902.96,Credit Card,0.1,18284.4,0.0,0.15876703638073986,2024,11,22,4,Fall
13195,2024-07-06,Urvi Ganesh,East,Ranchi,Beauty,Face Cream,Face Cream Corrupti,1,50823,20,40658.4,6267.87,Credit Card,0.2,40658.4,0.0,0.15415928811758456,2024,7,6,5,Summer
13196,2024-07-19,Pranay Gola,West,Pune,Groceries,Wheat,Wheat Delectus,1,58194,0,58194.0,6749.93,Credit Card,0.0,58194.0,0.0,0.11599013644018284,2024,7,19,4,Summer
13197,2025-03-24,Adah Bassi,South,Thiruvananthapuram,Toys,Doll,Doll Nam,5,37682,10,169569.0,26335.15,Net Banking,0.1,169569.0,0.0,0.15530639444709823,2025,3,24,0,Spring
13198,2025-04-09,Nayantara Savant,North,Amritsar,Books,Textbook,Textbook Saepe,5,23752,5,112822.0,18546.81,Cod,0.05,112822.0,0.0,0.16439001258619773,2025,4,9,2,Spring
13199,2025-07-07,Kabir Gill,South,Hyderabad,Sports,Tennis Racket,Tennis Racket Voluptatum,5,74807,0,374035.0,31406.25,Upi,0.0,374035.0,0.0,0.08396607269373187,2025,7,7,0,Summer
13200,2025-01-06,Kanav Tank,South,Coimbatore,Books,Comics,Comics Quisquam,3,27799,10,75057.3,11023.33,Credit Card,0.1,75057.3,0.0,0.14686552806988792,2025,1,6,0,winter
13201,2024-10-06,Nayantara Hegde,South,Bangalore,Sports,Dumbbells,Dumbbells Iste,4,56706,10,204141.6,35280.25,Debit Card,0.1,204141.6,0.0,0.17282244285339196,2024,10,6,6,Fall
13202,2025-05-06,Tejas Bhardwaj,North,Jaipur,Groceries,Sugar,Sugar Ab,1,76879,15,65347.15,16285.2,Net Banking,0.15,65347.15,0.0,0.24921056235811356,2025,5,6,1,Spring
13203,2024-11-20,Darshit Borra,South,Bangalore,Beauty,Foundation,Foundation Deserunt,3,39207,5,111739.95,21027.98,Debit Card,0.05,111739.95,0.0,0.1881867675795452,2024,11,20,2,Fall
13204,2025-04-28,Vritika Gopal,North,Amritsar,Kitchen,Mixer Grinder,Mixer Grinder Sed,1,71243,15,60556.55,14619.27,Upi,0.15,60556.549999999996,7.275957614183426e-12,0.24141517309027677,2025,4,28,0,Spring
13205,2024-06-23,Onkar Rajagopalan,West,Mumbai,Kitchen,Microwave,Microwave Natus,3,71312,20,171148.8,9393.57,Upi,0.2,171148.80000000002,2.9103830456733704e-11,0.0548853979694862,2024,6,23,6,Summer
13206,2025-10-01,Parinaaz Dewan,West,Surat,Home Decor,Lamp,Lamp Animi,2,15322,10,27579.6,1966.43,Upi,0.1,27579.600000000002,3.637978807091713e-12,0.07130016388925148,2025,10,1,2,Fall
13207,2024-11-24,Mehul Bhatti,North,Jaipur,Sports,Cricket Bat,Cricket Bat Debitis,2,32572,0,65144.0,12519.71,Upi,0.0,65144.0,0.0,0.19218515903229766,2024,11,24,6,Fall
13208,2025-09-28,Vidur Dani,West,Goa,Kitchen,Juicer,Juicer Nostrum,2,17389,5,33039.1,6916.9,Debit Card,0.05,33039.1,0.0,0.20935497637647515,2025,9,28,6,Fall
13209,2024-08-20,Yuvraj  Garde,West,Ahmedabad,Furniture,Sofa,Sofa Reiciendis,3,48461,15,123575.55,27772.5,Cod,0.15,123575.55,0.0,0.22474105921438342,2024,8,20,1,Summer
13210,2024-10-23,Jayant Atwal,North,Amritsar,Kitchen,Juicer,Juicer Corporis,1,39872,10,35884.8,7383.66,Credit Card,0.1,35884.8,0.0,0.20576009898341358,2024,10,23,2,Fall
13211,2025-03-11,Miraan Jayaraman,West,Pune,Kitchen,Mixer Grinder,Mixer Grinder Occaecati,3,65351,5,186250.35,44988.38,Credit Card,0.05,186250.35,0.0,0.24154789507778104,2025,3,11,1,Spring
13212,2025-01-11,Shlok Bose,North,Jaipur,Groceries,Rice,Rice Quos,1,62219,15,52886.15,13146.08,Debit Card,0.15,52886.15,0.0,0.24857320867561733,2025,1,11,5,winter
13213,2025-04-02,Kimaya Bansal,West,Pune,Electronics,Smartwatch,Smartwatch Sit,4,69923,5,265707.4,26037.95,Debit Card,0.05,265707.39999999997,5.820766091346741e-11,0.09799482438200817,2025,4,2,2,Spring
13214,2025-07-08,Badal Chaudhary,East,Kolkata,Furniture,Chair,Chair Amet,3,70734,0,212202.0,52505.11,Upi,0.0,212202.0,0.0,0.24742985457252994,2025,7,8,1,Summer
13215,2024-08-09,Jiya Chacko,East,Bhubaneswar,Books,Fiction,Fiction Consectetur,5,7682,10,34569.0,3215.4,Net Banking,0.1,34569.0,0.0,0.09301397205588822,2024,8,9,4,Summer
13216,2024-06-05,Sahil Srinivasan,North,Lucknow,Books,Textbook,Textbook Voluptatem,5,7331,10,32989.5,1892.49,Upi,0.1,32989.5,0.0,0.05736643477470104,2024,6,5,2,Summer
13217,2023-12-13,Ivan Kashyap,West,Pune,Kitchen,Cookware Set,Cookware Set Dolores,1,21175,5,20116.25,3692.27,Net Banking,0.05,20116.25,0.0,0.18354663518299882,2023,12,13,2,winter
13218,2025-03-15,Umang Barad,North,Jaipur,Home Decor,Wall Art,Wall Art Odit,1,7828,5,7436.6,1019.65,Credit Card,0.05,7436.599999999999,9.094947017729282e-13,0.13711239007073123,2025,3,15,5,Spring
13219,2023-12-31,Yuvraj  Mand,East,Kolkata,Clothing,Kids Wear,Kids Wear Tempore,2,52220,20,83552.0,5410.9,Debit Card,0.2,83552.0,0.0,0.0647608674837227,2023,12,31,6,winter
13220,2024-06-24,Yuvraj  Deo,North,Amritsar,Electronics,Camera,Camera Ipsam,4,20266,15,68904.4,13538.12,Credit Card,0.15,68904.4,0.0,0.19647685779137475,2024,6,24,0,Summer
13221,2025-06-11,Nayantara Bhalla,South,Hyderabad,Furniture,Chair,Chair Eveniet,4,68646,20,219667.2,39724.94,Cod,0.2,219667.2,0.0,0.18084147291903388,2025,6,11,2,Summer
13222,2024-01-01,Kashvi Sekhon,East,Bhubaneswar,Groceries,Spices,Spices Eos,1,25473,20,20378.4,3782.89,Cod,0.2,20378.4,0.0,0.18563233619911276,2024,1,1,0,winter
13223,2024-03-10,Jayesh Ratti,South,Thiruvananthapuram,Kitchen,Juicer,Juicer Doloremque,4,28239,5,107308.2,6756.09,Upi,0.05,107308.2,0.0,0.06295968062086588,2024,3,10,6,Spring
13224,2024-06-07,Samaira Mane,North,Amritsar,Sports,Cricket Bat,Cricket Bat Officia,5,24059,5,114280.25,5890.91,Upi,0.05,114280.25,0.0,0.05154792713526615,2024,6,7,4,Summer
13225,2024-08-06,Indrajit Rao,North,Amritsar,Groceries,Rice,Rice Aliquid,5,14222,5,67554.5,16412.51,Net Banking,0.05,67554.5,0.0,0.24295213494289794,2024,8,6,1,Summer
13226,2025-07-30,Vihaan Chaudhari,West,Ahmedabad,Home Decor,Clock,Clock Magnam,5,40487,15,172069.75,21981.61,Cod,0.15,172069.75,0.0,0.1277482532519516,2025,7,30,2,Summer
13227,2024-04-13,Saanvi Sankar,East,Bhubaneswar,Sports,Football,Football Distinctio,4,77291,10,278247.6,27845.6,Debit Card,0.1,278247.60000000003,5.820766091346741e-11,0.10007489732166604,2024,4,13,5,Spring
13228,2024-09-17,Nirvaan Rama,South,Hyderabad,Groceries,Sugar,Sugar Voluptatum,2,38807,5,73733.3,8421.62,Upi,0.05,73733.3,0.0,0.11421732107473828,2024,9,17,1,Fall
13229,2023-12-17,Hridaan Swaminathan,South,Coimbatore,Electronics,Mobile,Mobile Quod,5,42322,15,179868.5,33452.03,Cod,0.15,179868.5,0.0,0.18598048018413452,2023,12,17,6,winter
13230,2024-07-22,Prerak Dora,North,Amritsar,Sports,Cricket Bat,Cricket Bat Assumenda,2,75015,20,120024.0,16077.34,Net Banking,0.2,120024.0,0.0,0.1339510431247084,2024,7,22,0,Summer
13231,2023-11-11,Kashvi Mani,South,Coimbatore,Clothing,Shoes,Shoes Unde,3,8170,0,24510.0,4857.5,Cod,0.0,24510.0,0.0,0.1981844145246838,2023,11,11,5,Fall
13232,2024-07-04,Ishaan Sagar,North,Jaipur,Books,Non-Fiction,Non-Fiction Perferendis,5,4523,5,21484.25,3028.34,Upi,0.05,21484.25,0.0,0.1409562819274585,2024,7,4,3,Summer
13233,2024-10-27,Trisha Kari,North,Delhi,Beauty,Shampoo,Shampoo Minus,1,48236,10,43412.4,2964.82,Credit Card,0.1,43412.4,0.0,0.06829431222415716,2024,10,27,6,Fall
13234,2025-01-26,Kaira Gour,West,Goa,Clothing,Women'S Wear,Women's Wear Mollitia,1,14394,0,14394.0,2238.77,Credit Card,0.0,14394.0,0.0,0.15553494511602056,2025,1,26,6,winter
13235,2024-02-29,Jivin Chakrabarti,East,Kolkata,Furniture,Bed,Bed Praesentium,4,1166,0,4664.0,307.33,Cod,0.0,4664.0,0.0,0.06589408233276157,2024,2,29,3,winter
13236,2025-05-30,Advika Majumdar,North,Delhi,Toys,Rc Car,RC Car Blanditiis,2,4981,15,8467.7,2114.6,Credit Card,0.15,8467.699999999999,1.8189894035458565e-12,0.24972542721163948,2025,5,30,4,Spring
13237,2024-04-22,Sumer Basu,East,Kolkata,Books,Biography,Biography Nisi,5,399,0,1995.0,290.75,Credit Card,0.0,1995.0,0.0,0.1457393483709273,2024,4,22,0,Spring
13238,2024-05-27,Vardaniya Barad,East,Ranchi,Kitchen,Refrigerator,Refrigerator Animi,3,13033,5,37144.05,3705.77,Cod,0.05,37144.049999999996,7.275957614183426e-12,0.09976752669673877,2024,5,27,0,Spring
13239,2024-10-20,Vihaan Aurora,West,Surat,Groceries,Sugar,Sugar Sed,1,18197,15,15467.45,2999.8,Credit Card,0.15,15467.449999999999,1.8189894035458565e-12,0.19394276367468458,2024,10,20,6,Fall
13240,2024-06-09,Heer Subramaniam,East,Ranchi,Beauty,Shampoo,Shampoo Facilis,3,13588,0,40764.0,8950.88,Debit Card,0.0,40764.0,0.0,0.21957805907172995,2024,6,9,6,Summer
13241,2025-07-16,Samar Dhaliwal,East,Guwahati,Clothing,Accessories,Accessories Maiores,5,57719,10,259735.5,53930.0,Debit Card,0.1,259735.5,0.0,0.20763430489863727,2025,7,16,2,Summer
13242,2025-03-20,Kabir Sundaram,South,Thiruvananthapuram,Furniture,Bed,Bed At,5,10806,10,48627.0,4120.89,Debit Card,0.1,48627.0,0.0,0.08474489481152447,2025,3,20,3,Spring
13243,2025-01-16,Trisha Balan,North,Delhi,Clothing,Men'S Wear,Men's Wear Ea,2,48008,10,86414.4,15869.6,Credit Card,0.1,86414.40000000001,1.4551915228366852e-11,0.1836453183728638,2025,1,16,3,winter
13244,2023-11-17,Yuvaan Sankar,South,Thiruvananthapuram,Books,Textbook,Textbook Reprehenderit,2,64998,10,116996.4,9366.45,Credit Card,0.1,116996.40000000001,1.4551915228366852e-11,0.08005759151563639,2023,11,17,4,Fall
13245,2025-09-03,Adah Raj,North,Lucknow,Sports,Tennis Racket,Tennis Racket Quos,3,21046,15,53667.3,8819.86,Debit Card,0.15,53667.299999999996,7.275957614183426e-12,0.16434327793647155,2025,9,3,2,Fall
13246,2025-02-13,Anahi Aggarwal,North,Chandigarh,Toys,Board Game,Board Game Modi,4,24991,5,94965.8,19774.72,Credit Card,0.05,94965.79999999999,1.4551915228366852e-11,0.20822991013607003,2025,2,13,3,winter
13247,2025-08-06,Elakshi Batra,South,Hyderabad,Beauty,Perfume,Perfume Occaecati,2,65399,10,117718.2,24367.26,Net Banking,0.1,117718.2,0.0,0.20699653919275013,2025,8,6,2,Summer
13248,2024-11-09,Anahi Balakrishnan,West,Goa,Sports,Dumbbells,Dumbbells In,1,43064,20,34451.2,3380.14,Credit Card,0.2,34451.200000000004,7.275957614183426e-12,0.09811385379899684,2024,11,9,5,Fall
13249,2025-05-17,Inaaya  Ben,West,Goa,Clothing,Men'S Wear,Men's Wear Repellat,5,609,20,2436.0,222.91,Upi,0.2,2436.0,0.0,0.09150656814449917,2025,5,17,5,Spring
13250,2024-04-10,Pihu Kalla,West,Ahmedabad,Kitchen,Cookware Set,Cookware Set Occaecati,2,13233,15,22496.1,2505.09,Cod,0.15,22496.1,0.0,0.1113566351500927,2024,4,10,2,Spring
13251,2024-06-01,Tiya Mall,West,Goa,Books,Comics,Comics Esse,2,15476,15,26309.2,5482.58,Upi,0.15,26309.2,0.0,0.20839022091131618,2024,6,1,5,Summer
13252,2025-02-13,Zara Kakar,South,Chennai,Sports,Tennis Racket,Tennis Racket Consequuntur,2,46797,0,93594.0,9322.99,Upi,0.0,93594.0,0.0,0.09961097933628224,2025,2,13,3,winter
13253,2023-10-22,Onkar Kohli,North,Chandigarh,Beauty,Shampoo,Shampoo Labore,5,7875,15,33468.75,7825.74,Debit Card,0.15,33468.75,0.0,0.2338222969187675,2023,10,22,6,Fall
13254,2024-07-25,Kismat Kalita,South,Hyderabad,Furniture,Sofa,Sofa Reprehenderit,1,32825,5,31183.75,6830.57,Net Banking,0.05,31183.75,0.0,0.21904261033390787,2024,7,25,3,Summer
13255,2024-10-04,Gatik Singh,West,Pune,Kitchen,Refrigerator,Refrigerator Officiis,5,51880,15,220490.0,26191.56,Upi,0.15,220490.0,0.0,0.11878797224363917,2024,10,4,4,Fall
13256,2024-10-20,Ela Chanda,South,Thiruvananthapuram,Groceries,Oil,Oil Officiis,1,69578,20,55662.4,12414.3,Net Banking,0.2,55662.4,0.0,0.22302847164333553,2024,10,20,6,Fall
13257,2024-12-16,Manjari Dixit,South,Chennai,Beauty,Face Cream,Face Cream Nihil,2,45358,10,81644.4,7788.02,Cod,0.1,81644.40000000001,1.4551915228366852e-11,0.0953895184482953,2024,12,16,0,winter
13258,2024-04-03,Kavya Luthra,South,Thiruvananthapuram,Toys,Doll,Doll Nemo,3,65969,20,158325.6,31387.2,Upi,0.2,158325.6,0.0,0.19824463005350998,2024,4,3,2,Spring
13259,2023-11-03,Riaan Bassi,South,Hyderabad,Toys,Doll,Doll Expedita,5,27369,15,116318.25,20798.76,Cod,0.15,116318.25,0.0,0.1788090862783785,2023,11,3,4,Fall
13260,2025-06-16,Shray Venkataraman,West,Mumbai,Books,Comics,Comics Quam,4,54332,0,217328.0,34419.58,Cod,0.0,217328.0,0.0,0.15837618714569685,2025,6,16,0,Summer
13261,2024-02-26,Jivin Ben,West,Pune,Sports,Cricket Bat,Cricket Bat Quidem,2,43960,20,70336.0,15557.69,Upi,0.2,70336.0,0.0,0.22119099749772522,2024,2,26,0,winter
13262,2025-05-15,Kiara Iyer,South,Chennai,Kitchen,Cookware Set,Cookware Set Dignissimos,2,30008,20,48012.8,7292.69,Credit Card,0.2,48012.8,0.0,0.1518905375233271,2025,5,15,3,Spring
13263,2024-01-02,Aarav Loke,South,Hyderabad,Clothing,Accessories,Accessories Eius,4,52668,0,210672.0,33035.32,Net Banking,0.0,210672.0,0.0,0.1568092579934685,2024,1,2,1,winter
13264,2023-11-05,Urvi Khatri,South,Bangalore,Kitchen,Juicer,Juicer Quia,3,52002,15,132605.1,24250.11,Upi,0.15,132605.1,0.0,0.18287464056812294,2023,11,5,6,Fall
13265,2024-04-06,Nirvi Kadakia,South,Coimbatore,Home Decor,Vase,Vase Iusto,2,5497,10,9894.6,825.78,Upi,0.1,9894.6,0.0,0.08345764356315566,2024,4,6,5,Spring
13266,2024-08-29,Miraya Lad,West,Surat,Home Decor,Lamp,Lamp Repudiandae,3,61035,0,183105.0,16120.97,Credit Card,0.0,183105.0,0.0,0.08804221621474018,2024,8,29,3,Summer
13267,2024-04-30,Divyansh Rastogi,South,Coimbatore,Sports,Yoga Mat,Yoga Mat Ex,5,49453,15,210175.25,37014.87,Cod,0.15,210175.25,0.0,0.17611431412594966,2024,4,30,1,Spring
13268,2025-06-02,Abram Chaudry,West,Pune,Electronics,Camera,Camera Nisi,4,33648,5,127862.4,7221.46,Net Banking,0.05,127862.4,0.0,0.05647837049828566,2025,6,2,0,Summer
13269,2025-04-12,Vardaniya Chakrabarti,South,Chennai,Home Decor,Lamp,Lamp Possimus,2,49183,10,88529.4,14351.56,Net Banking,0.1,88529.40000000001,1.4551915228366852e-11,0.16211066606121807,2025,4,12,5,Spring
13270,2024-01-06,Aaryahi Kari,South,Bangalore,Books,Comics,Comics Praesentium,4,3541,5,13455.8,1836.71,Credit Card,0.05,13455.8,0.0,0.13649950207345532,2024,1,6,5,winter
13271,2023-10-12,Samiha Chopra,East,Kolkata,Groceries,Oil,Oil Error,5,60600,20,242400.0,48572.87,Cod,0.2,242400.0,0.0,0.20038312706270628,2023,10,12,3,Fall
13272,2024-07-06,Aayush Sengupta,East,Ranchi,Toys,Puzzle,Puzzle Illo,5,76545,15,325316.25,41394.12,Net Banking,0.15,325316.25,0.0,0.12724270613595234,2024,7,6,5,Summer
13273,2024-01-05,Darshit Agrawal,South,Hyderabad,Beauty,Foundation,Foundation Esse,4,21421,10,77115.6,5993.17,Net Banking,0.1,77115.6,0.0,0.0777167006416341,2024,1,5,4,winter
13274,2025-01-16,Jiya Desai,East,Guwahati,Home Decor,Lamp,Lamp Neque,3,36252,0,108756.0,26186.69,Net Banking,0.0,108756.0,0.0,0.240783864798264,2025,1,16,3,winter
13275,2025-03-30,Krish Vaidya,South,Chennai,Groceries,Spices,Spices Debitis,4,11581,20,37059.2,2250.55,Upi,0.2,37059.200000000004,7.275957614183426e-12,0.060728510059580354,2025,3,30,6,Spring
13276,2024-12-06,Tushar Sachdev,North,Amritsar,Furniture,Bed,Bed Odit,1,15100,5,14345.0,2600.55,Cod,0.05,14345.0,0.0,0.1812861624259324,2024,12,6,4,winter
13277,2025-03-27,Mamooty Hans,North,Chandigarh,Electronics,Camera,Camera Culpa,2,58575,5,111292.5,25461.54,Cod,0.05,111292.5,0.0,0.22878037603612103,2025,3,27,3,Spring
13278,2024-11-19,Nishith Bir,East,Bhubaneswar,Sports,Dumbbells,Dumbbells Doloremque,4,59422,20,190150.4,41659.44,Debit Card,0.2,190150.40000000002,2.9103830456733704e-11,0.21908678603884085,2024,11,19,1,Fall
13279,2023-10-17,Samar Upadhyay,North,Lucknow,Electronics,Camera,Camera Placeat,5,41174,15,174989.5,16206.53,Debit Card,0.15,174989.5,0.0,0.09261429971512578,2023,10,17,1,Fall
13280,2025-02-15,Ranbir Kant,East,Patna,Kitchen,Microwave,Microwave Cum,3,41780,20,100272.0,6310.1,Credit Card,0.2,100272.0,0.0,0.06292983086006064,2025,2,15,5,winter
13281,2023-12-31,Lakshay Dhar,North,Lucknow,Electronics,Laptop,Laptop Non,1,56967,0,56967.0,13168.07,Debit Card,0.0,56967.0,0.0,0.2311525971176295,2023,12,31,6,winter
13282,2025-04-08,Ranbir Dugal,North,Lucknow,Books,Comics,Comics A,3,10123,20,24295.2,1858.6,Net Banking,0.2,24295.2,0.0,0.07650070795877374,2025,4,8,1,Spring
13283,2025-02-03,Yakshit Sur,East,Bhubaneswar,Books,Textbook,Textbook Illo,3,19668,15,50153.4,2768.78,Credit Card,0.15,50153.4,0.0,0.05520622729465999,2025,2,3,0,winter
13284,2024-04-23,Tejas Sastry,East,Kolkata,Kitchen,Juicer,Juicer Hic,2,74815,10,134667.0,9914.07,Upi,0.1,134667.0,0.0,0.07361914945755084,2024,4,23,1,Spring
13285,2023-11-05,Ryan Chad,East,Ranchi,Electronics,Headphones,Headphones Dolore,5,23243,5,110404.25,19256.79,Debit Card,0.05,110404.25,0.0,0.17442073108598627,2023,11,5,6,Fall
13286,2025-07-31,Ehsaan Butala,West,Goa,Toys,Puzzle,Puzzle Libero,5,44376,20,177504.0,28065.02,Cod,0.2,177504.0,0.0,0.1581092257075897,2025,7,31,3,Summer
13287,2024-06-18,Jayesh Chander,South,Coimbatore,Electronics,Smartwatch,Smartwatch Saepe,3,8733,10,23579.1,4793.63,Cod,0.1,23579.100000000002,3.637978807091713e-12,0.20329995631724707,2024,6,18,1,Summer
13288,2024-10-14,Yuvraj  Shroff,West,Pune,Beauty,Shampoo,Shampoo Itaque,1,64131,15,54511.35,8642.74,Upi,0.15,54511.35,0.0,0.1585493663246278,2024,10,14,0,Fall
13289,2025-09-21,Kiaan Mander,East,Kolkata,Toys,Action Figure,Action Figure Laboriosam,5,3306,15,14050.5,1904.21,Debit Card,0.15,14050.5,0.0,0.13552613785986264,2025,9,21,6,Fall
13290,2024-10-26,Madhup Sagar,South,Coimbatore,Clothing,Kids Wear,Kids Wear Deleniti,5,35132,20,140528.0,9631.13,Credit Card,0.2,140528.0,0.0,0.06853530968917226,2024,10,26,5,Fall
13291,2025-06-16,Taran Bala,East,Guwahati,Books,Comics,Comics Omnis,4,10250,20,32800.0,4222.2,Upi,0.2,32800.0,0.0,0.12872560975609756,2025,6,16,0,Summer
13292,2025-08-27,Hunar Johal,East,Kolkata,Toys,Puzzle,Puzzle Deserunt,5,78766,20,315064.0,44013.36,Net Banking,0.2,315064.0,0.0,0.13969656958586193,2025,8,27,2,Summer
13293,2025-06-06,Madhav Halder,South,Bangalore,Groceries,Rice,Rice Doloribus,2,53859,0,107718.0,18421.31,Cod,0.0,107718.0,0.0,0.17101422232124622,2025,6,6,4,Summer
13294,2024-11-17,Piya Amble,East,Ranchi,Books,Non-Fiction,Non-Fiction Autem,4,40642,0,162568.0,18654.31,Cod,0.0,162568.0,0.0,0.11474773633187343,2024,11,17,6,Fall
13295,2024-02-14,Sahil Deshmukh,South,Thiruvananthapuram,Groceries,Rice,Rice Commodi,2,45332,20,72531.2,4268.01,Net Banking,0.2,72531.2,0.0,0.05884378033177447,2024,2,14,2,winter
13296,2025-07-01,Nitara Sahota,North,Chandigarh,Beauty,Lipstick,Lipstick Aliquam,3,61630,5,175645.5,33038.94,Upi,0.05,175645.5,0.0,0.18810012212097663,2025,7,1,1,Summer
13297,2023-10-14,Kashvi Chahal,West,Ahmedabad,Electronics,Headphones,Headphones Ipsum,1,47166,0,47166.0,11645.09,Credit Card,0.0,47166.0,0.0,0.24689585718526058,2023,10,14,5,Fall
13298,2024-02-25,Ira Borra,South,Thiruvananthapuram,Furniture,Cabinet,Cabinet Doloribus,1,11904,20,9523.2,1643.52,Credit Card,0.2,9523.2,0.0,0.17258064516129032,2024,2,25,6,winter
13299,2025-08-02,Arnav Shroff,East,Patna,Toys,Puzzle,Puzzle Dolore,1,70745,15,60133.25,7744.25,Debit Card,0.15,60133.25,0.0,0.12878482370402397,2025,8,2,5,Summer
13300,2024-07-21,Nirvi Sankaran,West,Pune,Home Decor,Lamp,Lamp Enim,5,60463,0,302315.0,32487.86,Debit Card,0.0,302315.0,0.0,0.10746360584158907,2024,7,21,6,Summer
13301,2024-05-05,Renee Ganesan,North,Jaipur,Beauty,Face Cream,Face Cream Nulla,5,36213,0,181065.0,32530.95,Upi,0.0,181065.0,0.0,0.17966448512964958,2024,5,5,6,Spring
13302,2025-06-23,Vidur Mannan,East,Guwahati,Beauty,Shampoo,Shampoo Fuga,2,6697,20,10715.2,861.74,Debit Card,0.2,10715.2,0.0,0.08042220397192773,2025,6,23,0,Summer
13303,2025-05-21,Riya Varughese,East,Bhubaneswar,Electronics,Mobile,Mobile Impedit,3,57569,5,164071.65,29285.66,Debit Card,0.05,164071.65,0.0,0.17849311566013995,2025,5,21,2,Spring
13304,2025-07-06,Kimaya Halder,West,Ahmedabad,Clothing,Accessories,Accessories Consectetur,2,48332,10,86997.6,20432.33,Net Banking,0.1,86997.6,0.0,0.2348608467360019,2025,7,6,6,Summer
13305,2023-12-01,Anvi Kapoor,North,Jaipur,Home Decor,Lamp,Lamp Dolorum,2,53788,15,91439.6,21533.1,Cod,0.15,91439.59999999999,1.4551915228366852e-11,0.23548987528379386,2023,12,1,4,winter
13306,2024-06-22,Anahita De,South,Thiruvananthapuram,Clothing,Kids Wear,Kids Wear Suscipit,5,10507,0,52535.0,11583.36,Cod,0.0,52535.0,0.0,0.22048843628057488,2024,6,22,5,Summer
13307,2025-08-23,Arnav Savant,West,Pune,Electronics,Laptop,Laptop Fuga,4,7406,10,26661.6,3224.16,Debit Card,0.1,26661.600000000002,3.637978807091713e-12,0.12092897650553605,2025,8,23,5,Summer
13308,2025-04-27,Dharmajan Vora,West,Goa,Furniture,Cabinet,Cabinet Deserunt,3,9188,10,24807.6,3715.82,Net Banking,0.1,24807.600000000002,3.637978807091713e-12,0.1497855495896419,2025,4,27,6,Spring
13309,2025-05-04,Tanya Dave,West,Pune,Books,Biography,Biography Ullam,1,13605,20,10884.0,721.1,Cod,0.2,10884.0,0.0,0.0662532157295112,2025,5,4,6,Spring
13310,2024-06-10,Tanya Sankaran,West,Mumbai,Kitchen,Juicer,Juicer Dignissimos,2,76854,10,138337.2,26344.51,Net Banking,0.1,138337.2,0.0,0.19043691790783676,2024,6,10,0,Summer
13311,2025-04-08,Alia Bhasin,North,Lucknow,Beauty,Lipstick,Lipstick Ea,4,2727,5,10362.6,703.11,Debit Card,0.05,10362.6,0.0,0.06785073244166522,2025,4,8,1,Spring
13312,2023-10-08,Divij Gade,West,Pune,Sports,Yoga Mat,Yoga Mat Voluptate,2,59290,5,112651.0,9073.89,Debit Card,0.05,112651.0,0.0,0.08054868576399676,2023,10,8,6,Fall
13313,2023-11-08,Anika Balasubramanian,East,Bhubaneswar,Toys,Rc Car,RC Car Ducimus,4,56775,20,181680.0,43029.74,Credit Card,0.2,181680.0,0.0,0.23684357111404666,2023,11,8,2,Fall
13314,2025-01-24,Dhanush Varughese,North,Amritsar,Electronics,Headphones,Headphones Deleniti,4,26031,20,83299.2,16206.55,Debit Card,0.2,83299.20000000001,1.4551915228366852e-11,0.19455829107602474,2025,1,24,4,winter
13315,2024-05-23,Fateh Tak,South,Bangalore,Beauty,Foundation,Foundation Aperiam,1,40169,15,34143.65,7509.28,Debit Card,0.15,34143.65,0.0,0.21993196392301348,2024,5,23,3,Spring
13316,2025-07-06,Umang Gulati,North,Delhi,Books,Biography,Biography Eos,4,64938,15,220789.2,18417.03,Upi,0.15,220789.19999999998,2.9103830456733704e-11,0.08341454201564207,2025,7,6,6,Summer
13317,2023-10-06,Samarth Kurian,West,Goa,Furniture,Bed,Bed Molestiae,3,6457,10,17433.9,3456.69,Debit Card,0.1,17433.9,0.0,0.19827405227745942,2023,10,6,4,Fall
13318,2024-07-01,Badal Karan,East,Bhubaneswar,Sports,Tennis Racket,Tennis Racket Quia,5,30712,20,122848.0,19074.55,Debit Card,0.2,122848.0,0.0,0.1552695200573066,2024,7,1,0,Summer
13319,2024-10-17,Uthkarsh Tara,South,Thiruvananthapuram,Electronics,Laptop,Laptop Soluta,4,27567,0,110268.0,18619.96,Credit Card,0.0,110268.0,0.0,0.16886095694127035,2024,10,17,3,Fall
13320,2025-05-20,Tarini Sarna,North,Chandigarh,Home Decor,Cushion,Cushion Iste,3,76773,15,195771.15,28791.58,Credit Card,0.15,195771.15,0.0,0.14706753267782308,2025,5,20,1,Spring
13321,2024-05-30,Manikya Kara,West,Goa,Home Decor,Cushion,Cushion Quae,4,73390,10,264204.0,20530.46,Upi,0.1,264204.0,0.0,0.07770684773886845,2024,5,30,3,Spring
13322,2025-02-06,Arhaan Garg,West,Ahmedabad,Sports,Dumbbells,Dumbbells Dignissimos,2,72100,0,144200.0,8686.43,Credit Card,0.0,144200.0,0.0,0.06023876560332871,2025,2,6,3,winter
13323,2024-02-29,Jhanvi Char,West,Mumbai,Books,Fiction,Fiction Ratione,5,17491,5,83082.25,8025.43,Net Banking,0.05,83082.25,0.0,0.09659620436374798,2024,2,29,3,winter
13324,2024-07-23,Dhruv Chakraborty,East,Bhubaneswar,Books,Biography,Biography Voluptates,2,24784,20,39654.4,3688.29,Credit Card,0.2,39654.4,0.0,0.09301086386378309,2024,7,23,1,Summer
13325,2024-04-01,Nitya Bajwa,East,Kolkata,Clothing,Women'S Wear,Women's Wear Temporibus,1,12826,5,12184.7,2897.18,Net Banking,0.05,12184.699999999999,1.8189894035458565e-12,0.237771959916945,2024,4,1,0,Spring
13326,2024-05-23,Ranbir Singhal,South,Coimbatore,Books,Non-Fiction,Non-Fiction Ipsa,4,8175,0,32700.0,6687.83,Credit Card,0.0,32700.0,0.0,0.20452079510703364,2024,5,23,3,Spring
13327,2024-07-18,Lakshit Mahajan,East,Kolkata,Groceries,Oil,Oil Dignissimos,1,66192,15,56263.2,10654.56,Net Banking,0.15,56263.2,0.0,0.1893699611824425,2024,7,18,3,Summer
13328,2023-12-24,Prerak Sankaran,North,Lucknow,Groceries,Wheat,Wheat Voluptate,2,7453,5,14160.7,3203.36,Upi,0.05,14160.699999999999,1.8189894035458565e-12,0.22621480576525171,2023,12,24,6,winter
13329,2024-11-10,Drishya Maharaj,East,Guwahati,Electronics,Camera,Camera Inventore,5,65830,5,312692.5,35825.33,Credit Card,0.05,312692.5,0.0,0.11457048058396029,2024,11,10,6,Fall
13330,2024-10-01,Rasha Saxena,South,Coimbatore,Home Decor,Lamp,Lamp Libero,5,78716,0,393580.0,75345.21,Net Banking,0.0,393580.0,0.0,0.19143556583159715,2024,10,1,1,Fall
13331,2024-05-23,Mishti Dayal,South,Coimbatore,Kitchen,Juicer,Juicer Labore,3,28534,5,81321.9,9500.16,Upi,0.05,81321.9,0.0,0.11682166796398019,2024,5,23,3,Spring
13332,2024-09-25,Tanya Chowdhury,East,Patna,Electronics,Headphones,Headphones Ipsa,4,54174,0,216696.0,40956.13,Cod,0.0,216696.0,0.0,0.18900270424927085,2024,9,25,2,Fall
13333,2025-02-07,Rohan Khare,West,Surat,Sports,Dumbbells,Dumbbells Fuga,5,79697,0,398485.0,21266.93,Cod,0.0,398485.0,0.0,0.053369461836706523,2025,2,7,4,winter
13334,2025-06-12,Devansh Dhar,East,Ranchi,Home Decor,Clock,Clock Ex,4,21351,20,68323.2,13465.8,Debit Card,0.2,68323.2,0.0,0.1970897147674582,2025,6,12,3,Summer
13335,2024-09-21,Hunar Sachdev,North,Amritsar,Sports,Cricket Bat,Cricket Bat Voluptates,4,51084,0,204336.0,47304.96,Debit Card,0.0,204336.0,0.0,0.23150575522668546,2024,9,21,5,Fall
13336,2024-12-17,Vihaan Hora,East,Bhubaneswar,Furniture,Chair,Chair Porro,1,10487,5,9962.65,1500.22,Cod,0.05,9962.65,0.0,0.15058443285671985,2024,12,17,1,winter
13337,2025-04-07,Samarth Chad,South,Thiruvananthapuram,Furniture,Bed,Bed Magnam,2,45872,0,91744.0,5678.96,Net Banking,0.0,91744.0,0.0,0.06190006975933031,2025,4,7,0,Spring
13338,2024-07-07,Parinaaz Gandhi,West,Pune,Beauty,Perfume,Perfume Illum,5,40388,15,171649.0,39986.99,Credit Card,0.15,171649.0,0.0,0.23295789663790642,2024,7,7,6,Summer
13339,2025-05-01,Adira Khanna,South,Bangalore,Books,Non-Fiction,Non-Fiction Occaecati,5,53250,5,252937.5,61936.61,Debit Card,0.05,252937.5,0.0,0.24486922658759575,2025,5,1,3,Spring
13340,2023-10-04,Badal Mand,South,Hyderabad,Kitchen,Mixer Grinder,Mixer Grinder Quod,1,39026,0,39026.0,6959.45,Cod,0.0,39026.0,0.0,0.17832855019730437,2023,10,4,2,Fall
13341,2024-12-16,Eshani Kade,North,Amritsar,Beauty,Foundation,Foundation Asperiores,1,50440,20,40352.0,6953.96,Debit Card,0.2,40352.0,0.0,0.17233247422680412,2024,12,16,0,winter
13342,2024-11-07,Kismat Doshi,West,Mumbai,Sports,Football,Football Totam,1,40312,0,40312.0,6247.19,Cod,0.0,40312.0,0.0,0.1549709763842032,2024,11,7,3,Fall
13343,2024-09-18,Eshani Karpe,South,Thiruvananthapuram,Sports,Dumbbells,Dumbbells Quaerat,2,12389,0,24778.0,2842.74,Net Banking,0.0,24778.0,0.0,0.1147283880862055,2024,9,18,2,Fall
13344,2024-08-20,Dishani Sharaf,South,Thiruvananthapuram,Electronics,Smartwatch,Smartwatch Vel,2,77134,0,154268.0,23295.77,Debit Card,0.0,154268.0,0.0,0.15100843985790963,2024,8,20,1,Summer
13345,2025-01-02,Vritika Devi,North,Amritsar,Kitchen,Mixer Grinder,Mixer Grinder Consequuntur,3,33341,10,90020.7,11939.1,Upi,0.1,90020.7,0.0,0.13262616264925733,2025,1,2,3,winter
13346,2024-07-15,Riya Kala,West,Ahmedabad,Books,Non-Fiction,Non-Fiction Voluptatem,3,21603,0,64809.0,13508.88,Debit Card,0.0,64809.0,0.0,0.2084414201731241,2024,7,15,0,Summer
13347,2025-07-19,Samiha Setty,North,Amritsar,Electronics,Laptop,Laptop Aliquam,5,58293,20,233172.0,45500.62,Credit Card,0.2,233172.0,0.0,0.1951375808416105,2025,7,19,5,Summer
13348,2024-09-03,Shanaya Ramanathan,North,Lucknow,Sports,Tennis Racket,Tennis Racket Nobis,4,67065,0,268260.0,17206.02,Credit Card,0.0,268260.0,0.0,0.0641393424289868,2024,9,3,1,Fall
13349,2024-09-03,Madhup Karpe,South,Bangalore,Electronics,Laptop,Laptop Adipisci,5,23348,10,105066.0,9433.13,Net Banking,0.1,105066.0,0.0,0.08978289836864446,2024,9,3,1,Fall
13350,2025-06-02,Kiaan Madan,East,Kolkata,Groceries,Oil,Oil Maxime,3,76247,15,194429.85,11104.88,Cod,0.15,194429.85,0.0,0.05711509832466568,2025,6,2,0,Summer
13351,2025-07-27,Vardaniya Mandal,West,Pune,Electronics,Headphones,Headphones Enim,4,31052,15,105576.8,13192.73,Upi,0.15,105576.8,0.0,0.12495860833061809,2025,7,27,6,Summer
13352,2025-01-06,Shlok Bhandari,North,Amritsar,Toys,Rc Car,RC Car Iste,4,32469,15,110394.6,17770.58,Upi,0.15,110394.59999999999,1.4551915228366852e-11,0.16097327224338873,2025,1,6,0,winter
13353,2023-10-15,Mamooty Choudhry,North,Amritsar,Electronics,Laptop,Laptop Doloribus,5,77286,10,347787.0,51062.36,Net Banking,0.1,347787.0,0.0,0.1468207839856004,2023,10,15,6,Fall
13354,2024-11-15,Baiju Vig,West,Ahmedabad,Books,Comics,Comics Quam,5,15893,0,79465.0,13889.37,Credit Card,0.0,79465.0,0.0,0.17478600641791986,2024,11,15,4,Fall
13355,2023-11-17,Samiha Sandal,South,Hyderabad,Kitchen,Mixer Grinder,Mixer Grinder Atque,2,483,5,917.7,154.02,Net Banking,0.05,917.6999999999999,1.1368683772161603e-13,0.16783262504086302,2023,11,17,4,Fall
13356,2024-08-05,Tarini Dada,South,Bangalore,Electronics,Camera,Camera Perspiciatis,5,53165,20,212660.0,26272.47,Upi,0.2,212660.0,0.0,0.12354213298222515,2024,8,5,0,Summer
13357,2024-05-27,Himmat Gaba,North,Lucknow,Beauty,Lipstick,Lipstick Omnis,4,9894,0,39576.0,6562.33,Cod,0.0,39576.0,0.0,0.16581589852435819,2024,5,27,0,Spring
13358,2025-06-20,Ira Trivedi,West,Ahmedabad,Toys,Action Figure,Action Figure Quam,1,67215,10,60493.5,11207.92,Debit Card,0.1,60493.5,0.0,0.1852747815881045,2025,6,20,4,Summer
13359,2025-04-21,Samar Dhawan,North,Lucknow,Kitchen,Microwave,Microwave Optio,2,77412,0,154824.0,13864.89,Net Banking,0.0,154824.0,0.0,0.08955258874593086,2025,4,21,0,Spring
13360,2025-08-24,Nishith Sastry,West,Ahmedabad,Furniture,Cabinet,Cabinet Quasi,2,8143,10,14657.4,2809.2,Net Banking,0.1,14657.4,0.0,0.1916574563019362,2025,8,24,6,Summer
13361,2024-07-29,Aarush Bahl,South,Coimbatore,Beauty,Face Cream,Face Cream Architecto,2,48691,0,97382.0,18865.39,Debit Card,0.0,97382.0,0.0,0.19372563718140928,2024,7,29,0,Summer
13362,2025-04-18,Nitya Cherian,East,Ranchi,Kitchen,Refrigerator,Refrigerator Iste,1,2362,20,1889.6,380.24,Credit Card,0.2,1889.6000000000001,2.2737367544323206e-13,0.2012277730736664,2025,4,18,4,Spring
13363,2025-08-01,Aniruddh Magar,South,Thiruvananthapuram,Toys,Puzzle,Puzzle Rem,2,58269,20,93230.4,15716.97,Upi,0.2,93230.40000000001,1.4551915228366852e-11,0.16858202903773878,2025,8,1,4,Summer
13364,2025-06-25,Madhav Rau,South,Bangalore,Beauty,Perfume,Perfume Ea,1,73892,15,62808.2,14276.86,Net Banking,0.15,62808.2,0.0,0.2273088545763133,2025,6,25,2,Summer
13365,2025-04-30,Prisha Behl,South,Thiruvananthapuram,Sports,Tennis Racket,Tennis Racket Sed,5,72742,10,327339.0,24202.61,Debit Card,0.1,327339.0,0.0,0.07393744711140439,2025,4,30,2,Spring
13366,2023-10-27,Zeeshan Deol,West,Pune,Books,Fiction,Fiction Est,1,74677,10,67209.3,4514.98,Upi,0.1,67209.3,0.0,0.06717790543868184,2023,10,27,4,Fall
13367,2025-06-05,Ahana  Vig,South,Bangalore,Furniture,Sofa,Sofa Cumque,4,48651,15,165413.4,38671.65,Upi,0.15,165413.4,0.0,0.2337878914283849,2025,6,5,3,Summer
13368,2024-11-25,Diya Shanker,West,Ahmedabad,Furniture,Cabinet,Cabinet Voluptates,4,57100,5,216980.0,41078.49,Upi,0.05,216980.0,0.0,0.18931924601345745,2024,11,25,0,Fall
13369,2025-08-05,Stuvan Srinivas,North,Amritsar,Groceries,Spices,Spices Est,3,73722,10,199049.4,30357.47,Cod,0.1,199049.4,0.0,0.1525122406799518,2025,8,5,1,Summer
13370,2023-12-12,Abram Hayer,South,Coimbatore,Furniture,Cabinet,Cabinet Eos,1,2762,15,2347.7,408.21,Debit Card,0.15,2347.7,0.0,0.1738765600374835,2023,12,12,1,winter
13371,2025-06-08,Keya Sarna,West,Ahmedabad,Furniture,Chair,Chair Neque,3,36935,5,105264.75,10175.96,Credit Card,0.05,105264.75,0.0,0.09667015786386231,2025,6,8,6,Summer
13372,2024-11-20,Shayak Karpe,East,Patna,Home Decor,Lamp,Lamp Neque,1,71685,10,64516.5,15872.36,Debit Card,0.1,64516.5,0.0,0.24602016538404906,2024,11,20,2,Fall
13373,2024-02-09,Onkar Toor,East,Kolkata,Toys,Puzzle,Puzzle Temporibus,5,64203,10,288913.5,30405.59,Credit Card,0.1,288913.5,0.0,0.10524115349403887,2024,2,9,4,winter
13374,2024-12-14,Shayak Mandal,East,Guwahati,Toys,Puzzle,Puzzle Nisi,1,6627,15,5632.95,1098.24,Net Banking,0.15,5632.95,0.0,0.1949671131467526,2024,12,14,5,winter
13375,2024-01-08,Tanya Sabharwal,North,Jaipur,Books,Fiction,Fiction Iusto,2,37321,5,70909.9,7013.61,Debit Card,0.05,70909.9,0.0,0.09890875604111697,2024,1,8,0,winter
13376,2024-02-20,Samar Chandra,East,Guwahati,Clothing,Accessories,Accessories Ipsa,5,73086,15,310615.5,40730.6,Upi,0.15,310615.5,0.0,0.1311286783821155,2024,2,20,1,winter
13377,2025-01-31,Lagan Subramanian,East,Guwahati,Toys,Doll,Doll Magni,1,49555,10,44599.5,2415.37,Upi,0.1,44599.5,0.0,0.054156885166874065,2025,1,31,4,winter
13378,2024-05-10,Umang Varghese,East,Ranchi,Clothing,Accessories,Accessories Eveniet,3,49562,15,126383.1,24375.08,Credit Card,0.15,126383.09999999999,1.4551915228366852e-11,0.19286660953877535,2024,5,10,4,Spring
13379,2024-02-22,Anaya Chaudhari,East,Ranchi,Home Decor,Clock,Clock Minima,5,66421,20,265684.0,33071.17,Credit Card,0.2,265684.0,0.0,0.12447558001234549,2024,2,22,3,winter
13380,2025-09-23,Baiju Kant,West,Pune,Electronics,Mobile,Mobile Dolores,1,6943,5,6595.85,1541.94,Cod,0.05,6595.849999999999,9.094947017729282e-13,0.23377426715283095,2025,9,23,1,Fall
13381,2023-11-24,Jayan Toor,South,Thiruvananthapuram,Clothing,Accessories,Accessories Non,2,35085,10,63153.0,8477.88,Debit Card,0.1,63153.0,0.0,0.13424350387155004,2023,11,24,4,Fall
13382,2025-09-16,Kiara Sabharwal,West,Mumbai,Kitchen,Mixer Grinder,Mixer Grinder Tenetur,1,10814,10,9732.6,2029.13,Credit Card,0.1,9732.6,0.0,0.2084879682715821,2025,9,16,1,Fall
13383,2025-09-29,Seher Karan,East,Guwahati,Beauty,Perfume,Perfume Iusto,4,33200,20,106240.0,5473.67,Net Banking,0.2,106240.0,0.0,0.05152174322289157,2025,9,29,0,Fall
13384,2025-09-15,Adah Ratta,North,Lucknow,Beauty,Lipstick,Lipstick Modi,3,9504,10,25660.8,2214.06,Debit Card,0.1,25660.8,0.0,0.08628179947624393,2025,9,15,0,Fall
13385,2025-04-21,Diya Mand,East,Guwahati,Furniture,Sofa,Sofa Aut,3,72125,15,183918.75,35399.77,Cod,0.15,183918.75,0.0,0.19247504672579602,2025,4,21,0,Spring
13386,2023-11-30,Vedika Hegde,South,Bangalore,Clothing,Shoes,Shoes Soluta,1,8316,5,7900.2,1120.68,Upi,0.05,7900.2,0.0,0.1418546365914787,2023,11,30,3,Fall
13387,2024-02-23,Yasmin Bir,South,Thiruvananthapuram,Books,Fiction,Fiction Sapiente,5,79450,5,377387.5,74951.75,Cod,0.05,377387.5,0.0,0.19860686959689974,2024,2,23,4,winter
13388,2024-05-20,Ehsaan Ghosh,North,Delhi,Groceries,Rice,Rice Ipsam,2,3881,20,6209.6,685.22,Net Banking,0.2,6209.6,0.0,0.11034849265653182,2024,5,20,0,Spring
13389,2024-12-15,Pihu Jaggi,East,Guwahati,Furniture,Sofa,Sofa Dolorem,4,35942,0,143768.0,14346.17,Upi,0.0,143768.0,0.0,0.09978694841689388,2024,12,15,6,winter
13390,2024-08-26,Lagan Date,North,Delhi,Clothing,Women'S Wear,Women's Wear Corporis,3,43326,10,116980.2,26824.08,Cod,0.1,116980.2,0.0,0.22930444639349226,2024,8,26,0,Summer
13391,2025-09-03,Vritika Wadhwa,East,Kolkata,Beauty,Face Cream,Face Cream Dolor,5,8638,0,43190.0,8297.77,Cod,0.0,43190.0,0.0,0.1921224820560315,2025,9,3,2,Fall
13392,2024-04-07,Jayant Bose,East,Patna,Sports,Tennis Racket,Tennis Racket Laboriosam,5,74246,10,334107.0,27522.2,Credit Card,0.1,334107.0,0.0,0.08237540668109318,2024,4,7,6,Spring
13393,2025-05-29,Dharmajan Lal,North,Delhi,Home Decor,Cushion,Cushion Inventore,2,70002,15,119003.4,12002.32,Net Banking,0.15,119003.4,0.0,0.10085695030562153,2025,5,29,3,Spring
13394,2024-10-06,Jayan Mane,South,Bangalore,Toys,Board Game,Board Game Laudantium,2,7850,0,15700.0,2238.45,Net Banking,0.0,15700.0,0.0,0.14257643312101909,2024,10,6,6,Fall
13395,2025-04-24,Chirag Johal,North,Lucknow,Home Decor,Clock,Clock Accusantium,2,61479,0,122958.0,21713.78,Upi,0.0,122958.0,0.0,0.1765950975129719,2025,4,24,3,Spring
13396,2023-10-30,Vihaan Biswas,East,Patna,Beauty,Foundation,Foundation Consequuntur,4,7045,20,22544.0,5288.58,Cod,0.2,22544.0,0.0,0.23458924769339956,2023,10,30,0,Fall
13397,2024-11-11,Faiyaz Yadav,East,Bhubaneswar,Furniture,Cabinet,Cabinet Optio,1,69250,0,69250.0,15896.58,Credit Card,0.0,69250.0,0.0,0.22955350180505416,2024,11,11,0,Fall
13398,2024-07-13,Divij Bir,West,Mumbai,Toys,Action Figure,Action Figure Cupiditate,2,58519,15,99482.3,8464.18,Debit Card,0.15,99482.3,0.0,0.0850822709165349,2024,7,13,5,Summer
13399,2025-04-13,Umang Sethi,West,Goa,Home Decor,Wall Art,Wall Art Illo,3,20230,20,48552.0,6548.33,Net Banking,0.2,48552.0,0.0,0.13487250782666008,2025,4,13,6,Spring
13400,2025-07-19,Farhan Dutt,North,Lucknow,Clothing,Accessories,Accessories Veritatis,1,14372,10,12934.8,2380.71,Cod,0.1,12934.800000000001,1.8189894035458565e-12,0.18405464328787458,2025,7,19,5,Summer
13401,2025-08-07,Emir Khatri,East,Kolkata,Toys,Action Figure,Action Figure Voluptas,2,19502,20,31203.2,5436.15,Debit Card,0.2,31203.2,0.0,0.17421770844015996,2025,8,7,3,Summer
13402,2024-06-26,Miraya Iyer,West,Ahmedabad,Kitchen,Refrigerator,Refrigerator Necessitatibus,4,59089,20,189084.8,17704.57,Upi,0.2,189084.80000000002,2.9103830456733704e-11,0.09363296256494441,2024,6,26,2,Summer
13403,2023-10-10,Shayak Suresh,South,Bangalore,Home Decor,Clock,Clock Voluptate,2,59774,0,119548.0,25181.98,Upi,0.0,119548.0,0.0,0.21064325626526584,2023,10,10,1,Fall
13404,2025-04-10,Shayak Bhattacharyya,West,Goa,Clothing,Accessories,Accessories Quia,4,34684,20,110988.8,9902.72,Upi,0.2,110988.8,0.0,0.08922269634413561,2025,4,10,3,Spring
13405,2024-02-24,Nishith Krish,West,Pune,Furniture,Sofa,Sofa Vel,5,11423,10,51403.5,6876.31,Debit Card,0.1,51403.5,0.0,0.133771241257891,2024,2,24,5,winter
13406,2024-05-04,Divij Kamdar,West,Ahmedabad,Books,Fiction,Fiction Fugit,2,76361,15,129813.7,19178.92,Cod,0.15,129813.7,0.0,0.14774187932398505,2024,5,4,5,Spring
13407,2025-03-21,Zain Goda,North,Amritsar,Beauty,Shampoo,Shampoo Fugit,2,48934,10,88081.2,6582.94,Upi,0.1,88081.2,0.0,0.07473717433459126,2025,3,21,4,Spring
13408,2024-03-31,Damini Bir,South,Hyderabad,Clothing,Men'S Wear,Men's Wear Iusto,5,47120,20,188480.0,32184.02,Cod,0.2,188480.0,0.0,0.17075562393887947,2024,3,31,6,Spring
13409,2024-07-22,Anvi Gole,East,Patna,Beauty,Face Cream,Face Cream Minus,2,70594,0,141188.0,30893.97,Debit Card,0.0,141188.0,0.0,0.21881441765589144,2024,7,22,0,Summer
13410,2024-01-31,Purab Verma,North,Amritsar,Groceries,Wheat,Wheat Nemo,1,11640,15,9894.0,1105.99,Cod,0.15,9894.0,0.0,0.11178390944006468,2024,1,31,2,winter
13411,2025-08-16,Riaan Karnik,West,Surat,Books,Textbook,Textbook Accusantium,5,18215,20,72860.0,16987.2,Upi,0.2,72860.0,0.0,0.23314850398023607,2025,8,16,5,Summer
13412,2025-06-29,Jhanvi Iyer,North,Jaipur,Toys,Action Figure,Action Figure Nihil,5,28456,20,113824.0,27974.76,Cod,0.2,113824.0,0.0,0.24577206915940397,2025,6,29,6,Summer
13413,2023-12-16,Vritika Agarwal,East,Kolkata,Kitchen,Microwave,Microwave Repudiandae,5,42323,20,169292.0,20279.31,Cod,0.2,169292.0,0.0,0.119788944545519,2023,12,16,5,winter
13414,2023-11-24,Eva Varghese,North,Chandigarh,Books,Biography,Biography Minima,2,51976,15,88359.2,19557.77,Net Banking,0.15,88359.2,0.0,0.22134390080489638,2023,11,24,4,Fall
13415,2023-12-17,Drishya Sibal,South,Hyderabad,Clothing,Kids Wear,Kids Wear Eos,1,55600,10,50040.0,9760.82,Upi,0.1,50040.0,0.0,0.1950603517186251,2023,12,17,6,winter
13416,2023-10-31,Dhruv Thaker,South,Coimbatore,Clothing,Accessories,Accessories Consequatur,3,30915,0,92745.0,17453.31,Credit Card,0.0,92745.0,0.0,0.18818599385411613,2023,10,31,1,Fall
13417,2023-10-16,Umang Hora,North,Amritsar,Clothing,Kids Wear,Kids Wear Iusto,5,26928,10,121176.0,19344.13,Net Banking,0.1,121176.0,0.0,0.15963664421997756,2023,10,16,0,Fall
13418,2024-02-18,Hrishita Chahal,East,Bhubaneswar,Toys,Board Game,Board Game Necessitatibus,2,48998,15,83296.6,7668.37,Debit Card,0.15,83296.59999999999,1.4551915228366852e-11,0.09206102049783543,2024,2,18,6,winter
13419,2024-09-02,Anaya Samra,West,Mumbai,Toys,Doll,Doll Sunt,3,31073,10,83897.1,11218.71,Net Banking,0.1,83897.1,0.0,0.13371987827946374,2024,9,2,0,Fall
13420,2024-09-29,Trisha Solanki,East,Ranchi,Home Decor,Clock,Clock Recusandae,5,31846,0,159230.0,12362.22,Upi,0.0,159230.0,0.0,0.07763750549519563,2024,9,29,6,Fall
13421,2025-03-05,Yuvraj  Sarin,North,Chandigarh,Toys,Rc Car,RC Car Omnis,1,53601,20,42880.8,6261.54,Cod,0.2,42880.8,0.0,0.1460219958582862,2025,3,5,2,Spring
13422,2024-11-28,Sumer Contractor,West,Pune,Furniture,Cabinet,Cabinet Adipisci,3,49771,5,141847.35,16771.07,Debit Card,0.05,141847.35,0.0,0.11823322748010448,2024,11,28,3,Fall
13423,2024-03-13,Kismat Bandi,South,Bangalore,Toys,Puzzle,Puzzle Veritatis,3,67309,15,171637.95,30098.82,Cod,0.15,171637.94999999998,2.9103830456733704e-11,0.17536226691125126,2024,3,13,2,Spring
13424,2024-11-08,Ishita Wagle,West,Mumbai,Groceries,Sugar,Sugar At,1,22906,15,19470.1,2548.3,Cod,0.15,19470.1,0.0,0.13088273814721035,2024,11,8,4,Fall
13425,2024-12-14,Lakshit Singhal,South,Chennai,Toys,Action Figure,Action Figure Enim,5,19366,15,82305.5,17877.78,Debit Card,0.15,82305.5,0.0,0.21721245846267867,2024,12,14,5,winter
13426,2025-03-04,Dharmajan Ranganathan,South,Hyderabad,Electronics,Mobile,Mobile Dolorum,4,53525,0,214100.0,33790.22,Credit Card,0.0,214100.0,0.0,0.15782447454460533,2025,3,4,1,Spring
13427,2023-12-17,Renee Goyal,West,Mumbai,Home Decor,Cushion,Cushion Ex,5,43196,10,194382.0,29474.44,Net Banking,0.1,194382.0,0.0,0.15163152966838492,2023,12,17,6,winter
13428,2023-12-10,Nitara Srinivas,North,Jaipur,Books,Textbook,Textbook Beatae,5,22760,10,102420.0,23303.66,Debit Card,0.1,102420.0,0.0,0.22753036516305408,2023,12,10,6,winter
13429,2024-08-16,Hrishita Dyal,South,Coimbatore,Sports,Yoga Mat,Yoga Mat Esse,1,38977,0,38977.0,3631.24,Debit Card,0.0,38977.0,0.0,0.09316366062036585,2024,8,16,4,Summer
13430,2024-05-14,Seher Raja,North,Lucknow,Home Decor,Wall Art,Wall Art Saepe,5,56550,0,282750.0,58546.01,Debit Card,0.0,282750.0,0.0,0.20705927497789567,2024,5,14,1,Spring
13431,2024-11-18,Shayak Contractor,East,Patna,Books,Biography,Biography Distinctio,4,73573,10,264862.8,41051.44,Upi,0.1,264862.8,0.0,0.15499133891207073,2024,11,18,0,Fall
13432,2023-10-13,Aaryahi Sehgal,West,Goa,Home Decor,Cushion,Cushion Fuga,2,15350,10,27630.0,2099.8,Upi,0.1,27630.0,0.0,0.07599710459645313,2023,10,13,4,Fall
13433,2024-04-03,Advika Hora,East,Kolkata,Home Decor,Lamp,Lamp Perspiciatis,5,79131,15,336306.75,41387.57,Credit Card,0.15,336306.75,0.0,0.1230649399692394,2024,4,3,2,Spring
13434,2023-10-23,Indranil Khare,North,Jaipur,Sports,Tennis Racket,Tennis Racket Laboriosam,1,14443,15,12276.55,1865.77,Credit Card,0.15,12276.55,0.0,0.1519783652573402,2023,10,23,0,Fall
13435,2025-01-20,Anvi Vora,West,Goa,Home Decor,Clock,Clock Assumenda,2,78372,10,141069.6,7433.26,Cod,0.1,141069.6,0.0,0.05269214628807341,2025,1,20,0,winter
13436,2025-04-01,Kiaan Warrior,West,Mumbai,Beauty,Perfume,Perfume Ducimus,4,78646,0,314584.0,25851.76,Net Banking,0.0,314584.0,0.0,0.08217760598123235,2025,4,1,1,Spring
13437,2025-07-01,Prerak Seth,West,Mumbai,Toys,Puzzle,Puzzle Natus,5,46098,10,207441.0,30558.22,Upi,0.1,207441.0,0.0,0.14731041597369854,2025,7,1,1,Summer
13438,2025-07-22,Vedika Gala,West,Surat,Groceries,Rice,Rice Tempora,5,10139,10,45625.5,8977.77,Credit Card,0.1,45625.5,0.0,0.1967708847026334,2025,7,22,1,Summer
13439,2024-10-02,Hrishita Bajwa,North,Delhi,Groceries,Wheat,Wheat Neque,4,11730,10,42228.0,8366.99,Credit Card,0.1,42228.0,0.0,0.1981384389504594,2024,10,2,2,Fall
13440,2024-11-19,Nayantara Lala,East,Guwahati,Clothing,Shoes,Shoes Qui,4,13980,5,53124.0,10001.25,Debit Card,0.05,53124.0,0.0,0.1882623672916196,2024,11,19,1,Fall
13441,2023-10-06,Mamooty Solanki,South,Bangalore,Clothing,Kids Wear,Kids Wear Magni,2,11988,10,21578.4,1440.36,Net Banking,0.1,21578.4,0.0,0.06675008341675008,2023,10,6,4,Fall
13442,2025-09-15,Divij Rajagopal,South,Thiruvananthapuram,Books,Comics,Comics Voluptate,2,19507,5,37063.3,4904.89,Cod,0.05,37063.299999999996,7.275957614183426e-12,0.13233818899018707,2025,9,15,0,Fall
13443,2024-04-08,Kismat Gupta,East,Ranchi,Clothing,Men'S Wear,Men's Wear Delectus,2,35346,10,63622.8,15716.73,Upi,0.1,63622.8,0.0,0.24702983835983325,2024,4,8,0,Spring
13444,2025-03-25,Vaibhav Suri,North,Lucknow,Home Decor,Lamp,Lamp Quasi,5,9208,0,46040.0,4126.8,Net Banking,0.0,46040.0,0.0,0.08963509991311903,2025,3,25,1,Spring
13445,2023-10-05,Eshani Tandon,East,Patna,Electronics,Smartwatch,Smartwatch Alias,5,34780,5,165205.0,31468.02,Credit Card,0.05,165205.0,0.0,0.19047861747525802,2023,10,5,3,Fall
13446,2025-01-02,Pranay Sathe,North,Amritsar,Furniture,Sofa,Sofa Necessitatibus,4,73689,0,294756.0,24646.64,Debit Card,0.0,294756.0,0.0,0.08361709346035365,2025,1,2,3,winter
13447,2024-02-25,Kanav Jhaveri,North,Jaipur,Kitchen,Refrigerator,Refrigerator Recusandae,2,50782,0,101564.0,12437.2,Upi,0.0,101564.0,0.0,0.12245677602300029,2024,2,25,6,winter
13448,2025-03-02,Rati Sandal,West,Pune,Groceries,Rice,Rice Occaecati,2,67896,5,129002.4,27417.28,Net Banking,0.05,129002.4,0.0,0.21253310015937688,2025,3,2,6,Spring
13449,2024-03-03,Priyansh Brar,South,Coimbatore,Beauty,Lipstick,Lipstick Quaerat,4,62447,10,224809.2,20400.34,Credit Card,0.1,224809.2,0.0,0.09074512964771904,2024,3,3,6,Spring
13450,2025-03-29,Tara Sahota,West,Surat,Toys,Puzzle,Puzzle Alias,3,65333,10,176399.1,39331.91,Net Banking,0.1,176399.1,0.0,0.22297114894577127,2025,3,29,5,Spring
13451,2025-03-31,Dhruv Raju,West,Surat,Clothing,Shoes,Shoes Soluta,3,9467,0,28401.0,4320.3,Cod,0.0,28401.0,0.0,0.15211788317312772,2025,3,31,0,Spring
13452,2025-01-21,Dhruv Bali,South,Chennai,Sports,Football,Football Reprehenderit,2,16217,20,25947.2,4888.54,Credit Card,0.2,25947.2,0.0,0.18840337300363816,2025,1,21,1,winter
13453,2025-09-20,Vivaan Edwin,North,Delhi,Beauty,Shampoo,Shampoo Excepturi,5,47739,20,190956.0,41152.93,Cod,0.2,190956.0,0.0,0.2155100127778127,2025,9,20,5,Fall
13454,2024-05-30,Rohan Bawa,East,Guwahati,Clothing,Women'S Wear,Women's Wear Laboriosam,2,51495,20,82392.0,13145.75,Upi,0.2,82392.0,0.0,0.15955129138751334,2024,5,30,3,Spring
13455,2025-02-19,Fateh Bhattacharyya,East,Patna,Sports,Football,Football Aliquid,1,17171,10,15453.9,2299.55,Net Banking,0.1,15453.9,0.0,0.14880062637910174,2025,2,19,2,winter
13456,2024-07-19,Dharmajan Gera,West,Pune,Clothing,Women'S Wear,Women's Wear Repellat,5,19553,20,78212.0,14268.1,Net Banking,0.2,78212.0,0.0,0.1824285275916739,2024,7,19,4,Summer
13457,2025-07-23,Piya Krishnan,East,Guwahati,Furniture,Chair,Chair Saepe,2,70084,20,112134.4,10750.48,Upi,0.2,112134.40000000001,1.4551915228366852e-11,0.09587138291193426,2025,7,23,2,Summer
13458,2025-01-24,Hrishita Mangat,West,Ahmedabad,Sports,Football,Football Soluta,3,8963,0,26889.0,5701.61,Upi,0.0,26889.0,0.0,0.21204247089888056,2025,1,24,4,winter
13459,2024-10-17,Nirvi Dutta,West,Mumbai,Groceries,Wheat,Wheat Sint,3,8152,5,23233.2,1549.6,Net Banking,0.05,23233.2,0.0,0.06669765680147374,2024,10,17,3,Fall
13460,2024-01-07,Kartik Mani,East,Bhubaneswar,Clothing,Women'S Wear,Women's Wear Aperiam,1,19937,15,16946.45,2578.7,Credit Card,0.15,16946.45,0.0,0.15216756311793914,2024,1,7,6,winter
13461,2024-02-09,Dhanush Rajan,South,Thiruvananthapuram,Kitchen,Juicer,Juicer Ipsa,4,41184,10,148262.4,24010.41,Debit Card,0.1,148262.4,0.0,0.16194537522662522,2024,2,9,4,winter
13462,2024-02-10,Siya Shroff,South,Chennai,Electronics,Camera,Camera Illum,5,39605,5,188123.75,31817.36,Credit Card,0.05,188123.75,0.0,0.16912994770729373,2024,2,10,5,winter
13463,2024-03-09,Jayan Gandhi,South,Hyderabad,Groceries,Rice,Rice Nam,2,5706,10,10270.8,1939.53,Net Banking,0.1,10270.800000000001,1.8189894035458565e-12,0.1888392335553219,2024,3,9,5,Spring
13464,2025-08-16,Hiran Sharaf,North,Lucknow,Clothing,Women'S Wear,Women's Wear Ratione,5,43630,5,207242.5,10385.55,Debit Card,0.05,207242.5,0.0,0.05011303183468641,2025,8,16,5,Summer
13465,2025-03-14,Nishith Sarraf,West,Surat,Beauty,Shampoo,Shampoo Aperiam,1,78233,20,62586.4,7734.94,Net Banking,0.2,62586.4,0.0,0.12358819168381628,2025,3,14,4,Spring
13466,2024-02-13,Hrishita Master,North,Delhi,Sports,Football,Football Maiores,1,22703,0,22703.0,4318.76,Net Banking,0.0,22703.0,0.0,0.1902286041492314,2024,2,13,1,winter
13467,2024-01-18,Shamik Kumar,West,Ahmedabad,Sports,Football,Football Officiis,1,71110,20,56888.0,10954.94,Net Banking,0.2,56888.0,0.0,0.19257031359864998,2024,1,18,3,winter
13468,2024-04-02,Aniruddh Rastogi,East,Patna,Beauty,Shampoo,Shampoo Laboriosam,2,42014,0,84028.0,18352.19,Upi,0.0,84028.0,0.0,0.21840565049745322,2024,4,2,1,Spring
13469,2024-08-18,Yasmin Solanki,South,Chennai,Books,Comics,Comics Placeat,3,51106,10,137986.2,9602.03,Cod,0.1,137986.2,0.0,0.06958688622485437,2024,8,18,6,Summer
13470,2024-08-25,Sahil Kuruvilla,North,Amritsar,Books,Non-Fiction,Non-Fiction Soluta,4,30465,20,97488.0,15095.78,Cod,0.2,97488.0,0.0,0.15484757098309537,2024,8,25,6,Summer
13471,2024-11-25,Taran Som,South,Thiruvananthapuram,Electronics,Smartwatch,Smartwatch Vitae,1,1546,5,1468.7,243.86,Credit Card,0.05,1468.6999999999998,2.2737367544323206e-13,0.16603799278273304,2024,11,25,0,Fall
13472,2024-04-17,Purab Sane,North,Delhi,Furniture,Table,Table Amet,1,26399,20,21119.2,3370.88,Upi,0.2,21119.2,0.0,0.15961210651918634,2024,4,17,2,Spring
13473,2024-01-17,Pihu Sengupta,North,Chandigarh,Sports,Tennis Racket,Tennis Racket Culpa,2,63493,5,120636.7,26839.18,Net Banking,0.05,120636.7,0.0,0.222479394744717,2024,1,17,2,winter
13474,2024-03-26,Neysa Magar,West,Mumbai,Electronics,Camera,Camera Commodi,2,56650,10,101970.0,13412.43,Credit Card,0.1,101970.0,0.0,0.1315330979699912,2024,3,26,1,Spring
13475,2025-02-25,Fateh Gandhi,North,Chandigarh,Sports,Football,Football Occaecati,2,38346,0,76692.0,9755.04,Cod,0.0,76692.0,0.0,0.12719762165545298,2025,2,25,1,winter
13476,2024-07-02,Lakshit Sengupta,West,Ahmedabad,Home Decor,Clock,Clock Reprehenderit,5,35065,10,157792.5,15634.85,Debit Card,0.1,157792.5,0.0,0.09908487412266109,2024,7,2,1,Summer
13477,2025-07-26,Gokul Bhagat,North,Chandigarh,Electronics,Headphones,Headphones Accusantium,1,76432,0,76432.0,11013.85,Debit Card,0.0,76432.0,0.0,0.14409998429976972,2025,7,26,5,Summer
13478,2024-01-26,Heer Bala,North,Lucknow,Books,Textbook,Textbook Ex,2,72445,20,115912.0,19267.8,Debit Card,0.2,115912.0,0.0,0.16622782800745392,2024,1,26,4,winter
13479,2025-05-12,Rhea Kalita,West,Surat,Books,Comics,Comics Ullam,4,21535,0,86140.0,14750.84,Net Banking,0.0,86140.0,0.0,0.17124262827954492,2025,5,12,0,Spring
13480,2024-11-25,Dishani Dhillon,West,Pune,Toys,Rc Car,RC Car Pariatur,1,66873,10,60185.7,4072.39,Upi,0.1,60185.700000000004,7.275957614183426e-12,0.06766374736856097,2024,11,25,0,Fall
13481,2024-10-27,Dhruv Magar,West,Surat,Sports,Football,Football Molestiae,1,75145,15,63873.25,13779.84,Net Banking,0.15,63873.25,0.0,0.21573726090342984,2024,10,27,6,Fall
13482,2024-09-02,Indrans Khurana,South,Thiruvananthapuram,Home Decor,Wall Art,Wall Art Commodi,4,8015,5,30457.0,3760.9,Upi,0.05,30457.0,0.0,0.12348228650228191,2024,9,2,0,Fall
13483,2025-03-16,Sara Chander,East,Guwahati,Electronics,Camera,Camera Omnis,2,18435,20,29496.0,4566.37,Net Banking,0.2,29496.0,0.0,0.1548131950094928,2025,3,16,6,Spring
13484,2025-05-13,Prisha Rana,East,Bhubaneswar,Electronics,Headphones,Headphones Quia,3,73213,10,197675.1,44853.15,Credit Card,0.1,197675.1,0.0,0.2269033884389081,2025,5,13,1,Spring
13485,2023-10-28,Piya Issac,West,Goa,Sports,Tennis Racket,Tennis Racket Animi,2,13488,0,26976.0,3357.06,Net Banking,0.0,26976.0,0.0,0.1244461743772242,2023,10,28,5,Fall
13486,2023-12-01,Hazel Chatterjee,North,Lucknow,Books,Comics,Comics Iusto,3,72181,0,216543.0,40729.07,Cod,0.0,216543.0,0.0,0.18808767773606166,2023,12,1,4,winter
13487,2024-01-12,Mannat Ram,South,Hyderabad,Groceries,Spices,Spices Sequi,2,21321,10,38377.8,2823.86,Credit Card,0.1,38377.8,0.0,0.07358055959434881,2024,1,12,4,winter
13488,2024-11-02,Pari Batta,East,Kolkata,Electronics,Laptop,Laptop Veniam,1,61560,0,61560.0,11239.26,Net Banking,0.0,61560.0,0.0,0.18257407407407408,2024,11,2,5,Fall
13489,2024-06-28,Suhana Loke,East,Guwahati,Beauty,Perfume,Perfume Voluptates,5,74952,15,318546.0,72829.75,Cod,0.15,318546.0,0.0,0.22863181455739517,2024,6,28,4,Summer
13490,2024-03-09,Reyansh Barad,East,Ranchi,Books,Biography,Biography Dolores,4,2145,5,8151.0,1529.43,Upi,0.05,8151.0,0.0,0.1876370997423629,2024,3,9,5,Spring
13491,2024-09-20,Nirvaan Bawa,North,Delhi,Clothing,Men'S Wear,Men's Wear Dolores,4,28307,20,90582.4,15251.17,Credit Card,0.2,90582.40000000001,1.4551915228366852e-11,0.16836791694633838,2024,9,20,4,Fall
13492,2025-02-01,Nitara Roy,East,Patna,Kitchen,Juicer,Juicer Quidem,5,17601,10,79204.5,13310.82,Credit Card,0.1,79204.5,0.0,0.16805636043406624,2025,2,1,5,winter
13493,2024-06-11,Aarush Chakrabarti,East,Guwahati,Furniture,Sofa,Sofa Corrupti,1,34587,0,34587.0,3263.59,Net Banking,0.0,34587.0,0.0,0.09435886315667737,2024,6,11,1,Summer
13494,2024-12-05,Tejas Sha,West,Mumbai,Furniture,Cabinet,Cabinet Illo,2,17592,15,29906.4,5380.07,Upi,0.15,29906.399999999998,3.637978807091713e-12,0.17989694513548937,2024,12,5,3,winter
13495,2025-05-04,Bhamini Dixit,South,Coimbatore,Home Decor,Wall Art,Wall Art Facere,3,73164,0,219492.0,52308.41,Upi,0.0,219492.0,0.0,0.23831579283071821,2025,5,4,6,Spring
13496,2024-01-03,Fateh Karan,West,Mumbai,Kitchen,Cookware Set,Cookware Set Eveniet,3,36324,5,103523.4,12449.98,Debit Card,0.05,103523.4,0.0,0.12026247205945709,2024,1,3,2,winter
13497,2025-02-21,Anvi Badami,East,Patna,Groceries,Rice,Rice Esse,4,56206,5,213582.8,34448.17,Net Banking,0.05,213582.8,0.0,0.16128719166524647,2025,2,21,4,winter
13498,2024-11-18,Tara Sabharwal,South,Coimbatore,Sports,Cricket Bat,Cricket Bat Aliquid,4,66005,5,250819.0,31432.54,Upi,0.05,250819.0,0.0,0.1253196129479824,2024,11,18,0,Fall
13499,2025-08-17,Biju Deshpande,North,Jaipur,Books,Textbook,Textbook Reiciendis,2,47043,10,84677.4,10268.75,Credit Card,0.1,84677.40000000001,1.4551915228366852e-11,0.12126907533769342,2025,8,17,6,Summer
13500,2023-11-02,Jayan Thakkar,North,Amritsar,Home Decor,Vase,Vase Nostrum,3,76580,10,206766.0,21263.75,Upi,0.1,206766.0,0.0,0.10283968350695956,2023,11,2,3,Fall
13501,2025-05-05,Dishani Shankar,East,Ranchi,Electronics,Mobile,Mobile At,4,66728,0,266912.0,63455.49,Credit Card,0.0,266912.0,0.0,0.23773936728210046,2025,5,5,0,Spring
13502,2025-08-28,Ritvik Bail,North,Chandigarh,Home Decor,Wall Art,Wall Art Similique,2,56163,20,89860.8,17852.06,Cod,0.2,89860.8,0.0,0.1986634884176415,2025,8,28,3,Summer
13503,2024-08-16,Ritvik Rana,North,Amritsar,Clothing,Shoes,Shoes Ipsam,1,35675,0,35675.0,3406.84,Upi,0.0,35675.0,0.0,0.09549656622284514,2024,8,16,4,Summer
13504,2024-01-10,Anaya Khatri,East,Kolkata,Beauty,Face Cream,Face Cream Quos,1,65651,15,55803.35,6949.43,Credit Card,0.15,55803.35,0.0,0.12453427975202207,2024,1,10,2,winter
13505,2025-01-25,Indrans Halder,South,Thiruvananthapuram,Clothing,Accessories,Accessories Quia,4,678,15,2305.2,563.7,Cod,0.15,2305.2,0.0,0.24453409682457058,2025,1,25,5,winter
13506,2024-05-24,Krish Deo,East,Bhubaneswar,Toys,Rc Car,RC Car Occaecati,4,45619,10,164228.4,18957.68,Debit Card,0.1,164228.4,0.0,0.11543484561744498,2024,5,24,4,Spring
13507,2023-12-13,Prisha Jha,East,Bhubaneswar,Books,Comics,Comics Provident,5,53735,10,241807.5,25646.51,Credit Card,0.1,241807.5,0.0,0.10606168129607228,2023,12,13,2,winter
13508,2024-10-19,Kashvi Vasa,East,Bhubaneswar,Books,Fiction,Fiction Nesciunt,1,23199,15,19719.15,4085.38,Upi,0.15,19719.149999999998,3.637978807091713e-12,0.20717830129594836,2024,10,19,5,Fall
13509,2024-06-09,Zoya Loyal,South,Thiruvananthapuram,Toys,Rc Car,RC Car Aliquid,3,79196,0,237588.0,51359.05,Upi,0.0,237588.0,0.0,0.21616853544791825,2024,6,9,6,Summer
13510,2024-07-23,Rania Dube,West,Surat,Furniture,Chair,Chair Unde,2,64973,5,123448.7,14448.41,Credit Card,0.05,123448.7,0.0,0.11703979061747917,2024,7,23,1,Summer
13511,2024-04-14,Vardaniya Tripathi,East,Guwahati,Groceries,Spices,Spices Consectetur,2,35562,20,56899.2,10231.06,Credit Card,0.2,56899.200000000004,7.275957614183426e-12,0.17981026095270233,2024,4,14,6,Spring
13512,2024-12-05,Yashvi Choudhury,East,Ranchi,Electronics,Smartwatch,Smartwatch Tenetur,4,71480,5,271624.0,59618.0,Credit Card,0.05,271624.0,0.0,0.2194872323506023,2024,12,5,3,winter
13513,2025-04-18,Ranbir Chaudhary,East,Bhubaneswar,Toys,Puzzle,Puzzle Placeat,5,32476,10,146142.0,31297.64,Upi,0.1,146142.0,0.0,0.21415910552750064,2025,4,18,4,Spring
13514,2025-08-17,Pari Cheema,South,Thiruvananthapuram,Home Decor,Vase,Vase Odit,5,55702,0,278510.0,37498.64,Debit Card,0.0,278510.0,0.0,0.1346401924526947,2025,8,17,6,Summer
13515,2024-04-06,Stuvan Sathe,West,Pune,Beauty,Lipstick,Lipstick Repellat,4,3573,20,11433.6,2047.15,Upi,0.2,11433.6,0.0,0.17904684438846907,2024,4,6,5,Spring
13516,2024-06-04,Miraya Varma,West,Mumbai,Books,Textbook,Textbook Consectetur,5,30093,5,142941.75,30301.73,Credit Card,0.05,142941.75,0.0,0.21198656095927187,2024,6,4,1,Summer
13517,2025-03-17,Charvi Vaidya,North,Delhi,Kitchen,Juicer,Juicer Cupiditate,2,43958,15,74728.6,6562.54,Credit Card,0.15,74728.59999999999,1.4551915228366852e-11,0.08781831855541251,2025,3,17,0,Spring
13518,2024-01-25,Seher Chopra,East,Guwahati,Home Decor,Lamp,Lamp Tempore,2,42995,15,73091.5,6699.72,Credit Card,0.15,73091.5,0.0,0.09166209477162188,2024,1,25,3,winter
13519,2025-06-02,Suhana Rana,West,Surat,Kitchen,Mixer Grinder,Mixer Grinder Esse,3,32993,15,84132.15,11182.66,Upi,0.15,84132.15,0.0,0.1329177965854908,2025,6,2,0,Summer
13520,2024-01-15,Ranbir Upadhyay,South,Coimbatore,Kitchen,Mixer Grinder,Mixer Grinder Deleniti,1,468,20,374.4,44.57,Debit Card,0.2,374.40000000000003,5.684341886080802e-14,0.11904380341880343,2024,1,15,0,winter
13521,2023-11-18,Jivika Magar,North,Delhi,Furniture,Sofa,Sofa Non,4,65047,5,247178.6,44888.67,Upi,0.05,247178.59999999998,2.9103830456733704e-11,0.18160419227230834,2023,11,18,5,Fall
13522,2025-08-30,Zaina Khurana,West,Goa,Home Decor,Vase,Vase Totam,1,19302,10,17371.8,1821.16,Cod,0.1,17371.8,0.0,0.10483427163563938,2025,8,30,5,Summer
13523,2025-02-23,Taran Raju,South,Thiruvananthapuram,Groceries,Rice,Rice Nostrum,1,7433,15,6318.05,917.93,Cod,0.15,6318.05,0.0,0.1452869160579609,2025,2,23,6,winter
13524,2025-01-25,Anya Aggarwal,South,Chennai,Home Decor,Vase,Vase Sapiente,4,19891,10,71607.6,4022.44,Credit Card,0.1,71607.6,0.0,0.05617336707276881,2025,1,25,5,winter
13525,2023-10-09,Prerak Mangat,North,Chandigarh,Electronics,Smartwatch,Smartwatch Tempora,1,16448,20,13158.4,2993.92,Debit Card,0.2,13158.400000000001,1.8189894035458565e-12,0.22752918287937746,2023,10,9,0,Fall
13526,2025-07-30,Trisha Rau,North,Amritsar,Clothing,Accessories,Accessories Repellat,3,61597,15,157072.35,19409.35,Net Banking,0.15,157072.35,0.0,0.12356948883746884,2025,7,30,2,Summer
13527,2025-03-21,Gatik Ratta,South,Coimbatore,Clothing,Shoes,Shoes Culpa,1,73596,10,66236.4,10801.54,Net Banking,0.1,66236.40000000001,1.4551915228366852e-11,0.1630755898569367,2025,3,21,4,Spring
13528,2024-05-07,Bhamini Dugar,West,Surat,Toys,Puzzle,Puzzle Doloremque,1,68458,20,54766.4,4291.29,Upi,0.2,54766.4,0.0,0.0783562549300301,2024,5,7,1,Spring
13529,2025-01-30,Kanav Subramaniam,East,Bhubaneswar,Kitchen,Juicer,Juicer Iusto,3,74544,20,178905.6,23347.05,Net Banking,0.2,178905.6,0.0,0.13049926888817343,2025,1,30,3,winter
13530,2024-02-04,Taimur Bhandari,West,Goa,Toys,Rc Car,RC Car Rerum,4,15853,15,53900.2,7996.18,Cod,0.15,53900.2,0.0,0.14835158311100888,2024,2,4,6,winter
13531,2025-01-14,Madhav Bhatia,East,Bhubaneswar,Electronics,Laptop,Laptop Eveniet,1,69319,10,62387.1,4924.89,Upi,0.1,62387.1,0.0,0.07894083873108383,2025,1,14,1,winter
13532,2024-05-04,Vedika Borah,East,Kolkata,Clothing,Women'S Wear,Women's Wear Saepe,5,14233,15,60490.25,4870.39,Cod,0.15,60490.25,0.0,0.08051528965411782,2024,5,4,5,Spring
13533,2024-01-18,Adira Dubey,South,Bangalore,Home Decor,Wall Art,Wall Art Perferendis,4,39148,5,148762.4,22358.34,Cod,0.05,148762.4,0.0,0.1502956392206633,2024,1,18,3,winter
13534,2023-11-21,Inaaya  Viswanathan,North,Jaipur,Beauty,Lipstick,Lipstick Ab,4,27867,20,89174.4,7677.01,Credit Card,0.2,89174.40000000001,1.4551915228366852e-11,0.08608984192772814,2023,11,21,1,Fall
13535,2025-09-13,Aaina Karnik,East,Guwahati,Furniture,Sofa,Sofa Aperiam,1,66727,20,53381.6,4368.49,Debit Card,0.2,53381.600000000006,7.275957614183426e-12,0.08183512671032715,2025,9,13,5,Fall
13536,2024-02-03,Yasmin Butala,North,Lucknow,Home Decor,Vase,Vase Laborum,1,62817,0,62817.0,5326.09,Debit Card,0.0,62817.0,0.0,0.08478739831574256,2024,2,3,5,winter
13537,2025-05-14,Ranbir Brar,West,Ahmedabad,Electronics,Mobile,Mobile Officiis,2,1655,20,2648.0,414.15,Cod,0.2,2648.0,0.0,0.15640105740181268,2025,5,14,2,Spring
13538,2024-06-18,Vihaan Datta,East,Ranchi,Home Decor,Cushion,Cushion Beatae,5,59416,15,252518.0,30404.67,Cod,0.15,252518.0,0.0,0.12040595125892015,2024,6,18,1,Summer
13539,2024-09-23,Biju Bobal,South,Bangalore,Beauty,Lipstick,Lipstick Facere,1,6633,10,5969.7,780.42,Cod,0.1,5969.7,0.0,0.13073018744660536,2024,9,23,0,Fall
13540,2025-02-07,Vaibhav Kannan,South,Chennai,Toys,Board Game,Board Game Quod,3,30861,10,83324.7,19419.55,Upi,0.1,83324.7,0.0,0.2330587448859702,2025,2,7,4,winter
13541,2024-12-10,Raunak Suri,West,Surat,Groceries,Oil,Oil Deserunt,1,57096,15,48531.6,9841.96,Cod,0.15,48531.6,0.0,0.2027948800369244,2024,12,10,1,winter
13542,2024-07-28,Vaibhav Sama,South,Bangalore,Sports,Yoga Mat,Yoga Mat Aliquam,2,24237,15,41202.9,9968.91,Upi,0.15,41202.9,0.0,0.24194680471520208,2024,7,28,6,Summer
13543,2024-11-05,Siya Sathe,North,Delhi,Sports,Football,Football In,4,73927,5,280922.6,67840.71,Cod,0.05,280922.6,0.0,0.24149253210670843,2024,11,5,1,Fall
13544,2024-09-06,Bhamini Rana,East,Ranchi,Electronics,Camera,Camera Corporis,2,56107,5,106603.3,21569.66,Debit Card,0.05,106603.29999999999,1.4551915228366852e-11,0.202335762588963,2024,9,6,4,Fall
13545,2025-05-14,Riaan Dhar,West,Surat,Groceries,Oil,Oil Voluptatibus,3,39970,0,119910.0,25086.24,Credit Card,0.0,119910.0,0.0,0.20920890668001002,2025,5,14,2,Spring
13546,2024-08-16,Sana Borra,South,Hyderabad,Toys,Rc Car,RC Car Magnam,3,22895,0,68685.0,12048.75,Credit Card,0.0,68685.0,0.0,0.1754203974666958,2024,8,16,4,Summer
13547,2025-01-13,Kabir Kanda,South,Hyderabad,Furniture,Chair,Chair Velit,4,1141,0,4564.0,461.47,Credit Card,0.0,4564.0,0.0,0.10111086765994742,2025,1,13,0,winter
13548,2025-03-31,Sumer Chowdhury,North,Chandigarh,Home Decor,Lamp,Lamp Ipsam,2,45443,5,86341.7,16245.16,Debit Card,0.05,86341.7,0.0,0.18814964264080972,2025,3,31,0,Spring
13549,2023-12-26,Aarav Bhatia,North,Jaipur,Sports,Dumbbells,Dumbbells Ipsa,5,19356,5,91941.0,9831.89,Net Banking,0.05,91941.0,0.0,0.10693694869535897,2023,12,26,1,winter
13550,2025-02-01,Neelofar Bhatnagar,West,Mumbai,Electronics,Mobile,Mobile Dolorem,2,38804,0,77608.0,10433.75,Cod,0.0,77608.0,0.0,0.13444168126997216,2025,2,1,5,winter
13551,2025-07-02,Vihaan Badal,East,Guwahati,Toys,Doll,Doll Laboriosam,1,49537,15,42106.45,9925.12,Debit Card,0.15,42106.45,0.0,0.23571495578468385,2025,7,2,2,Summer
13552,2025-02-27,Misha Shere,North,Lucknow,Home Decor,Lamp,Lamp Perspiciatis,5,56340,5,267615.0,65872.81,Credit Card,0.05,267615.0,0.0,0.2461476748313809,2025,2,27,3,winter
13553,2024-04-13,Indrajit Garde,West,Ahmedabad,Sports,Cricket Bat,Cricket Bat Sint,1,28325,10,25492.5,2994.68,Net Banking,0.1,25492.5,0.0,0.11747298224968128,2024,4,13,5,Spring
13554,2024-03-01,Stuvan Kara,East,Ranchi,Furniture,Chair,Chair Nemo,1,29464,5,27990.8,3410.14,Upi,0.05,27990.8,0.0,0.12183074438744158,2024,3,1,4,Spring
13555,2025-06-02,Shlok Dutta,East,Bhubaneswar,Beauty,Lipstick,Lipstick Cum,3,11891,0,35673.0,4355.04,Upi,0.0,35673.0,0.0,0.12208224707762173,2025,6,2,0,Summer
13556,2025-06-26,Amani Madan,North,Jaipur,Home Decor,Vase,Vase Ab,4,7448,10,26812.8,6486.74,Net Banking,0.1,26812.8,0.0,0.24192699009428334,2025,6,26,3,Summer
13557,2024-01-16,Anahita Bala,West,Goa,Beauty,Foundation,Foundation Aperiam,3,5442,20,13060.8,1476.31,Credit Card,0.2,13060.800000000001,1.8189894035458565e-12,0.113033657968884,2024,1,16,1,winter
13558,2024-07-14,Amani Shukla,West,Pune,Clothing,Men'S Wear,Men's Wear Et,5,65724,20,262896.0,21487.22,Debit Card,0.2,262896.0,0.0,0.08173277645913213,2024,7,14,6,Summer
13559,2025-02-12,Faiyaz Dara,South,Coimbatore,Home Decor,Cushion,Cushion Vero,5,31720,0,158600.0,37260.34,Debit Card,0.0,158600.0,0.0,0.23493278688524588,2025,2,12,2,winter
13560,2025-09-03,Miraan Suresh,West,Goa,Groceries,Wheat,Wheat Possimus,3,33714,5,96084.9,9067.78,Cod,0.05,96084.9,0.0,0.0943725809154196,2025,9,3,2,Fall
13561,2024-01-04,Ahana  Choudhury,West,Goa,Furniture,Chair,Chair Adipisci,1,44006,10,39605.4,3175.72,Upi,0.1,39605.4,0.0,0.08018401531104344,2024,1,4,3,winter
13562,2023-12-25,Ivan Dutta,West,Pune,Sports,Yoga Mat,Yoga Mat Nemo,1,1508,0,1508.0,139.35,Credit Card,0.0,1508.0,0.0,0.09240716180371353,2023,12,25,0,winter
13563,2023-12-15,Mahika Sridhar,South,Chennai,Groceries,Rice,Rice Laudantium,1,63744,15,54182.4,3733.96,Credit Card,0.15,54182.4,0.0,0.0689146291046539,2023,12,15,4,winter
13564,2024-03-24,Adira Dayal,West,Surat,Kitchen,Microwave,Microwave Nihil,5,12051,5,57242.25,14299.13,Cod,0.05,57242.25,0.0,0.24980027864033993,2024,3,24,6,Spring
13565,2025-06-09,Taran Krishnan,East,Ranchi,Toys,Board Game,Board Game Fuga,4,8957,20,28662.4,2572.04,Upi,0.2,28662.4,0.0,0.08973568158981801,2025,6,9,0,Summer
13566,2025-05-26,Jivika Tata,East,Ranchi,Sports,Football,Football Voluptatibus,1,44907,20,35925.6,8102.37,Upi,0.2,35925.6,0.0,0.22553193266083238,2025,5,26,0,Spring
13567,2024-03-21,Hiran Soman,South,Bangalore,Groceries,Rice,Rice Ullam,5,50321,0,251605.0,15427.5,Credit Card,0.0,251605.0,0.0,0.061316349039168536,2024,3,21,3,Spring
13568,2025-09-09,Heer Tara,East,Patna,Beauty,Face Cream,Face Cream Consequatur,2,13412,20,21459.2,3353.32,Debit Card,0.2,21459.2,0.0,0.15626491201908738,2025,9,9,1,Fall
13569,2024-12-19,Advika Dara,West,Pune,Groceries,Sugar,Sugar Ex,5,31845,15,135341.25,9972.7,Debit Card,0.15,135341.25,0.0,0.07368559105224756,2024,12,19,3,winter
13570,2024-12-14,Vedika Hans,East,Patna,Electronics,Smartwatch,Smartwatch Ipsa,4,65945,10,237402.0,20381.66,Cod,0.1,237402.0,0.0,0.08585294142425084,2024,12,14,5,winter
13571,2023-11-11,Riaan Walia,West,Goa,Kitchen,Cookware Set,Cookware Set Amet,4,59561,15,202507.4,15647.37,Net Banking,0.15,202507.4,0.0,0.0772681393371304,2023,11,11,5,Fall
13572,2024-09-24,Fateh Shah,East,Patna,Beauty,Foundation,Foundation Ratione,1,39668,15,33717.8,5056.32,Debit Card,0.15,33717.799999999996,7.275957614183426e-12,0.14995996180059196,2024,9,24,1,Fall
13573,2023-11-19,Vritika Cherian,West,Ahmedabad,Clothing,Men'S Wear,Men's Wear Hic,1,76046,10,68441.4,5512.0,Net Banking,0.1,68441.40000000001,1.4551915228366852e-11,0.08053604981780034,2023,11,19,6,Fall
13574,2024-09-26,Advika Dave,West,Mumbai,Home Decor,Vase,Vase Occaecati,4,10077,0,40308.0,4785.62,Cod,0.0,40308.0,0.0,0.11872630743276769,2024,9,26,3,Fall
13575,2025-04-08,Adah Sinha,South,Coimbatore,Electronics,Smartwatch,Smartwatch Eos,1,66068,5,62764.6,10948.43,Upi,0.05,62764.6,0.0,0.17443638611574042,2025,4,8,1,Spring
13576,2024-12-12,Renee Lad,West,Pune,Toys,Board Game,Board Game Reprehenderit,1,70558,0,70558.0,13210.75,Debit Card,0.0,70558.0,0.0,0.18723248958303806,2024,12,12,3,winter
13577,2024-08-28,Arnav Lad,South,Bangalore,Groceries,Wheat,Wheat Nemo,5,66617,15,283122.25,28551.53,Net Banking,0.15,283122.25,0.0,0.10084523558286217,2024,8,28,2,Summer
13578,2025-08-24,Shaan Rajagopalan,East,Guwahati,Books,Fiction,Fiction Labore,4,19522,20,62470.4,13895.4,Credit Card,0.2,62470.4,0.0,0.2224317436738039,2025,8,24,6,Summer
13579,2023-11-03,Taran Buch,East,Bhubaneswar,Beauty,Foundation,Foundation Perspiciatis,3,77611,0,232833.0,50971.37,Credit Card,0.0,232833.0,0.0,0.21891815163658074,2023,11,3,4,Fall
13580,2025-03-04,Aaina Lanka,North,Delhi,Sports,Football,Football Accusamus,4,52281,5,198667.8,15961.65,Debit Card,0.05,198667.8,0.0,0.08034341750399411,2025,3,4,1,Spring
13581,2025-09-30,Gokul Doctor,West,Surat,Groceries,Wheat,Wheat Corporis,3,36567,5,104215.95,9789.8,Cod,0.05,104215.95,0.0,0.09393763622554896,2025,9,30,1,Fall
13582,2025-03-04,Nitara Deshpande,West,Ahmedabad,Groceries,Wheat,Wheat Sit,4,33929,0,135716.0,15019.47,Debit Card,0.0,135716.0,0.0,0.11066838103097644,2025,3,4,1,Spring
13583,2025-09-01,Myra Brar,East,Patna,Furniture,Cabinet,Cabinet Earum,2,68407,15,116291.9,18591.14,Debit Card,0.15,116291.9,0.0,0.1598661643674237,2025,9,1,0,Fall
13584,2025-01-04,Eva Devan,East,Ranchi,Kitchen,Cookware Set,Cookware Set Harum,4,19959,5,75844.2,12769.71,Debit Card,0.05,75844.2,0.0,0.16836765369006462,2025,1,4,5,winter
13585,2025-09-15,Trisha Bora,West,Surat,Furniture,Table,Table Deleniti,1,33517,20,26813.6,6696.42,Upi,0.2,26813.600000000002,3.637978807091713e-12,0.24973968433929053,2025,9,15,0,Fall
13586,2024-06-25,Ritvik Kale,North,Lucknow,Beauty,Foundation,Foundation Deleniti,4,14022,5,53283.6,3108.83,Credit Card,0.05,53283.6,0.0,0.05834496918376386,2024,6,25,1,Summer
13587,2025-02-27,Yasmin Date,South,Chennai,Sports,Dumbbells,Dumbbells Temporibus,5,33222,10,149499.0,31255.49,Cod,0.1,149499.0,0.0,0.20906822119211502,2025,2,27,3,winter
13588,2024-02-22,Badal Malhotra,West,Mumbai,Sports,Dumbbells,Dumbbells Veritatis,3,27079,0,81237.0,4616.46,Upi,0.0,81237.0,0.0,0.05682706156061893,2024,2,22,3,winter
13589,2023-11-26,Aaina Halder,West,Pune,Kitchen,Refrigerator,Refrigerator Quo,1,70392,20,56313.6,12157.99,Debit Card,0.2,56313.600000000006,7.275957614183426e-12,0.21589793584498237,2023,11,26,6,Fall
13590,2024-08-09,Lakshit Sethi,South,Hyderabad,Sports,Tennis Racket,Tennis Racket Praesentium,5,73435,10,330457.5,16717.94,Cod,0.1,330457.5,0.0,0.05059028770719381,2024,8,9,4,Summer
13591,2025-05-18,Raghav Sura,North,Delhi,Books,Biography,Biography Nihil,2,74041,20,118465.6,19835.5,Credit Card,0.2,118465.6,0.0,0.16743679177752865,2025,5,18,6,Spring
13592,2025-06-26,Drishya Shroff,South,Chennai,Books,Comics,Comics Facilis,2,74333,10,133799.4,21805.59,Debit Card,0.1,133799.4,0.0,0.16297225548096628,2025,6,26,3,Summer
13593,2023-11-24,Advika Sachar,North,Delhi,Furniture,Cabinet,Cabinet Ipsum,3,67861,0,203583.0,37646.57,Net Banking,0.0,203583.0,0.0,0.18492000805568246,2023,11,24,4,Fall
13594,2024-11-15,Abram Roy,South,Thiruvananthapuram,Sports,Dumbbells,Dumbbells Labore,3,49802,20,119524.8,6933.68,Net Banking,0.2,119524.8,0.0,0.058010387802364026,2024,11,15,4,Fall
13595,2024-04-10,Kartik Solanki,East,Patna,Kitchen,Cookware Set,Cookware Set Earum,3,3349,5,9544.65,794.85,Debit Card,0.05,9544.65,0.0,0.08327701906303532,2024,4,10,2,Spring
13596,2023-10-18,Reyansh Varty,South,Thiruvananthapuram,Electronics,Camera,Camera Error,4,27670,0,110680.0,6516.53,Credit Card,0.0,110680.0,0.0,0.05887721358872425,2023,10,18,2,Fall
13597,2023-12-11,Amira Kohli,South,Bangalore,Home Decor,Vase,Vase Officia,3,66788,5,190345.8,10848.56,Net Banking,0.05,190345.8,0.0,0.056993955212040405,2023,12,11,0,winter
13598,2025-03-18,Diya Ganguly,West,Mumbai,Groceries,Wheat,Wheat Sed,1,22053,15,18745.05,1463.16,Upi,0.15,18745.05,0.0,0.07805580673297752,2025,3,18,1,Spring
13599,2025-08-16,Kartik Dua,North,Chandigarh,Furniture,Table,Table Totam,2,45614,10,82105.2,17400.77,Cod,0.1,82105.2,0.0,0.21193261815329603,2025,8,16,5,Summer
13600,2025-04-20,Kiara Hegde,West,Surat,Home Decor,Cushion,Cushion Laudantium,2,61660,10,110988.0,14225.73,Net Banking,0.1,110988.0,0.0,0.1281735863336577,2025,4,20,6,Spring
13601,2025-07-17,Sara Choudhury,North,Lucknow,Beauty,Face Cream,Face Cream Laboriosam,5,21070,20,84280.0,4856.75,Upi,0.2,84280.0,0.0,0.05762636449928809,2025,7,17,3,Summer
13602,2025-08-09,Ivana Bahri,South,Hyderabad,Books,Comics,Comics Laudantium,4,25501,0,102004.0,22075.73,Credit Card,0.0,102004.0,0.0,0.21642023842202265,2025,8,9,5,Summer
13603,2024-03-01,Hridaan Rout,West,Pune,Groceries,Rice,Rice Enim,4,10719,15,36444.6,8507.34,Cod,0.15,36444.6,0.0,0.233432113399516,2024,3,1,4,Spring
13604,2024-06-15,Bhavin Som,East,Guwahati,Clothing,Shoes,Shoes Voluptates,3,52957,20,127096.8,18748.87,Debit Card,0.2,127096.8,0.0,0.14751645989513504,2024,6,15,5,Summer
13605,2025-08-12,Lakshay Bail,South,Coimbatore,Books,Textbook,Textbook Inventore,3,30818,10,83208.6,9393.94,Upi,0.1,83208.6,0.0,0.11289626312664797,2025,8,12,1,Summer
13606,2024-07-17,Yasmin Contractor,North,Jaipur,Books,Fiction,Fiction Voluptates,2,70825,0,141650.0,29067.19,Net Banking,0.0,141650.0,0.0,0.20520430638898693,2024,7,17,2,Summer
13607,2023-10-30,Anvi Kari,West,Mumbai,Toys,Board Game,Board Game Laborum,3,39205,20,94092.0,9745.07,Cod,0.2,94092.0,0.0,0.10356959146367385,2023,10,30,0,Fall
13608,2023-12-26,Samarth Raju,East,Bhubaneswar,Sports,Football,Football Atque,1,5693,0,5693.0,417.91,Net Banking,0.0,5693.0,0.0,0.07340769365887934,2023,12,26,1,winter
13609,2024-07-29,Aarush Buch,East,Guwahati,Beauty,Shampoo,Shampoo Asperiores,5,51246,15,217795.5,30009.3,Debit Card,0.15,217795.5,0.0,0.1377865933869157,2024,7,29,0,Summer
13610,2025-05-26,Riya Desai,West,Pune,Sports,Cricket Bat,Cricket Bat Placeat,2,28167,0,56334.0,5077.09,Upi,0.0,56334.0,0.0,0.09012479142258671,2025,5,26,0,Spring
13611,2025-07-13,Advika Mangat,North,Delhi,Kitchen,Juicer,Juicer Blanditiis,1,4164,15,3539.4,242.14,Upi,0.15,3539.4,0.0,0.06841272532067581,2025,7,13,6,Summer
13612,2025-07-12,Misha Bajaj,South,Coimbatore,Beauty,Perfume,Perfume Tempora,4,40588,0,162352.0,28396.03,Credit Card,0.0,162352.0,0.0,0.1749040972701291,2025,7,12,5,Summer
13613,2025-06-27,Madhup Sane,West,Ahmedabad,Clothing,Women'S Wear,Women's Wear Itaque,3,42776,15,109078.8,12850.03,Upi,0.15,109078.8,0.0,0.1178050180236673,2025,6,27,4,Summer
13614,2024-02-21,Hunar Bahl,West,Ahmedabad,Beauty,Foundation,Foundation Iste,1,27927,15,23737.95,5506.37,Cod,0.15,23737.95,0.0,0.2319648495341847,2024,2,21,2,winter
13615,2023-11-08,Ehsaan Aggarwal,South,Chennai,Groceries,Wheat,Wheat Placeat,2,20727,10,37308.6,4497.49,Debit Card,0.1,37308.6,0.0,0.12054834542169902,2023,11,8,2,Fall
13616,2025-04-06,Akarsh Kala,West,Pune,Sports,Tennis Racket,Tennis Racket Voluptatibus,4,34629,20,110812.8,21237.05,Net Banking,0.2,110812.8,0.0,0.1916479865141933,2025,4,6,6,Spring
13617,2025-08-31,Heer Dugar,North,Amritsar,Clothing,Men'S Wear,Men's Wear Maxime,2,37478,5,71208.2,4701.11,Debit Card,0.05,71208.2,0.0,0.06601922250527327,2025,8,31,6,Summer
13618,2025-04-07,Neelofar Kale,East,Guwahati,Beauty,Foundation,Foundation Fuga,4,58129,10,209264.4,12149.45,Debit Card,0.1,209264.4,0.0,0.05805789231230922,2025,4,7,0,Spring
13619,2025-05-05,Dharmajan Doshi,North,Chandigarh,Beauty,Shampoo,Shampoo Accusantium,1,68164,10,61347.6,9317.28,Cod,0.1,61347.6,0.0,0.15187684603798682,2025,5,5,0,Spring
13620,2024-05-06,Dhanush Handa,East,Bhubaneswar,Groceries,Sugar,Sugar Nostrum,4,72502,20,232006.4,25682.38,Debit Card,0.2,232006.40000000002,2.9103830456733704e-11,0.1106968600866183,2024,5,6,0,Spring
13621,2025-02-12,Bhavin Barad,South,Coimbatore,Beauty,Face Cream,Face Cream Nemo,2,8033,5,15262.7,794.52,Cod,0.05,15262.699999999999,1.8189894035458565e-12,0.05205632031029896,2025,2,12,2,winter
13622,2025-08-19,Sana Dhawan,South,Coimbatore,Furniture,Chair,Chair Tempora,5,1015,15,4313.75,858.42,Cod,0.15,4313.75,0.0,0.19899623297594898,2025,8,19,1,Summer
13623,2024-05-31,Samaira Sethi,East,Guwahati,Electronics,Camera,Camera Sequi,3,5734,0,17202.0,2623.45,Net Banking,0.0,17202.0,0.0,0.1525084292524125,2024,5,31,4,Spring
13624,2024-07-11,Taran Deo,North,Jaipur,Electronics,Smartwatch,Smartwatch Asperiores,2,50071,15,85120.7,7878.38,Net Banking,0.15,85120.7,0.0,0.09255539486869822,2024,7,11,3,Summer
13625,2023-11-23,Navya Keer,East,Ranchi,Kitchen,Microwave,Microwave Quo,2,50983,5,96867.7,11870.26,Cod,0.05,96867.7,0.0,0.12254095018256861,2023,11,23,3,Fall
13626,2025-04-22,Aarav Kadakia,North,Amritsar,Books,Non-Fiction,Non-Fiction Suscipit,3,50250,10,135675.0,16227.09,Net Banking,0.1,135675.0,0.0,0.11960265339966833,2025,4,22,1,Spring
13627,2024-09-25,Piya Rajagopalan,North,Chandigarh,Home Decor,Vase,Vase Voluptatibus,5,51492,5,244587.0,28740.91,Net Banking,0.05,244587.0,0.0,0.11750792151667913,2024,9,25,2,Fall
13628,2024-10-06,Kartik Biswas,North,Delhi,Sports,Cricket Bat,Cricket Bat Iure,3,17287,15,44081.85,5764.54,Net Banking,0.15,44081.85,0.0,0.13076901264352564,2024,10,6,6,Fall
13629,2025-09-06,Samaira Tailor,East,Guwahati,Clothing,Women'S Wear,Women's Wear Quia,1,52625,15,44731.25,7996.6,Debit Card,0.15,44731.25,0.0,0.1787698756462205,2025,9,6,5,Fall
13630,2024-08-06,Saira Gopal,South,Bangalore,Sports,Tennis Racket,Tennis Racket Itaque,1,46826,0,46826.0,8219.73,Upi,0.0,46826.0,0.0,0.17553773544611967,2024,8,6,1,Summer
13631,2024-08-07,Mohanlal Dada,North,Jaipur,Home Decor,Clock,Clock Reprehenderit,4,31741,5,120615.8,13729.82,Net Banking,0.05,120615.79999999999,1.4551915228366852e-11,0.11383102379621907,2024,8,7,2,Summer
13632,2025-07-07,Pari Doctor,East,Guwahati,Home Decor,Cushion,Cushion Sed,3,8375,20,20100.0,2810.24,Debit Card,0.2,20100.0,0.0,0.13981293532338307,2025,7,7,0,Summer
13633,2025-09-15,Hrishita Banerjee,West,Ahmedabad,Sports,Tennis Racket,Tennis Racket Vero,4,49765,5,189107.0,18578.98,Credit Card,0.05,189107.0,0.0,0.09824586080896,2025,9,15,0,Fall
13634,2024-07-13,Divyansh Sheth,East,Ranchi,Electronics,Headphones,Headphones Repellendus,4,36059,10,129812.4,24467.6,Debit Card,0.1,129812.40000000001,1.4551915228366852e-11,0.18848430504327784,2024,7,13,5,Summer
13635,2024-12-31,Onkar Sarraf,West,Surat,Beauty,Lipstick,Lipstick Laborum,4,65149,20,208476.8,43253.41,Net Banking,0.2,208476.80000000002,2.9103830456733704e-11,0.20747349345346824,2024,12,31,1,winter
13636,2024-11-29,Anya Jayaraman,North,Delhi,Kitchen,Juicer,Juicer Molestiae,5,51695,0,258475.0,33531.33,Credit Card,0.0,258475.0,0.0,0.1297275558564658,2024,11,29,4,Fall
13637,2024-04-11,Kabir Borra,East,Ranchi,Beauty,Face Cream,Face Cream Voluptatum,3,7448,10,20109.6,1613.25,Net Banking,0.1,20109.600000000002,3.637978807091713e-12,0.08022287862513428,2024,4,11,3,Spring
13638,2025-03-30,Hridaan Apte,North,Amritsar,Sports,Dumbbells,Dumbbells Eveniet,3,5750,0,17250.0,3349.12,Net Banking,0.0,17250.0,0.0,0.194151884057971,2025,3,30,6,Spring
13639,2024-11-24,Tiya Jayaraman,West,Surat,Kitchen,Refrigerator,Refrigerator Molestias,2,75348,10,135626.4,10376.19,Upi,0.1,135626.4,0.0,0.07650568031002815,2024,11,24,6,Fall
13640,2025-06-12,Anahita Sunder,East,Ranchi,Kitchen,Cookware Set,Cookware Set Laborum,4,67695,20,216624.0,37226.1,Net Banking,0.2,216624.0,0.0,0.17184660979392866,2025,6,12,3,Summer
13641,2025-05-11,Ryan Behl,North,Chandigarh,Home Decor,Clock,Clock Iste,1,62470,10,56223.0,3547.07,Credit Card,0.1,56223.0,0.0,0.06308930508866478,2025,5,11,6,Spring
13642,2023-12-08,Ojas Sani,West,Mumbai,Kitchen,Mixer Grinder,Mixer Grinder Laboriosam,4,29094,0,116376.0,22733.34,Cod,0.0,116376.0,0.0,0.19534388533718292,2023,12,8,4,winter
13643,2023-11-15,Navya Chandra,West,Pune,Electronics,Laptop,Laptop Voluptatibus,4,79784,20,255308.8,42298.42,Net Banking,0.2,255308.80000000002,2.9103830456733704e-11,0.16567552704802968,2023,11,15,2,Fall
13644,2024-04-16,Manjari Ben,East,Kolkata,Clothing,Kids Wear,Kids Wear Aspernatur,3,26426,20,63422.4,12272.84,Upi,0.2,63422.4,0.0,0.1935095486768082,2024,4,16,1,Spring
13645,2024-12-06,Azad Sunder,East,Kolkata,Home Decor,Vase,Vase Atque,3,26546,15,67692.3,5902.01,Debit Card,0.15,67692.3,0.0,0.08718879399872659,2024,12,6,4,winter
13646,2025-08-29,Yuvaan Kulkarni,North,Amritsar,Furniture,Chair,Chair Labore,4,34082,15,115878.8,11368.47,Cod,0.15,115878.8,0.0,0.09810655616040206,2025,8,29,4,Summer
13647,2025-07-22,Himmat Khare,South,Bangalore,Kitchen,Mixer Grinder,Mixer Grinder Voluptatum,5,76009,0,380045.0,87688.21,Debit Card,0.0,380045.0,0.0,0.23073112394584855,2025,7,22,1,Summer
13648,2024-06-19,Mannat Chad,East,Guwahati,Furniture,Sofa,Sofa Pariatur,4,2470,15,8398.0,1172.19,Net Banking,0.15,8398.0,0.0,0.13957966182424386,2024,6,19,2,Summer
13649,2024-12-20,Badal Chaudhari,North,Chandigarh,Toys,Action Figure,Action Figure Nulla,5,61017,10,274576.5,40569.94,Debit Card,0.1,274576.5,0.0,0.1477545966242559,2024,12,20,4,winter
13650,2024-07-25,Jayant Sane,North,Delhi,Kitchen,Refrigerator,Refrigerator Doloremque,2,79485,20,127176.0,19499.8,Cod,0.2,127176.0,0.0,0.15332924451154306,2024,7,25,3,Summer
13651,2025-05-12,Shaan Date,South,Chennai,Books,Fiction,Fiction Minus,2,40020,5,76038.0,11962.32,Credit Card,0.05,76038.0,0.0,0.15732028722480865,2025,5,12,0,Spring
13652,2025-05-06,Zara Raval,East,Ranchi,Clothing,Shoes,Shoes Velit,1,1063,20,850.4,123.54,Debit Card,0.2,850.4000000000001,1.1368683772161603e-13,0.14527281279397933,2025,5,6,1,Spring
13653,2023-12-31,Alisha Chadha,West,Ahmedabad,Kitchen,Refrigerator,Refrigerator Soluta,1,31506,10,28355.4,3324.04,Upi,0.1,28355.4,0.0,0.11722775908645267,2023,12,31,6,winter
13654,2025-01-04,Parinaaz Date,North,Lucknow,Furniture,Chair,Chair Vel,4,24436,20,78195.2,10981.46,Net Banking,0.2,78195.2,0.0,0.1404364973809134,2025,1,4,5,winter
13655,2024-10-27,Aniruddh Sridhar,West,Goa,Furniture,Bed,Bed Officiis,3,66161,20,158786.4,34242.52,Debit Card,0.2,158786.40000000002,2.9103830456733704e-11,0.2156514663724349,2024,10,27,6,Fall
13656,2025-05-30,Rasha Brar,East,Ranchi,Electronics,Camera,Camera Reprehenderit,4,59093,20,189097.6,45863.16,Credit Card,0.2,189097.6,0.0,0.24253697561470902,2025,5,30,4,Spring
13657,2025-02-20,Uthkarsh Thakkar,West,Ahmedabad,Books,Textbook,Textbook Iusto,1,73268,20,58614.4,9720.12,Debit Card,0.2,58614.4,0.0,0.1658316045203909,2025,2,20,3,winter
13658,2024-05-27,Jayan Chakraborty,West,Mumbai,Books,Non-Fiction,Non-Fiction Illum,2,6532,20,10451.2,1097.78,Cod,0.2,10451.2,0.0,0.10503865584813227,2024,5,27,0,Spring
13659,2025-03-09,Alia Zacharia,South,Hyderabad,Home Decor,Lamp,Lamp Et,1,68420,5,64999.0,7158.11,Net Banking,0.05,64999.0,0.0,0.1101264634840536,2025,3,9,6,Spring
13660,2024-12-21,Pari Loyal,South,Coimbatore,Books,Fiction,Fiction Rem,1,53791,5,51101.45,10381.05,Debit Card,0.05,51101.45,0.0,0.2031458989911245,2024,12,21,5,winter
13661,2024-02-24,Ritvik Sarin,South,Hyderabad,Groceries,Sugar,Sugar Est,2,66325,15,112752.5,16460.65,Debit Card,0.15,112752.5,0.0,0.14598922418571653,2024,2,24,5,winter
13662,2025-02-09,Arnav Kuruvilla,East,Ranchi,Sports,Yoga Mat,Yoga Mat Quos,3,74562,0,223686.0,35064.87,Credit Card,0.0,223686.0,0.0,0.1567593412193879,2025,2,9,6,winter
13663,2024-05-18,Aaryahi Lala,South,Thiruvananthapuram,Kitchen,Cookware Set,Cookware Set Nobis,5,53778,15,228556.5,39171.63,Credit Card,0.15,228556.5,0.0,0.17138707496833386,2024,5,18,5,Spring
13664,2024-09-07,Anika Walia,South,Hyderabad,Furniture,Chair,Chair Ad,2,37722,10,67899.6,12947.94,Net Banking,0.1,67899.6,0.0,0.19069243412332326,2024,9,7,5,Fall
13665,2025-05-17,Ayesha Dhillon,East,Patna,Clothing,Women'S Wear,Women's Wear Provident,2,5585,0,11170.0,1666.62,Debit Card,0.0,11170.0,0.0,0.1492050134288272,2025,5,17,5,Spring
13666,2024-07-18,Mehul Chana,East,Ranchi,Toys,Board Game,Board Game Pariatur,2,32435,5,61626.5,8798.42,Cod,0.05,61626.5,0.0,0.14277007456207963,2024,7,18,3,Summer
13667,2025-05-16,Arhaan Dhaliwal,North,Chandigarh,Clothing,Men'S Wear,Men's Wear Similique,4,42234,0,168936.0,19288.02,Cod,0.0,168936.0,0.0,0.11417353317232562,2025,5,16,4,Spring
13668,2024-11-24,Kartik Dhar,West,Ahmedabad,Furniture,Sofa,Sofa Eum,2,61395,0,122790.0,18970.57,Credit Card,0.0,122790.0,0.0,0.1544960501669517,2024,11,24,6,Fall
13669,2024-04-14,Navya Kapur,North,Chandigarh,Groceries,Sugar,Sugar Nobis,3,47690,15,121609.5,27124.05,Net Banking,0.15,121609.5,0.0,0.2230421965389217,2024,4,14,6,Spring
13670,2025-03-07,Faiyaz Sandal,East,Bhubaneswar,Kitchen,Refrigerator,Refrigerator Dolore,4,30477,5,115812.6,17064.87,Debit Card,0.05,115812.59999999999,1.4551915228366852e-11,0.14734899311473879,2025,3,7,4,Spring
13671,2025-09-14,Elakshi Aurora,East,Patna,Toys,Action Figure,Action Figure Eius,1,45651,0,45651.0,10393.56,Cod,0.0,45651.0,0.0,0.22767431162515606,2025,9,14,6,Fall
13672,2025-09-02,Mishti Thaker,North,Lucknow,Kitchen,Microwave,Microwave Odio,3,5655,20,13572.0,3385.77,Debit Card,0.2,13572.0,0.0,0.24946728558797523,2025,9,2,1,Fall
13673,2024-01-17,Trisha Golla,South,Hyderabad,Beauty,Shampoo,Shampoo Odio,5,17850,20,71400.0,17087.95,Cod,0.2,71400.0,0.0,0.23932703081232495,2024,1,17,2,winter
13674,2025-01-02,Myra Deep,South,Coimbatore,Books,Textbook,Textbook Aliquam,3,73981,0,221943.0,12174.27,Debit Card,0.0,221943.0,0.0,0.05485313796785661,2025,1,2,3,winter
13675,2023-12-31,Sahil Bobal,East,Guwahati,Home Decor,Vase,Vase Inventore,3,15228,10,41115.6,5351.37,Upi,0.1,41115.6,0.0,0.13015424802264833,2023,12,31,6,winter
13676,2025-04-07,Gokul Lata,South,Hyderabad,Clothing,Men'S Wear,Men's Wear Quod,2,5274,20,8438.4,817.39,Net Banking,0.2,8438.4,0.0,0.09686551952976868,2025,4,7,0,Spring
13677,2024-04-27,Farhan Kala,North,Delhi,Sports,Cricket Bat,Cricket Bat Molestias,3,53119,20,127485.6,9311.45,Cod,0.2,127485.6,0.0,0.07303922952866834,2024,4,27,5,Spring
13678,2025-04-18,Pihu Sinha,North,Lucknow,Books,Non-Fiction,Non-Fiction In,3,11446,20,27470.4,3942.22,Upi,0.2,27470.4,0.0,0.14350792125342185,2025,4,18,4,Spring
13679,2024-12-09,Anahita Arya,West,Ahmedabad,Home Decor,Lamp,Lamp Aperiam,5,56580,20,226320.0,14547.84,Net Banking,0.2,226320.0,0.0,0.06427995758218452,2024,12,9,0,winter
13680,2024-02-18,Kimaya Brar,East,Ranchi,Home Decor,Lamp,Lamp Libero,3,17034,20,40881.6,4186.91,Credit Card,0.2,40881.600000000006,7.275957614183426e-12,0.10241551211302885,2024,2,18,6,winter
13681,2025-02-03,Indrajit Ray,West,Pune,Toys,Puzzle,Puzzle Voluptatem,1,26276,10,23648.4,4176.79,Cod,0.1,23648.4,0.0,0.1766204056088361,2025,2,3,0,winter
13682,2024-11-16,Armaan Agrawal,East,Guwahati,Kitchen,Refrigerator,Refrigerator Pariatur,4,3419,5,12992.2,2331.46,Upi,0.05,12992.199999999999,1.8189894035458565e-12,0.17945074737149982,2024,11,16,5,Fall
13683,2025-06-14,Priyansh Kala,East,Bhubaneswar,Books,Biography,Biography Sit,2,1530,0,3060.0,224.33,Credit Card,0.0,3060.0,0.0,0.07331045751633987,2025,6,14,5,Summer
13684,2024-06-27,Urvi Hayre,South,Coimbatore,Furniture,Cabinet,Cabinet Tempore,1,78796,5,74856.2,15716.11,Credit Card,0.05,74856.2,0.0,0.20995067876809137,2024,6,27,3,Summer
13685,2024-12-15,Ivan Krishnamurthy,East,Patna,Clothing,Women'S Wear,Women's Wear Qui,1,74399,0,74399.0,17787.11,Net Banking,0.0,74399.0,0.0,0.2390772725439858,2024,12,15,6,winter
13686,2024-03-29,Faiyaz Borah,South,Bangalore,Toys,Doll,Doll Illum,4,16425,10,59130.0,8281.68,Debit Card,0.1,59130.0,0.0,0.14005885337392188,2024,3,29,4,Spring
13687,2024-05-23,Kaira Wadhwa,West,Surat,Electronics,Smartwatch,Smartwatch Nostrum,1,73497,0,73497.0,9512.04,Upi,0.0,73497.0,0.0,0.12942079268541573,2024,5,23,3,Spring
13688,2023-10-06,Inaaya  Amble,South,Chennai,Home Decor,Lamp,Lamp Incidunt,1,68269,15,58028.65,8718.14,Cod,0.15,58028.65,0.0,0.1502385459596251,2023,10,6,4,Fall
13689,2023-11-22,Tushar Thakkar,West,Pune,Toys,Action Figure,Action Figure Mollitia,4,1928,0,7712.0,765.58,Debit Card,0.0,7712.0,0.0,0.09927126556016598,2023,11,22,2,Fall
13690,2024-12-30,Taimur Dash,East,Kolkata,Furniture,Sofa,Sofa Vero,3,7412,20,17788.8,979.48,Debit Card,0.2,17788.8,0.0,0.05506161180068358,2024,12,30,0,winter
13691,2024-05-09,Kanav Acharya,North,Delhi,Home Decor,Lamp,Lamp Eligendi,4,63180,20,202176.0,46283.34,Cod,0.2,202176.0,0.0,0.22892598528015193,2024,5,9,3,Spring
13692,2024-09-24,Keya Salvi,West,Goa,Sports,Dumbbells,Dumbbells Dolorem,5,40088,20,160352.0,28140.21,Debit Card,0.2,160352.0,0.0,0.17549023398523247,2024,9,24,1,Fall
13693,2024-02-22,Shlok Karpe,South,Coimbatore,Furniture,Table,Table Nihil,1,18654,15,15855.9,3110.47,Net Banking,0.15,15855.9,0.0,0.19617114134170877,2024,2,22,3,winter
13694,2024-01-07,Purab Suri,South,Coimbatore,Sports,Football,Football Nulla,2,41870,0,83740.0,14233.88,Credit Card,0.0,83740.0,0.0,0.1699770718891808,2024,1,7,6,winter
13695,2024-05-16,Ryan Dutt,South,Coimbatore,Kitchen,Cookware Set,Cookware Set Debitis,4,52405,15,178177.0,17819.15,Cod,0.15,178177.0,0.0,0.10000813797515955,2024,5,16,3,Spring
13696,2024-05-15,Piya Shanker,West,Ahmedabad,Groceries,Oil,Oil Recusandae,5,415,15,1763.75,266.47,Credit Card,0.15,1763.75,0.0,0.1510815024805103,2024,5,15,2,Spring
13697,2024-10-25,Jiya Sharma,West,Goa,Electronics,Laptop,Laptop Ipsam,4,1942,5,7379.6,1574.62,Net Banking,0.05,7379.599999999999,9.094947017729282e-13,0.2133747086562957,2024,10,25,4,Fall
13698,2024-02-25,Indrans Deep,North,Amritsar,Sports,Football,Football Occaecati,1,69900,10,62910.0,11827.45,Upi,0.1,62910.0,0.0,0.1880058814178986,2024,2,25,6,winter
13699,2023-11-24,Hansh Tank,West,Goa,Kitchen,Juicer,Juicer Fugit,5,49840,15,211820.0,13989.73,Cod,0.15,211820.0,0.0,0.06604536870928146,2023,11,24,4,Fall
13700,2024-07-29,Rasha Handa,West,Pune,Groceries,Rice,Rice Aut,2,38970,0,77940.0,11710.67,Debit Card,0.0,77940.0,0.0,0.1502523736207339,2024,7,29,0,Summer
13701,2024-01-06,Saanvi Bala,North,Chandigarh,Beauty,Face Cream,Face Cream Quisquam,3,52274,0,156822.0,7844.5,Cod,0.0,156822.0,0.0,0.050021680631544045,2024,1,6,5,winter
13702,2024-08-20,Aarush Chakraborty,West,Ahmedabad,Home Decor,Vase,Vase Ipsum,5,49092,15,208641.0,51897.06,Credit Card,0.15,208641.0,0.0,0.24873855090801902,2024,8,20,1,Summer
13703,2024-10-29,Romil Sunder,North,Amritsar,Sports,Yoga Mat,Yoga Mat Consequuntur,2,31000,15,52700.0,3826.37,Cod,0.15,52700.0,0.0,0.07260664136622391,2024,10,29,1,Fall
13704,2025-07-12,Sahil De,North,Jaipur,Beauty,Face Cream,Face Cream Dolorem,5,74143,5,352179.25,71866.56,Net Banking,0.05,352179.25,0.0,0.20406244831289747,2025,7,12,5,Summer
13705,2024-05-29,Navya Issac,West,Surat,Books,Comics,Comics Voluptatibus,5,75345,0,376725.0,19604.94,Credit Card,0.0,376725.0,0.0,0.05204045391200478,2024,5,29,2,Spring
13706,2024-10-29,Keya Yadav,West,Goa,Sports,Yoga Mat,Yoga Mat Vero,3,35778,10,96600.6,13506.63,Upi,0.1,96600.6,0.0,0.13981931789243543,2024,10,29,1,Fall
13707,2024-05-23,Indrajit Varma,West,Mumbai,Toys,Puzzle,Puzzle Eum,3,16153,20,38767.2,6541.99,Cod,0.2,38767.200000000004,7.275957614183426e-12,0.168750644875049,2024,5,23,3,Spring
13708,2025-08-08,Ahana  Bera,South,Thiruvananthapuram,Home Decor,Vase,Vase Porro,4,57420,10,206712.0,13285.27,Upi,0.1,206712.0,0.0,0.06426946669762762,2025,8,8,4,Summer
13709,2025-05-11,Manikya Gara,North,Lucknow,Books,Biography,Biography Adipisci,2,52157,15,88666.9,5256.74,Debit Card,0.15,88666.9,0.0,0.05928638533657994,2025,5,11,6,Spring
13710,2025-03-08,Yasmin Biswas,North,Jaipur,Furniture,Table,Table Quam,5,67845,15,288341.25,38370.6,Cod,0.15,288341.25,0.0,0.1330735716793903,2025,3,8,5,Spring
13711,2025-06-09,Devansh Sarraf,East,Guwahati,Electronics,Camera,Camera Sunt,5,3159,5,15005.25,3290.52,Net Banking,0.05,15005.25,0.0,0.21929124806317787,2025,6,9,0,Summer
13712,2025-06-28,Zara Chada,North,Amritsar,Home Decor,Lamp,Lamp At,2,79820,20,127712.0,20794.83,Net Banking,0.2,127712.0,0.0,0.16282596780255576,2025,6,28,5,Summer
13713,2024-08-29,Chirag Datta,West,Goa,Books,Fiction,Fiction Deserunt,3,40774,10,110089.8,21419.65,Cod,0.1,110089.8,0.0,0.1945652549100825,2024,8,29,3,Summer
13714,2025-01-12,Hrishita Mand,North,Amritsar,Electronics,Camera,Camera Enim,2,8861,20,14177.6,1093.5,Debit Card,0.2,14177.6,0.0,0.07712871007786931,2025,1,12,6,winter
13715,2025-02-07,Ritvik Sawhney,West,Pune,Furniture,Sofa,Sofa Provident,2,54475,15,92607.5,9284.56,Net Banking,0.15,92607.5,0.0,0.10025710660583645,2025,2,7,4,winter
13716,2025-07-11,Jayesh Khalsa,North,Jaipur,Kitchen,Juicer,Juicer Ullam,3,7831,5,22318.35,5354.13,Debit Card,0.05,22318.35,0.0,0.2398981107474343,2025,7,11,4,Summer
13717,2024-10-14,Anaya Sangha,East,Patna,Kitchen,Refrigerator,Refrigerator Id,5,54900,15,233325.0,47254.57,Debit Card,0.15,233325.0,0.0,0.20252681881495768,2024,10,14,0,Fall
13718,2024-03-15,Zeeshan Mandal,East,Bhubaneswar,Groceries,Rice,Rice Velit,2,19785,10,35613.0,8243.9,Upi,0.1,35613.0,0.0,0.2314856934265577,2024,3,15,4,Spring
13719,2024-11-10,Kaira Bhagat,West,Ahmedabad,Home Decor,Lamp,Lamp Consequatur,4,42731,5,162377.8,16712.23,Credit Card,0.05,162377.8,0.0,0.10292188956864794,2024,11,10,6,Fall
13720,2025-03-07,Ahana  Verma,West,Pune,Electronics,Laptop,Laptop Voluptas,1,1225,15,1041.25,149.55,Net Banking,0.15,1041.25,0.0,0.14362545018007203,2025,3,7,4,Spring
13721,2024-05-20,Eshani Ghose,West,Ahmedabad,Kitchen,Juicer,Juicer Qui,4,53738,15,182709.2,26825.3,Upi,0.15,182709.19999999998,2.9103830456733704e-11,0.1468196456445543,2024,5,20,0,Spring
13722,2025-03-25,Darshit Sarna,East,Guwahati,Electronics,Laptop,Laptop Veritatis,4,44447,20,142230.4,29759.99,Upi,0.2,142230.4,0.0,0.2092378985083358,2025,3,25,1,Spring
13723,2025-05-27,Hridaan Guha,North,Jaipur,Electronics,Camera,Camera Placeat,3,13699,10,36987.3,7150.94,Debit Card,0.1,36987.3,0.0,0.19333500958437083,2025,5,27,1,Spring
13724,2024-02-18,Sumer Mann,North,Chandigarh,Home Decor,Clock,Clock Eaque,5,52509,0,262545.0,52053.33,Upi,0.0,262545.0,0.0,0.19826441181511742,2024,2,18,6,winter
13725,2024-10-17,Kaira Subramaniam,West,Mumbai,Electronics,Headphones,Headphones Impedit,3,35991,0,107973.0,19915.73,Credit Card,0.0,107973.0,0.0,0.18445102016244802,2024,10,17,3,Fall
13726,2025-08-14,Miraya Badami,North,Chandigarh,Toys,Puzzle,Puzzle Ullam,3,40691,20,97658.4,19900.83,Net Banking,0.2,97658.40000000001,1.4551915228366852e-11,0.20378001277923868,2025,8,14,3,Summer
13727,2023-11-30,Aarush Dhingra,North,Delhi,Electronics,Mobile,Mobile Illo,3,4515,0,13545.0,2465.9,Upi,0.0,13545.0,0.0,0.18205241786637136,2023,11,30,3,Fall
13728,2024-09-15,Ivana Thakkar,South,Bangalore,Home Decor,Vase,Vase Recusandae,3,9909,0,29727.0,3132.26,Upi,0.0,29727.0,0.0,0.10536751101692066,2024,9,15,6,Fall
13729,2025-01-08,Riaan Hayre,North,Delhi,Beauty,Face Cream,Face Cream Exercitationem,2,79471,10,143047.8,28493.2,Net Banking,0.1,143047.80000000002,2.9103830456733704e-11,0.19918656560953754,2025,1,8,2,winter
13730,2024-05-30,Arhaan Saxena,North,Lucknow,Toys,Action Figure,Action Figure Ab,5,29118,20,116472.0,17210.26,Upi,0.2,116472.0,0.0,0.1477630675183735,2024,5,30,3,Spring
13731,2025-06-18,Azad Dhillon,North,Chandigarh,Electronics,Smartwatch,Smartwatch Eum,5,70579,15,299960.75,30248.57,Cod,0.15,299960.75,0.0,0.10084176013028372,2025,6,18,2,Summer
13732,2025-07-01,Zara Uppal,East,Kolkata,Beauty,Shampoo,Shampoo Dolore,5,3008,20,12032.0,942.93,Upi,0.2,12032.0,0.0,0.07836851728723404,2025,7,1,1,Summer
13733,2023-10-30,Neelofar Yohannan,West,Pune,Books,Textbook,Textbook Repudiandae,3,56769,10,153276.3,12602.59,Debit Card,0.1,153276.30000000002,2.9103830456733704e-11,0.08222138712899515,2023,10,30,0,Fall
13734,2025-08-23,Vardaniya Verma,South,Chennai,Home Decor,Lamp,Lamp Vitae,3,36583,15,93286.65,12989.25,Debit Card,0.15,93286.65,0.0,0.13924018066893817,2025,8,23,5,Summer
13735,2024-07-30,Jayesh Ramachandran,East,Ranchi,Home Decor,Lamp,Lamp Soluta,5,64058,5,304275.5,73168.8,Net Banking,0.05,304275.5,0.0,0.2404689171490968,2024,7,30,1,Summer
13736,2024-12-04,Keya Saha,North,Delhi,Furniture,Cabinet,Cabinet Occaecati,3,26638,20,63931.2,10476.66,Credit Card,0.2,63931.200000000004,7.275957614183426e-12,0.1638739770253022,2024,12,4,2,winter
13737,2024-05-07,Arhaan Sinha,East,Patna,Sports,Tennis Racket,Tennis Racket Aliquid,5,68408,0,342040.0,27572.52,Net Banking,0.0,342040.0,0.0,0.08061197520757807,2024,5,7,1,Spring
13738,2024-09-20,Pranay Balan,North,Jaipur,Toys,Board Game,Board Game Praesentium,1,3664,15,3114.4,310.74,Net Banking,0.15,3114.4,0.0,0.09977523760595941,2024,9,20,4,Fall
13739,2023-10-14,Ojas Sehgal,East,Kolkata,Beauty,Face Cream,Face Cream Quis,1,68650,10,61785.0,14608.97,Upi,0.1,61785.0,0.0,0.2364484907339969,2023,10,14,5,Fall
13740,2024-10-08,Madhav Kara,East,Guwahati,Furniture,Bed,Bed Accusamus,5,25622,15,108893.5,23866.22,Credit Card,0.15,108893.5,0.0,0.21917029023770934,2024,10,8,1,Fall
13741,2025-09-16,Rati Boase,North,Jaipur,Home Decor,Lamp,Lamp Recusandae,4,77690,5,295222.0,39391.98,Cod,0.05,295222.0,0.0,0.1334317225681013,2025,9,16,1,Fall
13742,2025-05-06,Mehul Zacharia,South,Coimbatore,Furniture,Table,Table Ducimus,5,24310,10,109395.0,20036.29,Upi,0.1,109395.0,0.0,0.18315544586132823,2025,5,6,1,Spring
13743,2025-08-28,Himmat Jhaveri,West,Ahmedabad,Books,Comics,Comics Suscipit,4,41107,10,147985.2,8141.62,Cod,0.1,147985.2,0.0,0.05501644759070501,2025,8,28,3,Summer
13744,2024-08-21,Jiya Kala,South,Hyderabad,Home Decor,Clock,Clock Animi,3,3622,15,9236.1,2038.38,Cod,0.15,9236.1,0.0,0.2206970474550947,2024,8,21,2,Summer
13745,2024-07-26,Kashvi Chaudry,South,Thiruvananthapuram,Electronics,Mobile,Mobile Placeat,5,52978,15,225156.5,50284.48,Credit Card,0.15,225156.5,0.0,0.2233312384941141,2024,7,26,4,Summer
13746,2025-04-11,Ira Bera,West,Goa,Electronics,Headphones,Headphones Maxime,4,36274,0,145096.0,17331.65,Net Banking,0.0,145096.0,0.0,0.11944953685835585,2025,4,11,4,Spring
13747,2024-04-21,Aarna Bera,East,Bhubaneswar,Kitchen,Juicer,Juicer Enim,3,61001,10,164702.7,17011.25,Cod,0.1,164702.7,0.0,0.10328458489144379,2024,4,21,6,Spring
13748,2025-09-14,Madhup Dubey,East,Guwahati,Toys,Doll,Doll Impedit,2,16884,15,28702.8,4566.92,Cod,0.15,28702.8,0.0,0.1591106094178965,2025,9,14,6,Fall
13749,2023-10-25,Armaan Saran,East,Ranchi,Clothing,Kids Wear,Kids Wear Facere,3,52971,0,158913.0,21779.91,Debit Card,0.0,158913.0,0.0,0.13705555870193126,2023,10,25,2,Fall
13750,2024-10-24,Miraan Soman,North,Jaipur,Beauty,Lipstick,Lipstick Fuga,5,68077,5,323365.75,56820.68,Credit Card,0.05,323365.75,0.0,0.17571644492343422,2024,10,24,3,Fall
13751,2023-11-13,Vedika Dara,West,Ahmedabad,Kitchen,Cookware Set,Cookware Set Illo,4,63873,20,204393.6,20085.01,Upi,0.2,204393.6,0.0,0.09826633514943715,2023,11,13,0,Fall
13752,2024-02-08,Gokul Maharaj,North,Amritsar,Home Decor,Vase,Vase Consectetur,2,22178,20,35484.8,8739.15,Upi,0.2,35484.8,0.0,0.24627868833979616,2024,2,8,3,winter
13753,2023-10-14,Aarav Handa,North,Chandigarh,Books,Biography,Biography Tempora,2,46507,15,79061.9,8747.7,Debit Card,0.15,79061.9,0.0,0.11064368551729722,2023,10,14,5,Fall
13754,2024-03-25,Madhav Malhotra,East,Patna,Kitchen,Mixer Grinder,Mixer Grinder Sequi,4,43748,5,166242.4,31519.09,Debit Card,0.05,166242.4,0.0,0.18959717857778763,2024,3,25,0,Spring
13755,2024-02-22,Navya Sha,East,Ranchi,Furniture,Cabinet,Cabinet Provident,1,539,10,485.1,112.32,Net Banking,0.1,485.1,0.0,0.2315398886827458,2024,2,22,3,winter
13756,2024-10-09,Madhup Ray,East,Guwahati,Books,Textbook,Textbook Quis,3,53563,20,128551.2,12687.43,Net Banking,0.2,128551.20000000001,1.4551915228366852e-11,0.09869553920928004,2024,10,9,2,Fall
13757,2024-04-26,Umang Sachdeva,West,Pune,Groceries,Rice,Rice Quisquam,3,67728,20,162547.2,36134.62,Upi,0.2,162547.2,0.0,0.22230232203323097,2024,4,26,4,Spring
13758,2025-03-03,Emir Shere,North,Delhi,Clothing,Accessories,Accessories Iusto,4,59748,10,215092.8,28142.22,Debit Card,0.1,215092.80000000002,2.9103830456733704e-11,0.13083757336368304,2025,3,3,0,Spring
13759,2024-05-11,Zeeshan Chander,East,Bhubaneswar,Toys,Doll,Doll Omnis,5,22675,5,107706.25,20529.19,Net Banking,0.05,107706.25,0.0,0.19060351650902338,2024,5,11,5,Spring
13760,2024-01-07,Nayantara Tata,West,Mumbai,Clothing,Accessories,Accessories Quam,4,39815,10,143334.0,33845.33,Upi,0.1,143334.0,0.0,0.2361291110273906,2024,1,7,6,winter
13761,2024-11-09,Dhruv Sura,East,Guwahati,Clothing,Shoes,Shoes Officiis,3,75203,10,203048.1,20206.77,Net Banking,0.1,203048.1,0.0,0.09951715874218965,2024,11,9,5,Fall
13762,2024-11-15,Shray Khare,East,Bhubaneswar,Furniture,Table,Table Illum,2,56865,20,90984.0,18718.13,Cod,0.2,90984.0,0.0,0.2057299085553504,2024,11,15,4,Fall
13763,2024-06-24,Nishith Basu,East,Kolkata,Books,Comics,Comics Modi,4,60001,0,240004.0,46033.32,Credit Card,0.0,240004.0,0.0,0.19180230329494508,2024,6,24,0,Summer
13764,2024-01-21,Kabir Sarma,North,Delhi,Electronics,Laptop,Laptop Fuga,2,29602,15,50323.4,4266.94,Debit Card,0.15,50323.4,0.0,0.0847903758490086,2024,1,21,6,winter
13765,2023-10-23,Baiju Sandhu,South,Chennai,Groceries,Wheat,Wheat Recusandae,1,62888,15,53454.8,8257.27,Net Banking,0.15,53454.799999999996,7.275957614183426e-12,0.15447200251427373,2023,10,23,0,Fall
13766,2024-07-03,Gokul Hayer,North,Amritsar,Home Decor,Clock,Clock Voluptates,3,62531,15,159454.05,13180.19,Net Banking,0.15,159454.05,0.0,0.08265823288903607,2024,7,3,2,Summer
13767,2024-10-11,Amani Sachar,South,Bangalore,Kitchen,Microwave,Microwave Fugiat,5,62253,15,264575.25,18454.31,Credit Card,0.15,264575.25,0.0,0.06975070419474233,2024,10,11,4,Fall
13768,2024-04-15,Samarth Koshy,North,Jaipur,Groceries,Spices,Spices Eaque,3,51595,15,131567.25,13771.3,Net Banking,0.15,131567.25,0.0,0.10467118526837035,2024,4,15,0,Spring
13769,2025-01-08,Zain Mander,West,Mumbai,Electronics,Headphones,Headphones Vero,4,63939,5,242968.2,42590.08,Cod,0.05,242968.19999999998,2.9103830456733704e-11,0.17529075821444945,2025,1,8,2,winter
13770,2024-04-19,Nitya Rattan,North,Jaipur,Kitchen,Mixer Grinder,Mixer Grinder Explicabo,5,22239,0,111195.0,26086.95,Credit Card,0.0,111195.0,0.0,0.23460542290570618,2024,4,19,4,Spring
13771,2025-05-21,Ojas Doshi,North,Chandigarh,Furniture,Cabinet,Cabinet Enim,5,36316,0,181580.0,44696.01,Net Banking,0.0,181580.0,0.0,0.24615051217094394,2025,5,21,2,Spring
13772,2024-11-17,Anay Vasa,East,Ranchi,Groceries,Sugar,Sugar Ullam,2,47762,0,95524.0,17963.71,Net Banking,0.0,95524.0,0.0,0.188054415644236,2024,11,17,6,Fall
13773,2023-12-08,Sumer Dalal,North,Jaipur,Electronics,Laptop,Laptop Nisi,5,51029,20,204116.0,36293.56,Credit Card,0.2,204116.0,0.0,0.17780850104842344,2023,12,8,4,winter
13774,2024-02-20,Tarini Bakshi,North,Chandigarh,Sports,Dumbbells,Dumbbells Nesciunt,1,20176,5,19167.2,1979.73,Upi,0.05,19167.2,0.0,0.10328738678575901,2024,2,20,1,winter
13775,2024-05-26,Rhea Ratta,West,Goa,Kitchen,Microwave,Microwave Quae,4,31875,0,127500.0,22702.47,Cod,0.0,127500.0,0.0,0.17805858823529414,2024,5,26,6,Spring
13776,2025-08-01,Bhavin Bhatia,East,Kolkata,Kitchen,Juicer,Juicer Dolor,4,42356,15,144010.4,16767.03,Upi,0.15,144010.4,0.0,0.116429299550588,2025,8,1,4,Summer
13777,2024-01-26,Seher Bhardwaj,North,Amritsar,Home Decor,Vase,Vase Doloremque,2,54040,5,102676.0,5758.22,Upi,0.05,102676.0,0.0,0.056081460127001444,2024,1,26,4,winter
13778,2024-11-03,Advik Ramanathan,West,Surat,Kitchen,Refrigerator,Refrigerator Architecto,4,61933,0,247732.0,41385.71,Credit Card,0.0,247732.0,0.0,0.1670583937480826,2024,11,3,6,Fall
13779,2024-04-26,Emir Dass,South,Bangalore,Groceries,Oil,Oil Facere,1,23921,0,23921.0,5638.06,Net Banking,0.0,23921.0,0.0,0.23569499602859414,2024,4,26,4,Spring
13780,2024-01-10,Sara Keer,North,Jaipur,Sports,Cricket Bat,Cricket Bat Doloremque,5,68726,0,343630.0,60282.44,Net Banking,0.0,343630.0,0.0,0.17542833862002735,2024,1,10,2,winter
13781,2024-07-24,Inaaya  Doshi,West,Surat,Sports,Cricket Bat,Cricket Bat Ullam,5,50988,0,254940.0,62980.23,Upi,0.0,254940.0,0.0,0.2470394210402448,2024,7,24,2,Summer
13782,2024-10-11,Rohan Gulati,North,Jaipur,Furniture,Table,Table Harum,2,13525,5,25697.5,2936.71,Net Banking,0.05,25697.5,0.0,0.11427998832571262,2024,10,11,4,Fall
13783,2025-08-17,Siya Dash,North,Jaipur,Groceries,Oil,Oil Velit,5,66254,20,265016.0,56861.84,Credit Card,0.2,265016.0,0.0,0.21456002656443382,2025,8,17,6,Summer
13784,2023-12-11,Navya Thakur,North,Chandigarh,Beauty,Foundation,Foundation Veniam,3,15553,10,41993.1,4879.04,Cod,0.1,41993.1,0.0,0.11618670686374667,2023,12,11,0,winter
13785,2024-12-03,Faiyaz Dasgupta,South,Hyderabad,Kitchen,Cookware Set,Cookware Set Laudantium,3,37303,5,106313.55,22450.43,Debit Card,0.05,106313.54999999999,1.4551915228366852e-11,0.21117185909039815,2024,12,3,1,winter
13786,2023-10-20,Mannat Jaggi,West,Pune,Beauty,Foundation,Foundation Rerum,1,29881,20,23904.8,4721.56,Upi,0.2,23904.800000000003,3.637978807091713e-12,0.19751514340216192,2023,10,20,4,Fall
13787,2024-10-15,Arnav Viswanathan,North,Jaipur,Furniture,Table,Table Nam,1,23035,5,21883.25,2729.64,Cod,0.05,21883.25,0.0,0.12473649937737767,2024,10,15,1,Fall
13788,2024-10-23,Nirvi Samra,East,Kolkata,Books,Fiction,Fiction Officiis,2,47478,10,85460.4,8476.63,Credit Card,0.1,85460.40000000001,1.4551915228366852e-11,0.0991878109627383,2024,10,23,2,Fall
13789,2024-02-22,Kiara Shankar,West,Mumbai,Clothing,Women'S Wear,Women's Wear Officiis,1,38646,15,32849.1,3885.53,Debit Card,0.15,32849.1,0.0,0.1182842147882286,2024,2,22,3,winter
13790,2025-02-23,Hazel Desai,East,Patna,Kitchen,Refrigerator,Refrigerator Officia,3,74840,20,179616.0,31493.85,Net Banking,0.2,179616.0,0.0,0.17533989176910741,2025,2,23,6,winter
13791,2024-12-18,Shray Kuruvilla,East,Kolkata,Toys,Puzzle,Puzzle Quos,5,21454,20,85816.0,10079.37,Cod,0.2,85816.0,0.0,0.11745327211708773,2024,12,18,2,winter
13792,2025-08-08,Misha Baral,East,Guwahati,Furniture,Sofa,Sofa Nobis,5,19178,15,81506.5,9880.2,Credit Card,0.15,81506.5,0.0,0.12121978001754462,2025,8,8,4,Summer
13793,2024-08-21,Manjari Lata,East,Patna,Toys,Rc Car,RC Car Minus,3,42488,0,127464.0,9498.27,Cod,0.0,127464.0,0.0,0.07451727546601394,2024,8,21,2,Summer
13794,2024-08-13,Anya Ramachandran,South,Coimbatore,Books,Non-Fiction,Non-Fiction Temporibus,4,13481,20,43139.2,10455.61,Cod,0.2,43139.200000000004,7.275957614183426e-12,0.24236912135598251,2024,8,13,1,Summer
13795,2023-11-23,Chirag Varkey,East,Bhubaneswar,Electronics,Headphones,Headphones Adipisci,3,1377,5,3924.45,640.76,Upi,0.05,3924.45,0.0,0.16327383455006433,2023,11,23,3,Fall
13796,2025-05-20,Seher Balay,North,Lucknow,Toys,Doll,Doll Deserunt,2,41628,15,70767.6,8791.86,Debit Card,0.15,70767.59999999999,1.4551915228366852e-11,0.12423566716972173,2025,5,20,1,Spring
13797,2025-05-29,Pihu Shenoy,East,Kolkata,Electronics,Laptop,Laptop Similique,5,75358,20,301432.0,68696.01,Credit Card,0.2,301432.0,0.0,0.22789886276175056,2025,5,29,3,Spring
13798,2024-09-01,Umang Bora,East,Guwahati,Clothing,Kids Wear,Kids Wear Itaque,1,18477,5,17553.15,3344.4,Debit Card,0.05,17553.149999999998,3.637978807091713e-12,0.1905299048888661,2024,9,1,6,Fall
13799,2025-04-24,Nayantara Babu,North,Lucknow,Sports,Cricket Bat,Cricket Bat Quam,4,17219,15,58544.6,12592.14,Upi,0.15,58544.6,0.0,0.21508627610403008,2025,4,24,3,Spring
13800,2025-03-17,Trisha Vyas,West,Pune,Furniture,Table,Table Iste,2,45301,15,77011.7,11400.28,Cod,0.15,77011.7,0.0,0.14803309107577162,2025,3,17,0,Spring
13801,2024-10-10,Misha Goyal,East,Bhubaneswar,Sports,Cricket Bat,Cricket Bat Omnis,1,45667,20,36533.6,5789.05,Credit Card,0.2,36533.6,0.0,0.15845824118072133,2024,10,10,3,Fall
13802,2025-01-08,Emir Chauhan,North,Jaipur,Sports,Football,Football Placeat,1,25538,10,22984.2,1658.79,Cod,0.1,22984.2,0.0,0.07217088260631216,2025,1,8,2,winter
13803,2024-07-18,Yakshit Dey,South,Bangalore,Groceries,Sugar,Sugar Dolores,4,15250,20,48800.0,5754.31,Debit Card,0.2,48800.0,0.0,0.11791618852459017,2024,7,18,3,Summer
13804,2024-09-08,Fateh Chana,South,Hyderabad,Furniture,Bed,Bed Ut,1,28133,15,23913.05,2812.38,Upi,0.15,23913.05,0.0,0.11760858610674925,2024,9,8,6,Fall
13805,2025-02-26,Vritika Babu,East,Bhubaneswar,Beauty,Face Cream,Face Cream Molestias,2,13273,10,23891.4,1916.08,Debit Card,0.1,23891.4,0.0,0.08019956971964806,2025,2,26,2,winter
13806,2023-11-14,Hansh De,East,Kolkata,Beauty,Foundation,Foundation Incidunt,5,22752,5,108072.0,21673.56,Credit Card,0.05,108072.0,0.0,0.2005474128358872,2023,11,14,1,Fall
13807,2024-10-20,Aarna Sama,East,Bhubaneswar,Home Decor,Cushion,Cushion Non,1,73319,10,65987.1,7355.54,Cod,0.1,65987.1,0.0,0.11146936295124349,2024,10,20,6,Fall
13808,2025-02-20,Vihaan Cherian,North,Delhi,Sports,Cricket Bat,Cricket Bat Ea,4,13463,10,48466.8,6880.3,Credit Card,0.1,48466.8,0.0,0.14195903174956878,2025,2,20,3,winter
13809,2024-08-02,Veer Dara,South,Bangalore,Furniture,Bed,Bed A,5,64962,15,276088.5,68739.3,Upi,0.15,276088.5,0.0,0.24897560021514842,2024,8,2,4,Summer
13810,2025-04-03,Sahil Bawa,East,Guwahati,Kitchen,Cookware Set,Cookware Set Quia,3,28974,15,73883.7,7866.42,Net Banking,0.15,73883.7,0.0,0.10647030400480756,2025,4,3,3,Spring
13811,2024-04-20,Uthkarsh Solanki,East,Kolkata,Beauty,Foundation,Foundation Odio,5,18882,15,80248.5,15286.74,Debit Card,0.15,80248.5,0.0,0.19049253257070226,2024,4,20,5,Spring
13812,2025-04-21,Faiyaz Gulati,West,Mumbai,Clothing,Men'S Wear,Men's Wear Eligendi,4,71673,20,229353.6,51734.83,Cod,0.2,229353.6,0.0,0.22556798759644497,2025,4,21,0,Spring
13813,2024-04-15,Amira Savant,West,Pune,Toys,Doll,Doll Non,4,2203,15,7490.2,447.52,Cod,0.15,7490.2,0.0,0.059747403273610854,2024,4,15,0,Spring
13814,2024-05-10,Samaira Barad,West,Surat,Furniture,Table,Table Neque,1,55484,20,44387.2,4378.87,Debit Card,0.2,44387.200000000004,7.275957614183426e-12,0.09865163831014347,2024,5,10,4,Spring
13815,2025-03-01,Zoya Sankar,South,Bangalore,Kitchen,Mixer Grinder,Mixer Grinder Autem,5,9459,10,42565.5,6062.98,Net Banking,0.1,42565.5,0.0,0.14243882956854728,2025,3,1,5,Spring
13816,2024-09-07,Rasha Golla,North,Delhi,Home Decor,Wall Art,Wall Art Excepturi,5,20640,20,82560.0,7916.19,Debit Card,0.2,82560.0,0.0,0.09588408430232558,2024,9,7,5,Fall
13817,2025-01-24,Kiara Bhatia,South,Bangalore,Kitchen,Cookware Set,Cookware Set Ut,1,40410,10,36369.0,3559.44,Net Banking,0.1,36369.0,0.0,0.09787016415078777,2025,1,24,4,winter
13818,2024-08-08,Tejas Dalal,South,Bangalore,Home Decor,Wall Art,Wall Art Nihil,2,13000,15,22100.0,3823.32,Net Banking,0.15,22100.0,0.0,0.17300090497737558,2024,8,8,3,Summer
13819,2025-02-28,Lakshay Balay,North,Amritsar,Beauty,Foundation,Foundation Pariatur,2,74405,10,133929.0,7482.25,Debit Card,0.1,133929.0,0.0,0.055867287891345416,2025,2,28,4,winter
13820,2024-08-29,Manjari Rastogi,West,Pune,Kitchen,Microwave,Microwave Eveniet,1,72142,20,57713.6,5965.29,Debit Card,0.2,57713.600000000006,7.275957614183426e-12,0.10336021319065178,2024,8,29,3,Summer
13821,2024-07-21,Umang Gupta,North,Delhi,Home Decor,Lamp,Lamp Omnis,5,35427,15,150564.75,34871.16,Net Banking,0.15,150564.75,0.0,0.23160241690037012,2024,7,21,6,Summer
13822,2024-07-18,Sahil Bera,East,Patna,Kitchen,Refrigerator,Refrigerator Magnam,5,38466,20,153864.0,30908.9,Upi,0.2,153864.0,0.0,0.20088454739250247,2024,7,18,3,Summer
13823,2024-10-18,Darshit Gera,North,Amritsar,Furniture,Table,Table Voluptatum,5,20247,0,101235.0,25010.39,Credit Card,0.0,101235.0,0.0,0.24705279794537463,2024,10,18,4,Fall
13824,2024-03-13,Sara Raval,East,Ranchi,Furniture,Bed,Bed Tempora,1,35237,0,35237.0,7954.51,Debit Card,0.0,35237.0,0.0,0.22574311093452906,2024,3,13,2,Spring
13825,2024-11-30,Ivana Baral,South,Bangalore,Clothing,Shoes,Shoes Nemo,4,39281,0,157124.0,24626.13,Cod,0.0,157124.0,0.0,0.15673054402891984,2024,11,30,5,Fall
13826,2025-07-02,Nirvaan Datta,North,Jaipur,Kitchen,Microwave,Microwave Reiciendis,5,71172,5,338067.0,61986.26,Debit Card,0.05,338067.0,0.0,0.1833549562660656,2025,7,2,2,Summer
13827,2024-03-26,Vivaan Setty,East,Patna,Furniture,Sofa,Sofa Delectus,3,21963,20,52711.2,3202.45,Upi,0.2,52711.200000000004,7.275957614183426e-12,0.06075464038003309,2024,3,26,1,Spring
13828,2024-10-10,Divij Loyal,South,Chennai,Furniture,Bed,Bed Dicta,3,9199,20,22077.6,3220.79,Debit Card,0.2,22077.600000000002,3.637978807091713e-12,0.14588496938072978,2024,10,10,3,Fall
13829,2025-08-07,Hazel Ramachandran,North,Chandigarh,Home Decor,Lamp,Lamp Consequuntur,4,22057,15,74993.8,5611.62,Debit Card,0.15,74993.8,0.0,0.07482778576362312,2025,8,7,3,Summer
13830,2025-06-11,Ela Soni,South,Chennai,Toys,Action Figure,Action Figure Impedit,1,40271,20,32216.8,2043.17,Debit Card,0.2,32216.800000000003,3.637978807091713e-12,0.06341939609148023,2025,6,11,2,Summer
13831,2024-09-16,Faiyaz Apte,East,Ranchi,Furniture,Sofa,Sofa Ea,5,72295,20,289180.0,45698.23,Net Banking,0.2,289180.0,0.0,0.158026938239159,2024,9,16,0,Fall
13832,2023-10-10,Eshani Saran,South,Thiruvananthapuram,Books,Non-Fiction,Non-Fiction Iure,3,75120,20,180288.0,40876.74,Cod,0.2,180288.0,0.0,0.22673023162939296,2023,10,10,1,Fall
13833,2023-11-29,Arnav Golla,East,Kolkata,Sports,Football,Football Modi,5,63288,5,300618.0,62609.44,Credit Card,0.05,300618.0,0.0,0.20826909898941515,2023,11,29,2,Fall
13834,2025-05-03,Yasmin Sekhon,West,Mumbai,Sports,Dumbbells,Dumbbells Doloribus,5,28281,10,127264.5,31811.06,Cod,0.1,127264.5,0.0,0.24996020099870742,2025,5,3,5,Spring
13835,2025-03-28,Alisha Sachar,East,Ranchi,Toys,Rc Car,RC Car Maiores,5,19510,20,78040.0,7582.09,Cod,0.2,78040.0,0.0,0.09715645822655049,2025,3,28,4,Spring
13836,2024-12-20,Aaryahi Bal,North,Chandigarh,Groceries,Wheat,Wheat Dolore,4,34623,15,117718.2,21648.73,Upi,0.15,117718.2,0.0,0.18390299885659142,2024,12,20,4,winter
13837,2025-05-29,Prerak Srinivas,East,Kolkata,Home Decor,Cushion,Cushion Unde,4,47826,5,181738.8,26895.09,Cod,0.05,181738.8,0.0,0.14798760638894942,2025,5,29,3,Spring
13838,2024-01-17,Myra Bawa,East,Patna,Kitchen,Refrigerator,Refrigerator Totam,1,73288,10,65959.2,14300.34,Credit Card,0.1,65959.2,0.0,0.21680584361241495,2024,1,17,2,winter
13839,2024-05-29,Dhanush Mand,East,Kolkata,Home Decor,Lamp,Lamp Enim,4,60244,5,228927.2,39408.44,Credit Card,0.05,228927.19999999998,2.9103830456733704e-11,0.17214398289063074,2024,5,29,2,Spring
13840,2025-02-22,Eva Srinivas,East,Kolkata,Groceries,Spices,Spices Hic,2,9019,15,15332.3,1374.04,Credit Card,0.15,15332.3,0.0,0.08961734377751544,2025,2,22,5,winter
13841,2024-10-18,Yakshit Raman,South,Chennai,Toys,Doll,Doll Alias,3,21517,0,64551.0,14888.99,Net Banking,0.0,64551.0,0.0,0.23065467614754226,2024,10,18,4,Fall
13842,2025-04-13,Divij Thaman,East,Patna,Electronics,Laptop,Laptop Ipsum,5,26145,20,104580.0,7467.72,Credit Card,0.2,104580.0,0.0,0.07140676993689042,2025,4,13,6,Spring
13843,2024-09-04,Purab Sarraf,North,Amritsar,Home Decor,Wall Art,Wall Art Error,3,69425,20,166620.0,25352.97,Upi,0.2,166620.0,0.0,0.15216042491897733,2024,9,4,2,Fall
13844,2024-07-11,Kanav Luthra,North,Jaipur,Beauty,Lipstick,Lipstick Quidem,4,39613,15,134684.2,13402.41,Credit Card,0.15,134684.19999999998,2.9103830456733704e-11,0.09950989054395393,2024,7,11,3,Summer
13845,2025-07-09,Trisha Majumdar,North,Jaipur,Furniture,Sofa,Sofa Fugiat,3,47394,10,127963.8,25034.84,Debit Card,0.1,127963.8,0.0,0.1956400169422915,2025,7,9,2,Summer
13846,2025-03-12,Indranil Sachdev,South,Bangalore,Home Decor,Cushion,Cushion Non,5,7553,5,35876.75,4975.16,Upi,0.05,35876.75,0.0,0.13867365355000105,2025,3,12,2,Spring
13847,2023-11-30,Aarna Walla,East,Ranchi,Sports,Tennis Racket,Tennis Racket Mollitia,2,61751,10,111151.8,24641.53,Net Banking,0.1,111151.8,0.0,0.22169258617494272,2023,11,30,3,Fall
13848,2024-04-15,Azad Khurana,North,Lucknow,Electronics,Headphones,Headphones Tempora,3,50043,0,150129.0,16029.1,Credit Card,0.0,150129.0,0.0,0.10676884545957144,2024,4,15,0,Spring
13849,2025-06-16,Nirvi Chana,North,Delhi,Clothing,Women'S Wear,Women's Wear Laudantium,1,25700,0,25700.0,2074.63,Credit Card,0.0,25700.0,0.0,0.0807249027237354,2025,6,16,0,Summer
13850,2025-04-07,Uthkarsh Suresh,East,Guwahati,Kitchen,Cookware Set,Cookware Set Voluptatem,1,48679,5,46245.05,3298.12,Upi,0.05,46245.049999999996,7.275957614183426e-12,0.07131833569214434,2025,4,7,0,Spring
13851,2025-05-25,Shalv Wagle,West,Pune,Books,Non-Fiction,Non-Fiction Eveniet,4,57935,0,231740.0,20458.97,Cod,0.0,231740.0,0.0,0.0882841546560801,2025,5,25,6,Spring
13852,2024-03-21,Vivaan Kala,West,Pune,Furniture,Cabinet,Cabinet Dolores,5,10805,10,48622.5,5823.27,Cod,0.1,48622.5,0.0,0.11976492364645998,2024,3,21,3,Spring
13853,2025-03-10,Nayantara Jhaveri,South,Bangalore,Groceries,Oil,Oil Voluptatem,1,17122,5,16265.9,906.59,Cod,0.05,16265.9,0.0,0.05573561868694631,2025,3,10,0,Spring
13854,2025-01-16,Miraan Dutta,West,Goa,Beauty,Face Cream,Face Cream Quo,2,66040,5,125476.0,16102.97,Cod,0.05,125476.0,0.0,0.12833506009117282,2025,1,16,3,winter
13855,2025-01-28,Jayesh Mann,West,Mumbai,Toys,Rc Car,RC Car Voluptatibus,3,44797,0,134391.0,28231.56,Cod,0.0,134391.0,0.0,0.21007031720874167,2025,1,28,1,winter
13856,2025-04-07,Tanya Bandi,East,Patna,Sports,Tennis Racket,Tennis Racket Commodi,1,45406,10,40865.4,7964.53,Cod,0.1,40865.4,0.0,0.19489666074478654,2025,4,7,0,Spring
13857,2024-10-15,Vidur Suri,West,Pune,Home Decor,Clock,Clock Modi,4,72031,20,230499.2,34283.79,Debit Card,0.2,230499.2,0.0,0.148737132276381,2024,10,15,1,Fall
13858,2024-03-13,Anay Comar,East,Bhubaneswar,Beauty,Lipstick,Lipstick Quod,1,30699,5,29164.05,5598.19,Net Banking,0.05,29164.05,0.0,0.19195516397756826,2024,3,13,2,Spring
13859,2023-11-05,Divij Mahajan,South,Coimbatore,Sports,Yoga Mat,Yoga Mat Quibusdam,4,34465,0,137860.0,11233.59,Credit Card,0.0,137860.0,0.0,0.08148549252865225,2023,11,5,6,Fall
13860,2025-05-26,Nitara Mani,East,Bhubaneswar,Beauty,Face Cream,Face Cream Voluptatem,4,30982,5,117731.6,15108.5,Net Banking,0.05,117731.59999999999,1.4551915228366852e-11,0.12833003203897678,2025,5,26,0,Spring
13861,2023-11-19,Anvi Bahl,West,Surat,Groceries,Spices,Spices Placeat,4,2070,10,7452.0,1691.51,Credit Card,0.1,7452.0,0.0,0.2269873859366613,2023,11,19,6,Fall
13862,2024-07-29,Badal Sachdeva,South,Bangalore,Kitchen,Juicer,Juicer Repellat,4,16459,0,65836.0,6303.95,Debit Card,0.0,65836.0,0.0,0.09575232395649796,2024,7,29,0,Summer
13863,2025-03-07,Oorja Dave,East,Guwahati,Groceries,Oil,Oil Corrupti,1,3804,20,3043.2,637.18,Debit Card,0.2,3043.2000000000003,4.547473508864641e-13,0.20937828601472133,2025,3,7,4,Spring
13864,2023-10-19,Misha Ranganathan,East,Ranchi,Furniture,Table,Table Atque,5,61626,5,292723.5,71120.16,Net Banking,0.05,292723.5,0.0,0.2429601996423246,2023,10,19,3,Fall
13865,2025-07-12,Indranil Gokhale,North,Delhi,Books,Non-Fiction,Non-Fiction Exercitationem,4,32226,5,122458.8,8662.03,Net Banking,0.05,122458.79999999999,1.4551915228366852e-11,0.07073423878071645,2025,7,12,5,Summer
13866,2025-05-10,Tejas Sood,South,Thiruvananthapuram,Kitchen,Cookware Set,Cookware Set Repellendus,1,12751,5,12113.45,2677.52,Cod,0.05,12113.449999999999,1.8189894035458565e-12,0.2210369465346371,2025,5,10,5,Spring
13867,2024-10-19,Heer Sathe,North,Amritsar,Kitchen,Microwave,Microwave Velit,3,26362,20,63268.8,10536.95,Cod,0.2,63268.8,0.0,0.16654259287358067,2024,10,19,5,Fall
13868,2024-01-20,Fateh Bahl,North,Chandigarh,Beauty,Perfume,Perfume Alias,4,5587,0,22348.0,2065.85,Cod,0.0,22348.0,0.0,0.09244003937712547,2024,1,20,5,winter
13869,2023-11-18,Kashvi Barad,North,Jaipur,Clothing,Women'S Wear,Women's Wear Inventore,2,42612,15,72440.4,11698.87,Cod,0.15,72440.4,0.0,0.1614964853866075,2023,11,18,5,Fall
13870,2025-03-03,Bhavin Dhingra,North,Jaipur,Clothing,Accessories,Accessories Qui,5,7555,5,35886.25,7789.32,Upi,0.05,35886.25,0.0,0.21705583614894283,2025,3,3,0,Spring
13871,2024-04-11,Aarna Kunda,North,Jaipur,Kitchen,Refrigerator,Refrigerator Temporibus,2,47271,20,75633.6,5582.6,Cod,0.2,75633.6,0.0,0.07381111040595714,2024,4,11,3,Spring
13872,2024-02-01,Khushi Seth,West,Pune,Sports,Yoga Mat,Yoga Mat Autem,5,48403,15,205712.75,25594.05,Cod,0.15,205712.75,0.0,0.12441644963668999,2024,2,1,3,winter
13873,2024-06-03,Nakul Singh,North,Chandigarh,Toys,Board Game,Board Game Quisquam,4,25573,15,86948.2,9576.93,Debit Card,0.15,86948.2,0.0,0.11014523589907554,2024,6,3,0,Summer
13874,2024-12-09,Azad Sathe,North,Amritsar,Beauty,Lipstick,Lipstick Laborum,4,65482,0,261928.0,55149.77,Cod,0.0,261928.0,0.0,0.210553167282612,2024,12,9,0,winter
13875,2025-09-15,Jivin Sheth,North,Chandigarh,Electronics,Headphones,Headphones Animi,3,35261,15,89915.55,10235.32,Upi,0.15,89915.55,0.0,0.11383259069204381,2025,9,15,0,Fall
13876,2024-11-16,Abram Khurana,West,Surat,Electronics,Laptop,Laptop Aspernatur,3,46208,10,124761.6,27591.91,Cod,0.1,124761.6,0.0,0.2211570707653637,2024,11,16,5,Fall
13877,2024-03-25,Tanya Mander,West,Goa,Furniture,Chair,Chair Dicta,1,35203,15,29922.55,7038.52,Cod,0.15,29922.55,0.0,0.23522460485486701,2024,3,25,0,Spring
13878,2024-11-18,Misha Bava,East,Guwahati,Books,Biography,Biography Recusandae,5,38803,0,194015.0,17020.28,Credit Card,0.0,194015.0,0.0,0.08772661907584464,2024,11,18,0,Fall
13879,2024-10-02,Rasha Dixit,West,Surat,Books,Biography,Biography Facere,2,10003,15,17005.1,2554.96,Credit Card,0.15,17005.1,0.0,0.15024669069867277,2024,10,2,2,Fall
13880,2025-05-07,Drishya Jha,East,Guwahati,Furniture,Cabinet,Cabinet Autem,1,47978,0,47978.0,5386.17,Upi,0.0,47978.0,0.0,0.1122633290258035,2025,5,7,2,Spring
13881,2024-08-30,Kabir Deep,East,Ranchi,Home Decor,Cushion,Cushion Aperiam,3,47011,15,119878.05,19547.8,Debit Card,0.15,119878.05,0.0,0.16306404717127113,2024,8,30,4,Summer
13882,2024-10-11,Keya Tandon,North,Delhi,Clothing,Shoes,Shoes Earum,3,48199,20,115677.6,10571.59,Debit Card,0.2,115677.6,0.0,0.09138839325850467,2024,10,11,4,Fall
13883,2025-01-19,Fateh Bhavsar,South,Hyderabad,Beauty,Face Cream,Face Cream Quaerat,5,74837,10,336766.5,17376.34,Debit Card,0.1,336766.5,0.0,0.05159759061545611,2025,1,19,6,winter
13884,2025-03-03,Vritika Batra,East,Guwahati,Electronics,Camera,Camera Voluptate,5,70565,20,282260.0,32676.94,Debit Card,0.2,282260.0,0.0,0.11576893644157868,2025,3,3,0,Spring
13885,2025-02-16,Manjari Trivedi,North,Amritsar,Clothing,Men'S Wear,Men's Wear Praesentium,4,59075,20,189040.0,28934.68,Upi,0.2,189040.0,0.0,0.1530611510791367,2025,2,16,6,winter
13886,2025-01-05,Veer Edwin,West,Mumbai,Groceries,Sugar,Sugar Suscipit,3,65530,20,157272.0,9403.17,Upi,0.2,157272.0,0.0,0.05978921867846788,2025,1,5,6,winter
13887,2025-01-13,Kanav Tata,South,Bangalore,Sports,Football,Football Eligendi,3,71731,20,172154.4,22626.59,Upi,0.2,172154.40000000002,2.9103830456733704e-11,0.13143195875330518,2025,1,13,0,winter
13888,2024-05-05,Pihu Wason,West,Mumbai,Books,Comics,Comics Qui,1,24773,15,21057.05,1398.89,Cod,0.15,21057.05,0.0,0.06643333230438263,2024,5,5,6,Spring
13889,2025-02-27,Renee Chander,West,Pune,Clothing,Accessories,Accessories Iusto,2,56585,15,96194.5,11679.89,Credit Card,0.15,96194.5,0.0,0.12141951982701712,2025,2,27,3,winter
13890,2023-12-13,Divyansh Bhasin,East,Kolkata,Clothing,Accessories,Accessories Itaque,5,11280,5,53580.0,7884.03,Cod,0.05,53580.0,0.0,0.14714501679731243,2023,12,13,2,winter
13891,2024-09-14,Aaina Maharaj,North,Amritsar,Sports,Football,Football Tempora,5,58166,5,276288.5,50119.67,Upi,0.05,276288.5,0.0,0.18140338812509388,2024,9,14,5,Fall
13892,2025-05-02,Shamik Date,East,Kolkata,Clothing,Men'S Wear,Men's Wear Aliquid,1,10427,10,9384.3,925.1,Net Banking,0.1,9384.300000000001,1.8189894035458565e-12,0.09857954242724551,2025,5,2,4,Spring
13893,2025-03-03,Anahi Varkey,North,Jaipur,Home Decor,Cushion,Cushion Eos,4,50788,20,162521.6,20075.01,Upi,0.2,162521.6,0.0,0.12352210413877292,2025,3,3,0,Spring
13894,2025-04-04,Stuvan Datta,North,Jaipur,Clothing,Kids Wear,Kids Wear Molestiae,5,9032,5,42902.0,9026.75,Cod,0.05,42902.0,0.0,0.21040394387208056,2025,4,4,4,Spring
13895,2024-03-02,Badal Rao,West,Goa,Books,Non-Fiction,Non-Fiction Praesentium,5,32316,15,137343.0,7982.14,Upi,0.15,137343.0,0.0,0.058118287790422524,2024,3,2,5,Spring
13896,2024-02-26,Nitara Randhawa,West,Goa,Sports,Football,Football Maiores,5,18823,5,89409.25,7859.92,Credit Card,0.05,89409.25,0.0,0.08790947245391277,2024,2,26,0,winter
13897,2025-08-11,Zeeshan Vaidya,South,Chennai,Electronics,Headphones,Headphones Laboriosam,3,9491,20,22778.4,1824.18,Cod,0.2,22778.4,0.0,0.0800837635654831,2025,8,11,0,Summer
13898,2024-08-19,Mehul Roy,East,Guwahati,Clothing,Shoes,Shoes Maiores,4,23988,5,91154.4,13546.98,Credit Card,0.05,91154.4,0.0,0.1486157552460441,2024,8,19,0,Summer
13899,2025-03-22,Anaya Savant,South,Bangalore,Groceries,Sugar,Sugar Officia,2,43254,0,86508.0,8647.31,Cod,0.0,86508.0,0.0,0.09995965691034354,2025,3,22,5,Spring
13900,2024-01-23,Rania Jhaveri,East,Guwahati,Sports,Football,Football Harum,4,46404,10,167054.4,18374.62,Cod,0.1,167054.4,0.0,0.10999183499506747,2024,1,23,1,winter
13901,2025-05-23,Ehsaan Krishnan,South,Coimbatore,Home Decor,Cushion,Cushion Dolore,1,73953,15,62860.05,13813.12,Upi,0.15,62860.049999999996,7.275957614183426e-12,0.2197440186573189,2025,5,23,4,Spring
13902,2024-08-08,Tanya Taneja,East,Guwahati,Books,Textbook,Textbook Nihil,1,40421,10,36378.9,8474.64,Upi,0.1,36378.9,0.0,0.2329548172154738,2024,8,8,3,Summer
13903,2025-01-12,Riaan Kalita,North,Amritsar,Sports,Yoga Mat,Yoga Mat Quo,4,44152,0,176608.0,37699.47,Cod,0.0,176608.0,0.0,0.21346411261098025,2025,1,12,6,winter
13904,2025-07-01,Tanya Amble,South,Chennai,Sports,Tennis Racket,Tennis Racket Inventore,2,74506,0,149012.0,23048.6,Net Banking,0.0,149012.0,0.0,0.15467613346576115,2025,7,1,1,Summer
13905,2025-04-06,Drishya Chokshi,South,Bangalore,Electronics,Camera,Camera Expedita,1,19730,15,16770.5,3416.82,Net Banking,0.15,16770.5,0.0,0.20373990042038104,2025,4,6,6,Spring
13906,2023-11-28,Elakshi Kannan,South,Thiruvananthapuram,Home Decor,Wall Art,Wall Art Commodi,5,57236,20,228944.0,30219.42,Cod,0.2,228944.0,0.0,0.13199481095813823,2023,11,28,1,Fall
13907,2025-01-01,Armaan Kalita,North,Chandigarh,Groceries,Wheat,Wheat Perspiciatis,4,28409,10,102272.4,6215.97,Cod,0.1,102272.40000000001,1.4551915228366852e-11,0.06077856782475038,2025,1,1,2,winter
13908,2024-11-22,Tanya Barad,North,Delhi,Books,Biography,Biography Sint,4,11791,15,40089.4,8210.41,Credit Card,0.15,40089.4,0.0,0.20480251637589986,2024,11,22,4,Fall
13909,2023-10-22,Kiara Ben,North,Jaipur,Beauty,Foundation,Foundation Molestiae,2,24666,0,49332.0,10545.56,Upi,0.0,49332.0,0.0,0.21376712884132001,2023,10,22,6,Fall
13910,2025-07-22,Shanaya Bir,South,Thiruvananthapuram,Furniture,Sofa,Sofa Maxime,5,52764,5,250629.0,43785.18,Upi,0.05,250629.0,0.0,0.17470117185162132,2025,7,22,1,Summer
13911,2025-08-22,Vritika Dyal,South,Bangalore,Home Decor,Vase,Vase Itaque,2,51158,15,86968.6,16151.54,Upi,0.15,86968.59999999999,1.4551915228366852e-11,0.18571691392065642,2025,8,22,4,Summer
13912,2025-08-26,Jayan Roy,West,Ahmedabad,Beauty,Face Cream,Face Cream Neque,3,73805,5,210344.25,22490.78,Debit Card,0.05,210344.25,0.0,0.10692367392976038,2025,8,26,1,Summer
13913,2024-11-14,Jayant Joshi,North,Delhi,Home Decor,Vase,Vase Fugiat,1,4647,20,3717.6,657.81,Cod,0.2,3717.6000000000004,4.547473508864641e-13,0.1769448030987734,2024,11,14,3,Fall
13914,2025-03-24,Adah Gandhi,South,Hyderabad,Furniture,Cabinet,Cabinet Asperiores,5,62363,0,311815.0,67265.59,Cod,0.0,311815.0,0.0,0.21572275227298238,2025,3,24,0,Spring
13915,2024-08-31,Samar Edwin,East,Patna,Groceries,Wheat,Wheat Recusandae,4,21390,10,77004.0,11059.43,Upi,0.1,77004.0,0.0,0.14362150018180875,2024,8,31,5,Summer
13916,2024-07-16,Romil Saha,North,Chandigarh,Beauty,Foundation,Foundation Alias,3,1551,15,3955.05,342.09,Debit Card,0.15,3955.0499999999997,4.547473508864641e-13,0.0864944817385368,2024,7,16,1,Summer
13917,2025-03-27,Nitya Bandi,North,Chandigarh,Toys,Action Figure,Action Figure Eaque,4,49423,10,177922.8,17732.94,Upi,0.1,177922.80000000002,2.9103830456733704e-11,0.09966648456521593,2025,3,27,3,Spring
13918,2024-09-12,Zain Kota,West,Pune,Home Decor,Cushion,Cushion Aut,1,60959,5,57911.05,7265.81,Net Banking,0.05,57911.049999999996,7.275957614183426e-12,0.12546500192968355,2024,9,12,3,Fall
13919,2024-07-23,Mohanlal Jayaraman,South,Coimbatore,Home Decor,Vase,Vase Delectus,2,25048,10,45086.4,6500.55,Net Banking,0.1,45086.4,0.0,0.1441798413712339,2024,7,23,1,Summer
13920,2023-11-14,Siya Arora,East,Kolkata,Home Decor,Wall Art,Wall Art Facere,3,42348,5,120691.8,21925.13,Debit Card,0.05,120691.79999999999,1.4551915228366852e-11,0.18166213446149615,2023,11,14,1,Fall
13921,2024-02-27,Badal Desai,North,Lucknow,Clothing,Men'S Wear,Men's Wear Sapiente,3,35536,20,85286.4,20838.06,Debit Card,0.2,85286.40000000001,1.4551915228366852e-11,0.24433039734353898,2024,2,27,1,winter
13922,2025-03-09,Piya Saha,East,Bhubaneswar,Home Decor,Wall Art,Wall Art Eveniet,4,67011,5,254641.8,54231.05,Net Banking,0.05,254641.8,0.0,0.21296994444745523,2025,3,9,6,Spring
13923,2024-09-12,Khushi Iyer,East,Bhubaneswar,Toys,Puzzle,Puzzle Occaecati,3,222,15,566.1,97.74,Debit Card,0.15,566.1,0.0,0.17265500794912558,2024,9,12,3,Fall
13924,2023-10-13,Amira Dewan,East,Ranchi,Electronics,Laptop,Laptop Unde,2,77949,15,132513.3,16953.48,Debit Card,0.15,132513.3,0.0,0.12793795037932043,2023,10,13,4,Fall
13925,2024-08-12,Veer Hari,East,Guwahati,Furniture,Bed,Bed Perferendis,3,69452,15,177102.6,22802.49,Debit Card,0.15,177102.6,0.0,0.12875299402719104,2024,8,12,0,Summer
13926,2024-09-08,Jivika Saxena,South,Coimbatore,Groceries,Wheat,Wheat Atque,4,2916,5,11080.8,1350.43,Upi,0.05,11080.8,0.0,0.12187116453685656,2024,9,8,6,Fall
13927,2025-09-09,Ela Bains,West,Pune,Electronics,Camera,Camera Modi,4,32597,5,123868.6,20841.23,Upi,0.05,123868.59999999999,1.4551915228366852e-11,0.1682527291016448,2025,9,9,1,Fall
13928,2023-10-14,Yakshit Ramachandran,North,Chandigarh,Clothing,Accessories,Accessories Architecto,1,59294,15,50399.9,6193.37,Debit Card,0.15,50399.9,0.0,0.1228845692154151,2023,10,14,5,Fall
13929,2024-06-29,Rhea Balay,South,Thiruvananthapuram,Toys,Doll,Doll Similique,3,66736,0,200208.0,36553.03,Debit Card,0.0,200208.0,0.0,0.1825752717174139,2024,6,29,5,Summer
13930,2024-10-09,Uthkarsh Madan,South,Bangalore,Furniture,Bed,Bed Pariatur,1,74428,20,59542.4,6451.26,Net Banking,0.2,59542.4,0.0,0.10834732896221852,2024,10,9,2,Fall
13931,2025-06-19,Arnav Kunda,North,Lucknow,Electronics,Smartwatch,Smartwatch Nostrum,4,1709,0,6836.0,1085.47,Net Banking,0.0,6836.0,0.0,0.15878730251609127,2025,6,19,3,Summer
13932,2024-04-01,Divit Hora,East,Kolkata,Books,Fiction,Fiction Fugiat,2,9466,5,17985.4,1606.5,Cod,0.05,17985.399999999998,3.637978807091713e-12,0.08932245043201707,2024,4,1,0,Spring
13933,2024-05-01,Madhav Rama,South,Hyderabad,Sports,Tennis Racket,Tennis Racket Temporibus,1,74859,20,59887.2,10247.62,Net Banking,0.2,59887.200000000004,7.275957614183426e-12,0.17111536355014095,2024,5,1,2,Spring
13934,2024-12-19,Hansh Balakrishnan,East,Patna,Electronics,Smartwatch,Smartwatch Illum,1,79709,15,67752.65,10348.3,Net Banking,0.15,67752.65,0.0,0.15273646123066772,2024,12,19,3,winter
13935,2025-07-14,Lakshay Mall,North,Lucknow,Groceries,Sugar,Sugar Iure,5,43802,5,208059.5,37267.99,Credit Card,0.05,208059.5,0.0,0.17912178968035586,2025,7,14,0,Summer
13936,2023-12-16,Anika Kapoor,East,Patna,Kitchen,Juicer,Juicer Officia,4,53838,10,193816.8,19626.97,Debit Card,0.1,193816.80000000002,2.9103830456733704e-11,0.10126557656508622,2023,12,16,5,winter
13937,2023-11-22,Ira Kulkarni,West,Surat,Books,Comics,Comics Quam,1,8911,5,8465.45,1696.03,Upi,0.05,8465.449999999999,1.8189894035458565e-12,0.20034729400090956,2023,11,22,2,Fall
13938,2024-04-18,Samaira Ramakrishnan,North,Jaipur,Clothing,Women'S Wear,Women's Wear Quidem,4,72336,5,274876.8,25096.29,Net Banking,0.05,274876.8,0.0,0.09130013882583034,2024,4,18,3,Spring
13939,2024-10-27,Hunar Sachdeva,South,Bangalore,Clothing,Kids Wear,Kids Wear Saepe,2,18052,10,32493.6,2960.76,Credit Card,0.1,32493.600000000002,3.637978807091713e-12,0.09111825097865427,2024,10,27,6,Fall
13940,2025-06-29,Akarsh Sachdev,East,Patna,Toys,Puzzle,Puzzle Accusamus,4,34290,10,123444.0,26964.36,Debit Card,0.1,123444.0,0.0,0.2184339457567804,2025,6,29,6,Summer
13941,2024-09-01,Urvi Upadhyay,East,Guwahati,Kitchen,Microwave,Microwave Illum,4,32298,20,103353.6,17798.92,Debit Card,0.2,103353.6,0.0,0.17221383677007862,2024,9,1,6,Fall
13942,2025-02-10,Ahana  Tak,West,Mumbai,Furniture,Sofa,Sofa Ipsa,5,31201,15,132604.25,18876.5,Debit Card,0.15,132604.25,0.0,0.14235214934664614,2025,2,10,0,winter
13943,2023-12-24,Rohan Acharya,East,Ranchi,Toys,Puzzle,Puzzle Sequi,3,53938,20,129451.2,10800.88,Cod,0.2,129451.20000000001,1.4551915228366852e-11,0.08343592025411892,2023,12,24,6,winter
13944,2024-10-17,Nakul Zacharia,East,Patna,Beauty,Perfume,Perfume Molestiae,2,25704,20,41126.4,3162.9,Upi,0.2,41126.4,0.0,0.07690680438842204,2024,10,17,3,Fall
13945,2024-12-31,Tushar Dua,North,Amritsar,Groceries,Rice,Rice In,2,37132,20,59411.2,6255.84,Net Banking,0.2,59411.200000000004,7.275957614183426e-12,0.10529731767747497,2024,12,31,1,winter
13946,2024-01-14,Mannat Iyer,West,Mumbai,Electronics,Camera,Camera Quae,2,67427,10,121368.6,15168.55,Credit Card,0.1,121368.6,0.0,0.12497919560743058,2024,1,14,6,winter
13947,2024-04-07,Mehul Toor,East,Patna,Home Decor,Clock,Clock Minima,1,14010,0,14010.0,749.88,Net Banking,0.0,14010.0,0.0,0.05352462526766595,2024,4,7,6,Spring
13948,2024-10-12,Ranbir Ben,East,Patna,Furniture,Sofa,Sofa Ipsam,5,6606,10,29727.0,1678.8,Cod,0.1,29727.0,0.0,0.056473912604702796,2024,10,12,5,Fall
13949,2024-08-25,Alia Salvi,North,Delhi,Kitchen,Refrigerator,Refrigerator Enim,2,22249,10,40048.2,6850.89,Cod,0.1,40048.200000000004,7.275957614183426e-12,0.17106611533102614,2024,8,25,6,Summer
13950,2025-04-21,Jhanvi Sandal,South,Thiruvananthapuram,Books,Comics,Comics Quo,1,19868,20,15894.4,1844.37,Net Banking,0.2,15894.400000000001,1.8189894035458565e-12,0.11603898228306825,2025,4,21,0,Spring
13951,2025-02-21,Hrishita Jha,East,Patna,Sports,Dumbbells,Dumbbells Ut,4,40150,10,144540.0,15616.79,Debit Card,0.1,144540.0,0.0,0.10804476269544763,2025,2,21,4,winter
13952,2025-02-08,Rhea Dugar,West,Surat,Toys,Board Game,Board Game Quod,5,30135,0,150675.0,21442.39,Cod,0.0,150675.0,0.0,0.14230887672142029,2025,2,8,5,winter
13953,2025-04-26,Jhanvi Madan,South,Coimbatore,Kitchen,Mixer Grinder,Mixer Grinder Harum,3,13627,5,38836.95,5439.11,Cod,0.05,38836.95,0.0,0.1400498751832984,2025,4,26,5,Spring
13954,2025-04-23,Tiya Gera,South,Chennai,Clothing,Shoes,Shoes Deserunt,2,38246,5,72667.4,3916.33,Net Banking,0.05,72667.4,0.0,0.053893905657832815,2025,4,23,2,Spring
13955,2025-07-16,Tushar Gera,North,Lucknow,Home Decor,Clock,Clock Quia,1,54866,15,46636.1,5628.13,Net Banking,0.15,46636.1,0.0,0.12068183231445169,2025,7,16,2,Summer
13956,2023-12-06,Ira Rastogi,North,Amritsar,Furniture,Bed,Bed Officia,2,33697,5,64024.3,4799.5,Debit Card,0.05,64024.299999999996,7.275957614183426e-12,0.07496372471077388,2023,12,6,2,winter
13957,2024-05-13,Vaibhav Bava,North,Delhi,Beauty,Foundation,Foundation Similique,5,2710,10,12195.0,1602.1,Debit Card,0.1,12195.0,0.0,0.13137351373513734,2024,5,13,0,Spring
13958,2025-04-29,Kabir Ravi,East,Guwahati,Furniture,Cabinet,Cabinet Asperiores,3,24320,5,69312.0,9362.15,Cod,0.05,69312.0,0.0,0.13507257040627885,2025,4,29,1,Spring
13959,2023-11-29,Inaaya  Ganesan,East,Bhubaneswar,Sports,Football,Football Modi,3,49558,5,141240.3,13429.09,Net Banking,0.05,141240.3,0.0,0.09507973290909182,2023,11,29,2,Fall
13960,2024-01-15,Jhanvi Bal,West,Ahmedabad,Toys,Puzzle,Puzzle Sapiente,2,30560,0,61120.0,14004.56,Net Banking,0.0,61120.0,0.0,0.22913219895287956,2024,1,15,0,winter
13961,2024-12-12,Amani Rastogi,West,Mumbai,Furniture,Cabinet,Cabinet Quam,4,13709,10,49352.4,6804.67,Cod,0.1,49352.4,0.0,0.13787921154796928,2024,12,12,3,winter
13962,2024-08-21,Ryan Lanka,North,Delhi,Toys,Action Figure,Action Figure Asperiores,5,14825,0,74125.0,9274.27,Cod,0.0,74125.0,0.0,0.1251166273187184,2024,8,21,2,Summer
13963,2024-12-29,Drishya Chana,West,Mumbai,Books,Fiction,Fiction Commodi,3,28627,0,85881.0,7488.56,Credit Card,0.0,85881.0,0.0,0.08719693529418615,2024,12,29,6,winter
13964,2025-08-12,Parinaaz Din,East,Bhubaneswar,Groceries,Sugar,Sugar Modi,3,41428,5,118069.8,19715.81,Credit Card,0.05,118069.79999999999,1.4551915228366852e-11,0.16698436009885678,2025,8,12,1,Summer
13965,2024-11-28,Navya Taneja,West,Pune,Electronics,Mobile,Mobile Aspernatur,3,12069,0,36207.0,7151.36,Credit Card,0.0,36207.0,0.0,0.1975131880575579,2024,11,28,3,Fall
13966,2025-07-31,Ritvik Dara,East,Bhubaneswar,Electronics,Smartwatch,Smartwatch Dolor,3,39237,10,105939.9,13368.94,Cod,0.1,105939.90000000001,1.4551915228366852e-11,0.12619362487599103,2025,7,31,3,Summer
13967,2024-04-16,Bhavin Ganesan,East,Kolkata,Clothing,Accessories,Accessories Est,5,71144,0,355720.0,51224.26,Debit Card,0.0,355720.0,0.0,0.14400163049589565,2024,4,16,1,Spring
13968,2025-01-20,Vritika Sant,West,Goa,Kitchen,Juicer,Juicer Distinctio,3,15926,20,38222.4,5453.06,Debit Card,0.2,38222.4,0.0,0.14266660387626104,2025,1,20,0,winter
13969,2025-05-21,Amani Apte,North,Lucknow,Home Decor,Wall Art,Wall Art Laboriosam,4,48409,20,154908.8,15605.01,Net Banking,0.2,154908.80000000002,2.9103830456733704e-11,0.10073675607841517,2025,5,21,2,Spring
13970,2024-07-04,Mishti Manne,West,Ahmedabad,Clothing,Accessories,Accessories Dolor,1,49538,20,39630.4,8600.88,Net Banking,0.2,39630.4,0.0,0.21702733255278772,2024,7,4,3,Summer
13971,2024-04-15,Umang Roy,West,Pune,Furniture,Chair,Chair Harum,5,22134,5,105136.5,5406.01,Net Banking,0.05,105136.5,0.0,0.0514189648694792,2024,4,15,0,Spring
13972,2024-01-17,Uthkarsh Viswanathan,North,Delhi,Furniture,Bed,Bed Autem,5,61532,0,307660.0,17078.5,Credit Card,0.0,307660.0,0.0,0.05551095365013326,2024,1,17,2,winter
13973,2024-08-09,Biju Dugar,East,Patna,Groceries,Sugar,Sugar Deleniti,4,17731,15,60285.4,3073.78,Cod,0.15,60285.4,0.0,0.05098713784763807,2024,8,9,4,Summer
13974,2024-11-10,Krish Ram,East,Bhubaneswar,Clothing,Kids Wear,Kids Wear Repellat,1,55828,20,44662.4,7164.6,Upi,0.2,44662.4,0.0,0.16041681593465645,2024,11,10,6,Fall
13975,2025-06-05,Ranbir Rajagopal,East,Ranchi,Books,Non-Fiction,Non-Fiction Deleniti,1,50349,20,40279.2,3223.81,Credit Card,0.2,40279.200000000004,7.275957614183426e-12,0.08003659456990209,2025,6,5,3,Summer
13976,2024-01-14,Piya Magar,South,Thiruvananthapuram,Electronics,Smartwatch,Smartwatch Voluptatibus,1,31014,5,29463.3,4461.13,Credit Card,0.05,29463.3,0.0,0.15141311394175128,2024,1,14,6,winter
13977,2025-03-31,Zara Khalsa,East,Ranchi,Home Decor,Lamp,Lamp Velit,5,40921,15,173914.25,41421.06,Credit Card,0.15,173914.25,0.0,0.23816944269949125,2025,3,31,0,Spring
13978,2024-06-21,Riaan Yohannan,West,Ahmedabad,Beauty,Face Cream,Face Cream Quos,1,5000,5,4750.0,251.62,Cod,0.05,4750.0,0.0,0.05297263157894737,2024,6,21,4,Summer
13979,2024-08-02,Prerak Sawhney,North,Amritsar,Books,Textbook,Textbook Repudiandae,2,19620,20,31392.0,1800.79,Debit Card,0.2,31392.0,0.0,0.05736461518858308,2024,8,2,4,Summer
13980,2024-04-05,Abram Lata,North,Delhi,Groceries,Wheat,Wheat Aspernatur,2,63955,0,127910.0,10570.02,Debit Card,0.0,127910.0,0.0,0.08263638495817371,2024,4,5,4,Spring
13981,2025-06-10,Arhaan Sidhu,North,Delhi,Furniture,Cabinet,Cabinet Occaecati,5,6114,10,27513.0,5304.31,Credit Card,0.1,27513.0,0.0,0.1927928615563552,2025,6,10,1,Summer
13982,2025-01-26,Nishith Arora,East,Kolkata,Kitchen,Mixer Grinder,Mixer Grinder Ea,4,14793,15,50296.2,5620.01,Upi,0.15,50296.2,0.0,0.11173826253275597,2025,1,26,6,winter
13983,2024-01-27,Aayush Tak,North,Delhi,Kitchen,Microwave,Microwave Beatae,3,305,10,823.5,127.44,Upi,0.1,823.5,0.0,0.15475409836065573,2024,1,27,5,winter
13984,2025-06-25,Vihaan Dani,North,Lucknow,Sports,Dumbbells,Dumbbells Rerum,4,69085,20,221072.0,25935.21,Net Banking,0.2,221072.0,0.0,0.11731567091264385,2025,6,25,2,Summer
13985,2024-03-22,Aaina Sagar,North,Chandigarh,Sports,Cricket Bat,Cricket Bat Aperiam,1,49113,0,49113.0,10380.7,Credit Card,0.0,49113.0,0.0,0.21136359008816405,2024,3,22,4,Spring
13986,2024-06-18,Kashvi Tiwari,East,Guwahati,Furniture,Chair,Chair Adipisci,1,53555,20,42844.0,6579.6,Debit Card,0.2,42844.0,0.0,0.15357109513584166,2024,6,18,1,Summer
13987,2024-10-09,Adira Bansal,North,Chandigarh,Sports,Tennis Racket,Tennis Racket Doloremque,2,20837,0,41674.0,10172.62,Debit Card,0.0,41674.0,0.0,0.2440999184143591,2024,10,9,2,Fall
13988,2024-01-17,Neelofar Dhawan,East,Patna,Sports,Tennis Racket,Tennis Racket Ex,4,65896,20,210867.2,21585.81,Upi,0.2,210867.2,0.0,0.10236684510440694,2024,1,17,2,winter
13989,2024-10-21,Nirvaan Master,North,Amritsar,Kitchen,Refrigerator,Refrigerator Ipsum,1,70885,10,63796.5,6201.21,Net Banking,0.1,63796.5,0.0,0.09720298135477652,2024,10,21,0,Fall
13990,2024-07-27,Umang Chahal,North,Chandigarh,Books,Comics,Comics Eveniet,5,11091,0,55455.0,2989.92,Net Banking,0.0,55455.0,0.0,0.053916148228293215,2024,7,27,5,Summer
13991,2024-01-05,Kimaya Gera,West,Surat,Books,Biography,Biography Sint,1,2322,5,2205.9,346.13,Debit Card,0.05,2205.9,0.0,0.15691101137857563,2024,1,5,4,winter
13992,2024-05-28,Rati Banerjee,North,Amritsar,Kitchen,Refrigerator,Refrigerator Aliquid,5,73352,15,311746.0,42399.24,Upi,0.15,311746.0,0.0,0.1360057226075074,2024,5,28,1,Spring
13993,2024-10-11,Dhanush Tara,North,Amritsar,Beauty,Foundation,Foundation Tempora,4,25280,15,85952.0,13599.09,Cod,0.15,85952.0,0.0,0.15821726079672374,2024,10,11,4,Fall
13994,2024-10-27,Nehmat Kannan,East,Guwahati,Beauty,Foundation,Foundation Hic,3,43877,15,111886.35,23247.55,Debit Card,0.15,111886.34999999999,1.4551915228366852e-11,0.2077782499831302,2024,10,27,6,Fall
13995,2024-01-19,Anahi Choudhry,North,Jaipur,Kitchen,Mixer Grinder,Mixer Grinder Nisi,3,58788,20,141091.2,25543.61,Net Banking,0.2,141091.2,0.0,0.18104325429225918,2024,1,19,4,winter
13996,2024-08-04,Hiran Kala,East,Ranchi,Toys,Doll,Doll Ea,3,39367,20,94480.8,15133.19,Cod,0.2,94480.8,0.0,0.16017211962642144,2024,8,4,6,Summer
13997,2023-11-09,Shray Jayaraman,East,Ranchi,Electronics,Smartwatch,Smartwatch Possimus,4,15240,15,51816.0,7579.37,Net Banking,0.15,51816.0,0.0,0.14627470279450364,2023,11,9,3,Fall
13998,2025-01-12,Zain Dani,South,Hyderabad,Home Decor,Cushion,Cushion Similique,1,28121,0,28121.0,2646.92,Net Banking,0.0,28121.0,0.0,0.09412609793392838,2025,1,12,6,winter
13999,2025-02-02,Ahana  Wable,South,Coimbatore,Sports,Yoga Mat,Yoga Mat Praesentium,2,38624,0,77248.0,12652.94,Credit Card,0.0,77248.0,0.0,0.16379634424192213,2025,2,2,6,winter
14000,2023-12-17,Tarini Varkey,West,Ahmedabad,Electronics,Mobile,Mobile Alias,2,44179,5,83940.1,5644.28,Cod,0.05,83940.09999999999,1.4551915228366852e-11,0.06724175930216904,2023,12,17,6,winter
14001,2024-04-23,Jayant Mallick,South,Hyderabad,Electronics,Smartwatch,Smartwatch Occaecati,2,29790,10,53622.0,5830.42,Upi,0.1,53622.0,0.0,0.1087318637872515,2024,4,23,1,Spring
14002,2024-05-22,Madhav Barad,East,Guwahati,Kitchen,Cookware Set,Cookware Set Voluptatum,5,33828,5,160683.0,33754.92,Net Banking,0.05,160683.0,0.0,0.21007150725341198,2024,5,22,2,Spring
14003,2025-08-12,Vritika Sethi,South,Hyderabad,Electronics,Smartwatch,Smartwatch Repudiandae,3,28443,5,81062.55,4975.59,Net Banking,0.05,81062.55,0.0,0.0613796383163372,2025,8,12,1,Summer
14004,2024-07-23,Kiaan Gala,West,Mumbai,Kitchen,Microwave,Microwave Deleniti,1,59998,15,50998.3,9612.04,Debit Card,0.15,50998.299999999996,7.275957614183426e-12,0.1884776551375242,2024,7,23,1,Summer
14005,2024-02-27,Kartik Bhandari,East,Patna,Beauty,Foundation,Foundation Sed,2,52569,0,105138.0,6082.19,Cod,0.0,105138.0,0.0,0.05784958816032262,2024,2,27,1,winter
14006,2025-03-14,Vidur Deol,North,Lucknow,Sports,Dumbbells,Dumbbells Ullam,4,21017,0,84068.0,11855.58,Upi,0.0,84068.0,0.0,0.14102369510396345,2025,3,14,4,Spring
14007,2024-11-17,Dhanuk Saxena,North,Delhi,Sports,Cricket Bat,Cricket Bat Quos,3,57585,20,138204.0,9449.04,Debit Card,0.2,138204.0,0.0,0.06837023530433273,2024,11,17,6,Fall
14008,2024-04-28,Damini Barman,South,Chennai,Toys,Doll,Doll Enim,5,37349,10,168070.5,34912.42,Upi,0.1,168070.5,0.0,0.20772485355847695,2024,4,28,6,Spring
14009,2025-07-01,Myra Dada,West,Surat,Electronics,Camera,Camera Ex,3,27312,20,65548.8,14067.84,Net Banking,0.2,65548.8,0.0,0.21461628588166373,2025,7,1,1,Summer
14010,2023-11-12,Samiha Shan,East,Kolkata,Groceries,Oil,Oil Praesentium,1,51919,5,49323.05,2779.33,Net Banking,0.05,49323.049999999996,7.275957614183426e-12,0.056349516098457,2023,11,12,6,Fall
14011,2025-06-22,Manjari Bumb,West,Goa,Home Decor,Lamp,Lamp Aliquid,2,35266,20,56425.6,10575.53,Cod,0.2,56425.600000000006,7.275957614183426e-12,0.18742432512901946,2025,6,22,6,Summer
14012,2024-06-23,Yasmin Chahal,South,Thiruvananthapuram,Groceries,Rice,Rice Dolores,4,11341,5,43095.8,8319.61,Cod,0.05,43095.799999999996,7.275957614183426e-12,0.19304920665122818,2024,6,23,6,Summer
14013,2025-09-16,Kiara Chopra,North,Amritsar,Sports,Dumbbells,Dumbbells Omnis,2,1725,0,3450.0,748.85,Cod,0.0,3450.0,0.0,0.21705797101449276,2025,9,16,1,Fall
14014,2025-06-30,Aniruddh Shetty,South,Chennai,Beauty,Face Cream,Face Cream Iure,4,70596,5,268264.8,57443.39,Debit Card,0.05,268264.8,0.0,0.21412943479726002,2025,6,30,0,Summer
14015,2025-03-19,Indranil Date,East,Patna,Groceries,Rice,Rice Laboriosam,3,37004,10,99910.8,13975.43,Debit Card,0.1,99910.8,0.0,0.13987907213234205,2025,3,19,2,Spring
14016,2024-01-19,Eva Bhandari,West,Pune,Beauty,Face Cream,Face Cream Autem,3,63215,0,189645.0,31008.73,Upi,0.0,189645.0,0.0,0.16350934641039838,2024,1,19,4,winter
14017,2024-09-10,Jivin Sangha,East,Ranchi,Beauty,Foundation,Foundation Laudantium,4,23886,5,90766.8,19057.28,Upi,0.05,90766.8,0.0,0.2099587073687736,2024,9,10,1,Fall
14018,2024-02-11,Alia Rau,North,Lucknow,Books,Fiction,Fiction Adipisci,3,57129,20,137109.6,29038.47,Cod,0.2,137109.6,0.0,0.211790202874197,2024,2,11,6,winter
14019,2024-12-28,Siya Sangha,South,Chennai,Sports,Football,Football Modi,1,58052,10,52246.8,6895.88,Debit Card,0.1,52246.8,0.0,0.13198664798609674,2024,12,28,5,winter
14020,2025-09-03,Kiara Dhawan,South,Thiruvananthapuram,Groceries,Rice,Rice Velit,1,64542,5,61314.9,4364.69,Credit Card,0.05,61314.899999999994,7.275957614183426e-12,0.07118481804585834,2025,9,3,2,Fall
14021,2025-07-23,Akarsh Swamy,North,Jaipur,Furniture,Table,Table Iure,4,58929,0,235716.0,17376.84,Net Banking,0.0,235716.0,0.0,0.07371939113170087,2025,7,23,2,Summer
14022,2024-05-04,Azad Anand,West,Surat,Furniture,Table,Table Nesciunt,3,71890,15,183319.5,14938.67,Net Banking,0.15,183319.5,0.0,0.08148980332152335,2024,5,4,5,Spring
14023,2025-01-15,Yasmin Vaidya,West,Surat,Furniture,Bed,Bed Dolore,5,61293,15,260495.25,29361.36,Cod,0.15,260495.25,0.0,0.11271360994106419,2025,1,15,2,winter
14024,2023-11-12,Jivin Jani,North,Chandigarh,Clothing,Accessories,Accessories Voluptatum,4,64859,0,259436.0,19911.6,Credit Card,0.0,259436.0,0.0,0.07674956443978476,2023,11,12,6,Fall
14025,2024-06-21,Ishita Chowdhury,North,Chandigarh,Home Decor,Vase,Vase Quas,1,32903,0,32903.0,7497.82,Debit Card,0.0,32903.0,0.0,0.22787648542686076,2024,6,21,4,Summer
14026,2024-04-05,Vardaniya Kale,East,Patna,Beauty,Lipstick,Lipstick Beatae,1,76065,0,76065.0,9816.0,Upi,0.0,76065.0,0.0,0.12904752514296983,2024,4,5,4,Spring
14027,2023-12-19,Dhanush Jha,North,Chandigarh,Furniture,Cabinet,Cabinet Cupiditate,1,27749,10,24974.1,2221.99,Debit Card,0.1,24974.100000000002,3.637978807091713e-12,0.08897177475864995,2023,12,19,1,winter
14028,2025-09-06,Saanvi Chandra,South,Coimbatore,Home Decor,Wall Art,Wall Art Ipsa,3,23636,5,67362.6,9247.47,Credit Card,0.05,67362.59999999999,1.4551915228366852e-11,0.13727899457562504,2025,9,6,5,Fall
14029,2025-08-07,Mishti Kumer,West,Mumbai,Sports,Football,Football Quaerat,1,49102,0,49102.0,7176.64,Net Banking,0.0,49102.0,0.0,0.14615779397987863,2025,8,7,3,Summer
14030,2023-12-08,Dhanuk Kakar,West,Surat,Books,Textbook,Textbook Enim,5,6420,5,30495.0,5690.9,Debit Card,0.05,30495.0,0.0,0.18661747827512706,2023,12,8,4,winter
14031,2025-01-18,Aaryahi Wadhwa,North,Lucknow,Clothing,Shoes,Shoes Aliquid,4,73794,15,250899.6,61074.47,Cod,0.15,250899.6,0.0,0.24342195045348816,2025,1,18,5,winter
14032,2023-10-30,Kashvi Manne,North,Delhi,Toys,Action Figure,Action Figure Adipisci,4,23790,15,80886.0,15562.74,Net Banking,0.15,80886.0,0.0,0.19240338253838735,2023,10,30,0,Fall
14033,2025-03-03,Yasmin Kala,North,Amritsar,Home Decor,Lamp,Lamp Nesciunt,3,67176,5,191451.6,27647.04,Credit Card,0.05,191451.59999999998,2.9103830456733704e-11,0.14440746381853167,2025,3,3,0,Spring
14034,2024-03-04,Veer Rout,South,Coimbatore,Toys,Rc Car,RC Car Ipsum,2,42749,10,76948.2,11587.92,Net Banking,0.1,76948.2,0.0,0.15059377607273466,2024,3,4,0,Spring
14035,2024-07-10,Jayan Shenoy,North,Chandigarh,Sports,Cricket Bat,Cricket Bat Nisi,1,39461,0,39461.0,6204.78,Cod,0.0,39461.0,0.0,0.15723828590253666,2024,7,10,2,Summer
14036,2024-06-06,Vedika Ganguly,East,Ranchi,Furniture,Chair,Chair Molestias,3,76241,0,228723.0,23543.12,Credit Card,0.0,228723.0,0.0,0.10293289262557766,2024,6,6,3,Summer
14037,2025-04-23,Indrans Sharma,South,Thiruvananthapuram,Clothing,Men'S Wear,Men's Wear Cum,2,59303,20,94884.8,7023.48,Net Banking,0.2,94884.8,0.0,0.07402112877931975,2025,4,23,2,Spring
14038,2025-08-23,Raunak Loyal,West,Surat,Beauty,Shampoo,Shampoo Quae,2,64937,20,103899.2,8768.46,Cod,0.2,103899.20000000001,1.4551915228366852e-11,0.08439391256140566,2025,8,23,5,Summer
14039,2024-09-30,Prerak Shere,West,Goa,Beauty,Perfume,Perfume Nesciunt,3,56768,10,153273.6,19509.55,Upi,0.1,153273.6,0.0,0.12728578176541816,2024,9,30,0,Fall
14040,2024-08-30,Indranil Ramesh,North,Chandigarh,Books,Biography,Biography Quasi,3,23075,10,62302.5,7202.57,Net Banking,0.1,62302.5,0.0,0.1156064363388307,2024,8,30,4,Summer
14041,2023-12-08,Myra Bath,North,Lucknow,Furniture,Cabinet,Cabinet Saepe,1,67313,5,63947.35,14977.88,Debit Card,0.05,63947.35,0.0,0.2342220592409224,2023,12,8,4,winter
14042,2025-06-30,Lakshay Konda,North,Chandigarh,Furniture,Table,Table Pariatur,5,67069,20,268276.0,46456.92,Upi,0.2,268276.0,0.0,0.1731683788337384,2025,6,30,0,Summer
14043,2024-06-14,Elakshi Mann,West,Pune,Kitchen,Cookware Set,Cookware Set Laborum,4,43358,15,147417.2,7648.12,Cod,0.15,147417.19999999998,2.9103830456733704e-11,0.05188078460315349,2024,6,14,4,Summer
14044,2024-09-15,Fateh Gola,East,Guwahati,Home Decor,Clock,Clock Amet,5,71542,5,339824.5,35606.12,Net Banking,0.05,339824.5,0.0,0.10477796627376779,2024,9,15,6,Fall
14045,2024-09-20,Nishith Ram,West,Ahmedabad,Beauty,Shampoo,Shampoo Nulla,3,28596,15,72919.8,5573.44,Credit Card,0.15,72919.8,0.0,0.0764324641592544,2024,9,20,4,Fall
14046,2025-08-04,Saira Banik,West,Pune,Kitchen,Mixer Grinder,Mixer Grinder In,3,58593,20,140623.2,32834.38,Cod,0.2,140623.2,0.0,0.23349191314093262,2025,8,4,0,Summer
14047,2025-06-05,Pihu Ravi,West,Goa,Home Decor,Wall Art,Wall Art Molestiae,2,13415,15,22805.5,1500.7,Upi,0.15,22805.5,0.0,0.06580430159391375,2025,6,5,3,Summer
14048,2024-11-20,Neelofar Borde,North,Delhi,Toys,Board Game,Board Game Sint,3,38876,15,99133.8,11933.13,Cod,0.15,99133.8,0.0,0.12037397940964635,2024,11,20,2,Fall
14049,2024-02-13,Myra Divan,North,Amritsar,Kitchen,Cookware Set,Cookware Set Quibusdam,2,41159,20,65854.4,8012.31,Upi,0.2,65854.40000000001,1.4551915228366852e-11,0.1216670412303506,2024,2,13,1,winter
14050,2025-03-25,Priyansh Wadhwa,South,Bangalore,Books,Textbook,Textbook Natus,5,15648,0,78240.0,4830.86,Debit Card,0.0,78240.0,0.0,0.061744120654396724,2025,3,25,1,Spring
14051,2025-09-18,Uthkarsh Bhatnagar,West,Ahmedabad,Groceries,Wheat,Wheat Eaque,1,22918,0,22918.0,4916.15,Cod,0.0,22918.0,0.0,0.2145104284841609,2025,9,18,3,Fall
14052,2025-02-17,Khushi Reddy,West,Pune,Clothing,Shoes,Shoes Iste,2,52822,20,84515.2,18381.42,Credit Card,0.2,84515.20000000001,1.4551915228366852e-11,0.21749247472643973,2025,2,17,0,winter
14053,2024-10-26,Kavya Goel,South,Chennai,Electronics,Camera,Camera Libero,3,68992,0,206976.0,38711.72,Credit Card,0.0,206976.0,0.0,0.18703482529375387,2024,10,26,5,Fall
14054,2025-02-07,Mohanlal Chaudhry,South,Bangalore,Books,Textbook,Textbook Non,2,67277,15,114370.9,20678.5,Cod,0.15,114370.9,0.0,0.18080210962753637,2025,2,7,4,winter
14055,2025-05-19,Aaryahi Madan,South,Bangalore,Home Decor,Wall Art,Wall Art Quod,5,76037,10,342166.5,44452.2,Credit Card,0.1,342166.5,0.0,0.1299139454037727,2025,5,19,0,Spring
14056,2023-10-04,Hazel Sinha,East,Guwahati,Home Decor,Vase,Vase Vitae,3,7716,20,18518.4,2273.75,Cod,0.2,18518.4,0.0,0.12278328581302919,2023,10,4,2,Fall
14057,2024-04-03,Trisha Bansal,South,Thiruvananthapuram,Toys,Rc Car,RC Car Provident,4,8252,5,31357.6,3169.65,Debit Card,0.05,31357.6,0.0,0.10108075873153559,2024,4,3,2,Spring
14058,2025-08-08,Ela Khatri,West,Mumbai,Beauty,Foundation,Foundation Debitis,5,60053,20,240212.0,17200.15,Credit Card,0.2,240212.0,0.0,0.07160404143007011,2025,8,8,4,Summer
14059,2024-12-31,Kashvi Bedi,West,Mumbai,Electronics,Smartwatch,Smartwatch Atque,4,53880,15,183192.0,18754.55,Upi,0.15,183192.0,0.0,0.10237646840473383,2024,12,31,1,winter
14060,2025-09-03,Kartik Jha,South,Coimbatore,Clothing,Accessories,Accessories Repellat,1,53148,15,45175.8,4358.3,Credit Card,0.15,45175.799999999996,7.275957614183426e-12,0.09647421849751416,2025,9,3,2,Fall
14061,2025-06-19,Ishita Sarin,North,Jaipur,Home Decor,Vase,Vase Tempore,5,20333,15,86415.25,9457.65,Debit Card,0.15,86415.25,0.0,0.10944422425439954,2025,6,19,3,Summer
14062,2023-12-30,Aradhya Kapoor,East,Kolkata,Sports,Dumbbells,Dumbbells Eaque,2,65420,15,111214.0,23393.1,Cod,0.15,111214.0,0.0,0.2103431222687791,2023,12,30,5,winter
14063,2024-05-19,Reyansh Aurora,West,Surat,Home Decor,Wall Art,Wall Art In,1,45126,10,40613.4,9732.55,Debit Card,0.1,40613.4,0.0,0.2396388876577681,2024,5,19,6,Spring
14064,2024-07-22,Adah Gopal,West,Ahmedabad,Kitchen,Microwave,Microwave Cupiditate,3,59533,15,151809.15,10911.84,Credit Card,0.15,151809.15,0.0,0.07187867134490905,2024,7,22,0,Summer
14065,2024-04-02,Dharmajan Kakar,West,Pune,Kitchen,Refrigerator,Refrigerator Veritatis,1,16046,0,16046.0,826.03,Upi,0.0,16046.0,0.0,0.05147887323943662,2024,4,2,1,Spring
14066,2025-02-04,Piya Sanghvi,East,Guwahati,Toys,Puzzle,Puzzle Enim,3,61532,0,184596.0,32164.28,Credit Card,0.0,184596.0,0.0,0.17424147868859563,2025,2,4,1,winter
14067,2024-04-17,Saksham Srivastava,North,Chandigarh,Toys,Board Game,Board Game Quae,5,27936,15,118728.0,16896.36,Credit Card,0.15,118728.0,0.0,0.14231150192035577,2024,4,17,2,Spring
14068,2025-02-26,Mishti Sibal,West,Ahmedabad,Beauty,Shampoo,Shampoo Velit,1,71060,0,71060.0,4134.52,Net Banking,0.0,71060.0,0.0,0.0581835068955812,2025,2,26,2,winter
14069,2024-04-18,Ryan Sha,West,Ahmedabad,Sports,Cricket Bat,Cricket Bat Incidunt,5,39811,15,169196.75,13455.71,Debit Card,0.15,169196.75,0.0,0.07952700037087,2024,4,18,3,Spring
14070,2025-07-30,Anika Dugal,South,Hyderabad,Toys,Rc Car,RC Car Enim,1,41941,20,33552.8,6368.27,Cod,0.2,33552.8,0.0,0.1897984668939701,2025,7,30,2,Summer
14071,2024-08-05,Saksham Datta,East,Guwahati,Kitchen,Cookware Set,Cookware Set Dignissimos,5,51710,20,206840.0,23176.39,Credit Card,0.2,206840.0,0.0,0.11204984529104621,2024,8,5,0,Summer
14072,2023-10-05,Dhanuk Kamdar,South,Hyderabad,Toys,Rc Car,RC Car Distinctio,2,19867,20,31787.2,5819.03,Credit Card,0.2,31787.2,0.0,0.183062050133387,2023,10,5,3,Fall
14073,2024-11-06,Shray Gaba,East,Ranchi,Kitchen,Juicer,Juicer Veritatis,4,23656,5,89892.8,11149.28,Credit Card,0.05,89892.8,0.0,0.12402862075716854,2024,11,6,2,Fall
14074,2024-11-30,Chirag Kothari,East,Guwahati,Clothing,Accessories,Accessories Nihil,2,51737,10,93126.6,9278.05,Net Banking,0.1,93126.6,0.0,0.09962835537859215,2024,11,30,5,Fall
14075,2024-01-11,Jayesh Ratti,West,Goa,Groceries,Spices,Spices Officia,3,25115,5,71577.75,16041.49,Credit Card,0.05,71577.75,0.0,0.2241128004163305,2024,1,11,3,winter
14076,2023-12-11,Adah Rau,East,Bhubaneswar,Toys,Rc Car,RC Car Corrupti,3,32954,0,98862.0,7368.39,Upi,0.0,98862.0,0.0,0.0745320750136554,2023,12,11,0,winter
14077,2025-08-12,Amira Karnik,East,Patna,Beauty,Shampoo,Shampoo Ducimus,3,77262,10,208607.4,41335.12,Debit Card,0.1,208607.4,0.0,0.19814790846345817,2025,8,12,1,Summer
14078,2024-10-08,Pihu Balan,South,Hyderabad,Sports,Tennis Racket,Tennis Racket Dolorem,3,32059,5,91368.15,4891.35,Net Banking,0.05,91368.15,0.0,0.053534519414040894,2024,10,8,1,Fall
14079,2023-11-17,Saira Gala,East,Bhubaneswar,Clothing,Accessories,Accessories Nulla,5,72820,10,327690.0,25776.29,Credit Card,0.1,327690.0,0.0,0.07866059385394733,2023,11,17,4,Fall
14080,2024-09-27,Rasha Ram,West,Goa,Home Decor,Cushion,Cushion Voluptatibus,1,3009,0,3009.0,173.76,Cod,0.0,3009.0,0.0,0.05774675972083748,2024,9,27,4,Fall
14081,2025-03-07,Samiha Dugar,South,Thiruvananthapuram,Books,Non-Fiction,Non-Fiction Nemo,1,20833,0,20833.0,4424.95,Cod,0.0,20833.0,0.0,0.21240099841597465,2025,3,7,4,Spring
14082,2025-05-19,Lavanya Dubey,East,Patna,Kitchen,Mixer Grinder,Mixer Grinder Natus,5,15635,5,74266.25,8306.07,Cod,0.05,74266.25,0.0,0.1118417854678269,2025,5,19,0,Spring
14083,2025-03-17,Samar Dutta,South,Hyderabad,Toys,Rc Car,RC Car Corrupti,1,61389,10,55250.1,6417.11,Net Banking,0.1,55250.1,0.0,0.11614657711026767,2025,3,17,0,Spring
14084,2024-12-22,Heer Johal,North,Jaipur,Clothing,Women'S Wear,Women's Wear Deserunt,4,78422,20,250950.4,35255.58,Cod,0.2,250950.40000000002,2.9103830456733704e-11,0.1404882399071689,2024,12,22,6,winter
14085,2024-07-01,Gokul Karnik,East,Patna,Home Decor,Clock,Clock Distinctio,5,78937,10,355216.5,38822.67,Cod,0.1,355216.5,0.0,0.10929298047810279,2024,7,1,0,Summer
14086,2025-04-15,Lakshay Batra,North,Chandigarh,Books,Non-Fiction,Non-Fiction Aspernatur,1,73404,10,66063.6,7545.82,Net Banking,0.1,66063.6,0.0,0.11422053899575559,2025,4,15,1,Spring
14087,2024-01-14,Ira Lad,West,Goa,Toys,Puzzle,Puzzle Molestiae,2,52740,10,94932.0,23326.19,Credit Card,0.1,94932.0,0.0,0.24571472211688364,2024,1,14,6,winter
14088,2025-01-07,Ritvik Badal,East,Kolkata,Electronics,Smartwatch,Smartwatch Totam,2,66812,5,126942.8,23582.55,Credit Card,0.05,126942.79999999999,1.4551915228366852e-11,0.1857730410862215,2025,1,7,1,winter
14089,2024-05-25,Kismat Ramesh,East,Bhubaneswar,Electronics,Laptop,Laptop Accusantium,4,18171,5,69049.8,4878.8,Debit Card,0.05,69049.8,0.0,0.07065625099565821,2024,5,25,5,Spring
14090,2025-08-10,Rasha Ramesh,West,Mumbai,Books,Comics,Comics Inventore,4,10022,0,40088.0,7333.16,Debit Card,0.0,40088.0,0.0,0.18292656156455797,2025,8,10,6,Summer
14091,2023-10-06,Badal Lala,North,Amritsar,Beauty,Shampoo,Shampoo Minus,5,4668,10,21006.0,1257.33,Debit Card,0.1,21006.0,0.0,0.05985575549842902,2023,10,6,4,Fall
14092,2025-05-23,Uthkarsh Jani,North,Jaipur,Home Decor,Cushion,Cushion Neque,2,77715,5,147658.5,7475.99,Credit Card,0.05,147658.5,0.0,0.05063027187733859,2025,5,23,4,Spring
14093,2023-12-23,Azad Sanghvi,East,Ranchi,Books,Comics,Comics Similique,3,2739,20,6573.6,1124.32,Credit Card,0.2,6573.6,0.0,0.1710356577826457,2023,12,23,5,winter
14094,2024-07-13,Samarth Sura,East,Guwahati,Furniture,Sofa,Sofa Expedita,3,46207,5,131689.95,32483.99,Credit Card,0.05,131689.94999999998,2.9103830456733704e-11,0.24667022806220215,2024,7,13,5,Summer
14095,2025-04-13,Urvi Saraf,West,Goa,Furniture,Chair,Chair Labore,2,23121,0,46242.0,7892.02,Debit Card,0.0,46242.0,0.0,0.17066779118550238,2025,4,13,6,Spring
14096,2025-06-19,Shayak Sarna,East,Bhubaneswar,Groceries,Rice,Rice Dolorem,3,73666,15,187848.3,14178.9,Credit Card,0.15,187848.3,0.0,0.07548058726110378,2025,6,19,3,Summer
14097,2025-07-23,Suhana Mallick,West,Surat,Furniture,Sofa,Sofa Beatae,5,32839,0,164195.0,30693.0,Net Banking,0.0,164195.0,0.0,0.18693017448765187,2025,7,23,2,Summer
14098,2025-09-05,Mannat Chad,East,Guwahati,Groceries,Oil,Oil Iusto,5,20467,10,92101.5,5298.98,Net Banking,0.1,92101.5,0.0,0.057534133537455956,2025,9,5,4,Fall
14099,2024-09-01,Krish Sinha,South,Hyderabad,Toys,Rc Car,RC Car Assumenda,1,69771,20,55816.8,4734.21,Debit Card,0.2,55816.8,0.0,0.08481693683622135,2024,9,1,6,Fall
14100,2024-08-25,Trisha Goswami,West,Goa,Beauty,Face Cream,Face Cream Amet,1,279,5,265.05,23.25,Net Banking,0.05,265.05,0.0,0.08771929824561403,2024,8,25,6,Summer
14101,2024-11-08,Yasmin Badami,West,Goa,Furniture,Chair,Chair Ut,5,49580,5,235505.0,31150.74,Cod,0.05,235505.0,0.0,0.13227209613384006,2024,11,8,4,Fall
14102,2024-05-21,Vihaan Bhatti,North,Jaipur,Home Decor,Lamp,Lamp Numquam,2,22225,20,35560.0,2233.93,Net Banking,0.2,35560.0,0.0,0.06282142857142857,2024,5,21,1,Spring
14103,2025-03-19,Shlok Srinivas,West,Ahmedabad,Clothing,Shoes,Shoes Numquam,2,27110,20,43376.0,6948.92,Cod,0.2,43376.0,0.0,0.16020195499815568,2025,3,19,2,Spring
14104,2025-05-23,Ishita Comar,West,Ahmedabad,Books,Non-Fiction,Non-Fiction Laborum,3,69391,15,176947.05,31047.35,Net Banking,0.15,176947.05,0.0,0.17546124674019714,2025,5,23,4,Spring
14105,2024-12-03,Himmat Sandhu,North,Delhi,Sports,Dumbbells,Dumbbells Dolores,5,46020,20,184080.0,43927.31,Upi,0.2,184080.0,0.0,0.23863162755323772,2024,12,3,1,winter
14106,2025-08-19,Yuvraj  Varghese,South,Chennai,Toys,Board Game,Board Game Perspiciatis,3,36265,20,87036.0,17674.84,Debit Card,0.2,87036.0,0.0,0.20307504940484397,2025,8,19,1,Summer
14107,2025-05-02,Nayantara Kata,North,Delhi,Furniture,Bed,Bed Ab,1,53195,10,47875.5,3040.78,Cod,0.1,47875.5,0.0,0.06351432361019729,2025,5,2,4,Spring
14108,2025-05-27,Chirag Iyengar,South,Bangalore,Beauty,Face Cream,Face Cream Ad,5,63549,20,254196.0,13759.33,Credit Card,0.2,254196.0,0.0,0.054128821854002425,2025,5,27,1,Spring
14109,2024-03-29,Vardaniya Vora,West,Surat,Beauty,Lipstick,Lipstick Atque,1,59706,15,50750.1,5886.11,Net Banking,0.15,50750.1,0.0,0.11598223451776449,2024,3,29,4,Spring
14110,2025-06-30,Shaan Dhar,East,Kolkata,Groceries,Spices,Spices Doloremque,3,2210,5,6298.5,1099.96,Net Banking,0.05,6298.5,0.0,0.17463840596967534,2025,6,30,0,Summer
14111,2024-11-08,Eshani Ganguly,North,Jaipur,Books,Comics,Comics Quibusdam,3,725,15,1848.75,432.21,Debit Card,0.15,1848.75,0.0,0.23378498985801216,2024,11,8,4,Fall
14112,2024-04-15,Chirag Master,South,Chennai,Beauty,Shampoo,Shampoo Eaque,4,59559,10,214412.4,14568.74,Debit Card,0.1,214412.4,0.0,0.06794728289968305,2024,4,15,0,Spring
14113,2025-04-17,Riya Yohannan,West,Pune,Kitchen,Mixer Grinder,Mixer Grinder Minus,5,58401,20,233604.0,57790.84,Debit Card,0.2,233604.0,0.0,0.2473880584236571,2025,4,17,3,Spring
14114,2024-06-05,Mehul Sarraf,West,Mumbai,Furniture,Sofa,Sofa Facere,5,32673,10,147028.5,35636.96,Cod,0.1,147028.5,0.0,0.24238130702550864,2024,6,5,2,Summer
14115,2023-11-30,Pihu Das,East,Bhubaneswar,Home Decor,Cushion,Cushion Debitis,3,2073,20,4975.2,898.96,Cod,0.2,4975.200000000001,9.094947017729282e-13,0.1806882135391542,2023,11,30,3,Fall
14116,2025-07-11,Adira Dhingra,North,Amritsar,Furniture,Cabinet,Cabinet Aut,2,63417,0,126834.0,14328.53,Upi,0.0,126834.0,0.0,0.11297073339956164,2025,7,11,4,Summer
14117,2025-01-13,Mannat Ramakrishnan,North,Lucknow,Home Decor,Wall Art,Wall Art Vitae,2,23065,10,41517.0,9030.97,Net Banking,0.1,41517.0,0.0,0.21752462846544787,2025,1,13,0,winter
14118,2024-05-03,Nitya Bobal,North,Delhi,Home Decor,Cushion,Cushion Nam,3,53861,15,137345.55,19064.46,Upi,0.15,137345.55,0.0,0.13880653577782462,2024,5,3,4,Spring
14119,2024-07-19,Nakul Kade,North,Chandigarh,Furniture,Table,Table A,4,1061,5,4031.8,373.89,Upi,0.05,4031.7999999999997,4.547473508864641e-13,0.09273525472493674,2024,7,19,4,Summer
14120,2023-10-06,Purab Gole,North,Delhi,Home Decor,Clock,Clock Ducimus,4,65895,15,224043.0,55562.67,Credit Card,0.15,224043.0,0.0,0.24800002678057337,2023,10,6,4,Fall
14121,2023-11-21,Yakshit Dhingra,East,Bhubaneswar,Groceries,Spices,Spices Dicta,4,66959,5,254444.2,37018.36,Credit Card,0.05,254444.19999999998,2.9103830456733704e-11,0.145487144136121,2023,11,21,1,Fall
14122,2025-10-01,Aaryahi Lalla,West,Ahmedabad,Furniture,Table,Table Distinctio,3,30623,10,82682.1,10027.11,Credit Card,0.1,82682.1,0.0,0.12127304458885296,2025,10,1,2,Fall
14123,2025-08-07,Khushi Venkatesh,South,Bangalore,Clothing,Shoes,Shoes Velit,5,9465,5,44958.75,5743.24,Credit Card,0.05,44958.75,0.0,0.12774465482247616,2025,8,7,3,Summer
14124,2025-01-22,Samarth Dhillon,South,Chennai,Toys,Puzzle,Puzzle Expedita,3,27437,10,74079.9,9603.83,Net Banking,0.1,74079.90000000001,1.4551915228366852e-11,0.12964150869534113,2025,1,22,2,winter
14125,2024-09-08,Anaya Char,East,Patna,Home Decor,Cushion,Cushion Veniam,5,18377,20,73508.0,17559.15,Net Banking,0.2,73508.0,0.0,0.23887400010883172,2024,9,8,6,Fall
14126,2024-06-12,Suhana Tank,West,Mumbai,Toys,Board Game,Board Game Quia,5,1056,5,5016.0,609.86,Debit Card,0.05,5016.0,0.0,0.1215829346092504,2024,6,12,2,Summer
14127,2024-10-24,Indranil Bhardwaj,West,Pune,Kitchen,Microwave,Microwave Debitis,1,71294,20,57035.2,5297.46,Upi,0.2,57035.200000000004,7.275957614183426e-12,0.0928805369315791,2024,10,24,3,Fall
14128,2023-12-28,Nehmat Bahri,South,Bangalore,Sports,Football,Football Exercitationem,5,17924,15,76177.0,9593.59,Upi,0.15,76177.0,0.0,0.12593814405923048,2023,12,28,3,winter
14129,2024-09-28,Shlok Kamdar,North,Jaipur,Clothing,Women'S Wear,Women's Wear Fugiat,1,46429,0,46429.0,8711.49,Debit Card,0.0,46429.0,0.0,0.18763036033513536,2024,9,28,5,Fall
14130,2024-04-12,Arnav Agate,South,Thiruvananthapuram,Beauty,Foundation,Foundation Facilis,1,29993,10,26993.7,3260.77,Net Banking,0.1,26993.7,0.0,0.12079744532983622,2024,4,12,4,Spring
14131,2025-03-30,Uthkarsh Chad,South,Chennai,Furniture,Table,Table Atque,3,21040,5,59964.0,10277.19,Cod,0.05,59964.0,0.0,0.1713893336001601,2025,3,30,6,Spring
14132,2024-12-22,Shayak Mahajan,East,Guwahati,Home Decor,Wall Art,Wall Art Vero,1,51713,0,51713.0,6255.25,Debit Card,0.0,51713.0,0.0,0.12096088024287896,2024,12,22,6,winter
14133,2024-04-30,Lavanya Loke,East,Bhubaneswar,Home Decor,Lamp,Lamp Ratione,2,4787,20,7659.2,1716.56,Net Banking,0.2,7659.200000000001,9.094947017729282e-13,0.22411740129517443,2024,4,30,1,Spring
14134,2025-08-23,Aarush Wadhwa,West,Surat,Books,Textbook,Textbook Omnis,4,37107,0,148428.0,30281.57,Debit Card,0.0,148428.0,0.0,0.2040152127630905,2025,8,23,5,Summer
14135,2025-02-20,Divyansh Sarna,South,Thiruvananthapuram,Furniture,Cabinet,Cabinet Repellendus,5,32581,20,130324.0,18179.85,Credit Card,0.2,130324.0,0.0,0.13949732973205242,2025,2,20,3,winter
14136,2023-10-30,Lagan Kaul,North,Amritsar,Beauty,Lipstick,Lipstick Tempora,5,36765,5,174633.75,39512.52,Credit Card,0.05,174633.75,0.0,0.22625935708303804,2023,10,30,0,Fall
14137,2024-10-12,Baiju Ben,North,Amritsar,Beauty,Shampoo,Shampoo Earum,5,33468,0,167340.0,21070.91,Cod,0.0,167340.0,0.0,0.1259167563045297,2024,10,12,5,Fall
14138,2025-05-23,Baiju Sane,South,Bangalore,Toys,Action Figure,Action Figure Dolorum,2,59500,5,113050.0,11858.74,Cod,0.05,113050.0,0.0,0.10489818664307828,2025,5,23,4,Spring
14139,2025-09-23,Rohan Vaidya,East,Bhubaneswar,Clothing,Women'S Wear,Women's Wear Architecto,3,49280,0,147840.0,7523.52,Credit Card,0.0,147840.0,0.0,0.050889610389610394,2025,9,23,1,Fall
14140,2024-07-29,Arhaan Char,North,Delhi,Electronics,Smartwatch,Smartwatch Veritatis,4,65337,15,222145.8,42293.92,Net Banking,0.15,222145.8,0.0,0.19038811447256712,2024,7,29,0,Summer
14141,2025-09-01,Jiya Chanda,North,Chandigarh,Toys,Board Game,Board Game Earum,5,62065,20,248260.0,29959.35,Net Banking,0.2,248260.0,0.0,0.120677314106179,2025,9,1,0,Fall
14142,2024-08-19,Samiha Mandal,West,Surat,Toys,Rc Car,RC Car Qui,1,17378,5,16509.1,3057.67,Credit Card,0.05,16509.1,0.0,0.18521118655771668,2024,8,19,0,Summer
14143,2025-05-06,Keya Rout,South,Thiruvananthapuram,Books,Non-Fiction,Non-Fiction Sit,5,13798,0,68990.0,10149.23,Net Banking,0.0,68990.0,0.0,0.1471116103783157,2025,5,6,1,Spring
14144,2025-05-23,Samar Wason,South,Chennai,Home Decor,Cushion,Cushion Ipsum,3,52248,20,125395.2,13850.13,Upi,0.2,125395.20000000001,1.4551915228366852e-11,0.11045183547695606,2025,5,23,4,Spring
14145,2024-06-15,Nayantara Kohli,South,Chennai,Home Decor,Vase,Vase Nulla,3,51589,15,131551.95,32663.29,Net Banking,0.15,131551.94999999998,2.9103830456733704e-11,0.24829194854200184,2024,6,15,5,Summer
14146,2025-09-21,Bhavin Sastry,West,Ahmedabad,Furniture,Chair,Chair Sunt,1,59127,10,53214.3,9499.89,Cod,0.1,53214.3,0.0,0.1785213748935906,2025,9,21,6,Fall
14147,2023-11-30,Dhanuk Gola,West,Goa,Sports,Yoga Mat,Yoga Mat Fugit,4,34771,15,118221.4,26006.19,Debit Card,0.15,118221.4,0.0,0.21997870097968727,2023,11,30,3,Fall
14148,2025-03-01,Vritika Tandon,South,Thiruvananthapuram,Kitchen,Refrigerator,Refrigerator Maiores,1,35166,5,33407.7,8346.55,Upi,0.05,33407.7,0.0,0.24983910894793715,2025,3,1,5,Spring
14149,2024-10-23,Shray Chakrabarti,North,Chandigarh,Beauty,Face Cream,Face Cream Impedit,3,24213,5,69007.05,10987.17,Net Banking,0.05,69007.05,0.0,0.15921807989183714,2024,10,23,2,Fall
14150,2024-08-21,Samiha Gupta,South,Hyderabad,Furniture,Table,Table Perferendis,5,52049,10,234220.5,37646.21,Net Banking,0.1,234220.5,0.0,0.1607297824058953,2024,8,21,2,Summer
14151,2024-06-16,Jhanvi Sami,South,Chennai,Kitchen,Mixer Grinder,Mixer Grinder Necessitatibus,4,49743,10,179074.8,22259.66,Credit Card,0.1,179074.80000000002,2.9103830456733704e-11,0.1243036987895561,2024,6,16,6,Summer
14152,2024-09-17,Dishani Lad,East,Patna,Toys,Action Figure,Action Figure Non,2,1563,20,2500.8,417.87,Upi,0.2,2500.8,0.0,0.16709452975047984,2024,9,17,1,Fall
14153,2025-05-24,Lakshay Thaman,East,Patna,Furniture,Sofa,Sofa Aperiam,1,35614,5,33833.3,8035.97,Net Banking,0.05,33833.299999999996,7.275957614183426e-12,0.23751658868629427,2025,5,24,5,Spring
14154,2024-03-26,Anika Bumb,South,Chennai,Groceries,Sugar,Sugar Vero,3,33589,5,95728.65,13023.19,Cod,0.05,95728.65,0.0,0.13604276253765202,2024,3,26,1,Spring
14155,2024-08-06,Kiara Balay,East,Patna,Furniture,Sofa,Sofa Nemo,5,12156,10,54702.0,3633.06,Upi,0.1,54702.0,0.0,0.0664154875507294,2024,8,6,1,Summer
14156,2024-12-15,Anya Ranganathan,West,Surat,Beauty,Lipstick,Lipstick Quis,4,10094,15,34319.6,3825.12,Cod,0.15,34319.6,0.0,0.11145584447371182,2024,12,15,6,winter
14157,2025-06-18,Amira Dar,East,Guwahati,Home Decor,Lamp,Lamp Aperiam,5,8962,0,44810.0,3098.29,Upi,0.0,44810.0,0.0,0.06914282526221825,2025,6,18,2,Summer
14158,2024-08-28,Aaina Shenoy,North,Jaipur,Sports,Dumbbells,Dumbbells Commodi,4,67533,15,229612.2,56186.79,Debit Card,0.15,229612.19999999998,2.9103830456733704e-11,0.24470298181019998,2024,8,28,2,Summer
14159,2023-12-25,Elakshi Din,South,Bangalore,Electronics,Smartwatch,Smartwatch Error,2,74898,5,142306.2,10168.18,Debit Card,0.05,142306.19999999998,2.9103830456733704e-11,0.07145282496475909,2023,12,25,0,winter
14160,2025-06-09,Ivan Varkey,East,Guwahati,Toys,Doll,Doll Assumenda,2,15165,20,24264.0,5938.85,Cod,0.2,24264.0,0.0,0.24475972634355425,2025,6,9,0,Summer
14161,2024-01-05,Reyansh Agrawal,South,Thiruvananthapuram,Furniture,Table,Table Nihil,2,38880,5,73872.0,13951.29,Upi,0.05,73872.0,0.0,0.18885761858349578,2024,1,5,4,winter
14162,2024-04-14,Aniruddh Batra,North,Chandigarh,Electronics,Camera,Camera Maxime,5,26461,15,112459.25,17768.0,Cod,0.15,112459.25,0.0,0.15799500708034245,2024,4,14,6,Spring
14163,2025-08-05,Advik Ganesan,North,Jaipur,Groceries,Spices,Spices Minus,1,24904,5,23658.8,2127.44,Debit Card,0.05,23658.8,0.0,0.08992172045919489,2025,8,5,1,Summer
14164,2024-05-01,Raghav Bhat,North,Jaipur,Books,Comics,Comics Doloribus,4,12589,20,40284.8,4654.18,Debit Card,0.2,40284.8,0.0,0.11553191278099928,2024,5,1,2,Spring
14165,2024-11-17,Samaira Hegde,North,Jaipur,Sports,Tennis Racket,Tennis Racket Doloremque,2,29344,0,58688.0,4597.42,Net Banking,0.0,58688.0,0.0,0.07833662758996729,2024,11,17,6,Fall
14166,2024-01-21,Ehsaan Date,North,Lucknow,Beauty,Perfume,Perfume Dignissimos,1,9083,15,7720.55,1853.99,Debit Card,0.15,7720.55,0.0,0.24013703686913496,2024,1,21,6,winter
14167,2023-12-08,Kismat Batra,North,Jaipur,Clothing,Shoes,Shoes Magnam,1,79625,0,79625.0,4506.9,Net Banking,0.0,79625.0,0.0,0.05660156985871271,2023,12,8,4,winter
14168,2024-07-09,Charvi Dua,West,Pune,Sports,Yoga Mat,Yoga Mat Dolorum,5,15766,20,63064.0,11775.01,Cod,0.2,63064.0,0.0,0.18671524165926678,2024,7,9,1,Summer
14169,2025-08-26,Hridaan Raj,West,Goa,Clothing,Women'S Wear,Women's Wear Sapiente,1,29337,20,23469.6,5250.97,Cod,0.2,23469.600000000002,3.637978807091713e-12,0.22373495926645534,2025,8,26,1,Summer
14170,2024-05-07,Zoya Ranganathan,East,Ranchi,Sports,Tennis Racket,Tennis Racket Sit,1,72627,10,65364.3,11782.64,Upi,0.1,65364.3,0.0,0.18026109053412948,2024,5,7,1,Spring
14171,2025-08-31,Nayantara Chatterjee,South,Thiruvananthapuram,Kitchen,Microwave,Microwave Officiis,4,21963,10,79066.8,5245.91,Credit Card,0.1,79066.8,0.0,0.06634782234768576,2025,8,31,6,Summer
14172,2024-05-25,Jayesh Sachdeva,South,Hyderabad,Sports,Tennis Racket,Tennis Racket Consequuntur,2,64873,0,129746.0,22510.46,Cod,0.0,129746.0,0.0,0.17349636983028377,2024,5,25,5,Spring
14173,2025-06-13,Navya Sur,North,Chandigarh,Home Decor,Clock,Clock Doloribus,5,9075,10,40837.5,3607.38,Credit Card,0.1,40837.5,0.0,0.08833498622589532,2025,6,13,4,Summer
14174,2025-08-25,Jayan Chatterjee,West,Pune,Books,Biography,Biography At,3,15699,5,44742.15,3936.49,Debit Card,0.05,44742.15,0.0,0.08798169064293959,2025,8,25,0,Summer
14175,2025-03-11,Zain Dalal,East,Guwahati,Beauty,Perfume,Perfume Earum,5,2063,10,9283.5,2311.55,Credit Card,0.1,9283.5,0.0,0.24899552970323693,2025,3,11,1,Spring
14176,2024-09-22,Saira Contractor,North,Delhi,Toys,Action Figure,Action Figure Rerum,5,12698,0,63490.0,12308.33,Credit Card,0.0,63490.0,0.0,0.19386249803118602,2024,9,22,6,Fall
14177,2025-06-24,Vihaan Dash,North,Delhi,Kitchen,Refrigerator,Refrigerator Fugit,2,43826,5,83269.4,7827.1,Upi,0.05,83269.4,0.0,0.09399731473986844,2025,6,24,1,Summer
14178,2024-06-02,Aaina Deshmukh,East,Kolkata,Home Decor,Vase,Vase Necessitatibus,2,12439,15,21146.3,4550.13,Credit Card,0.15,21146.3,0.0,0.2151738129128973,2024,6,2,6,Summer
14179,2025-04-30,Nirvi Sarma,South,Bangalore,Groceries,Wheat,Wheat Doloribus,4,64044,15,217749.6,49611.07,Upi,0.15,217749.6,0.0,0.2278354127860625,2025,4,30,2,Spring
14180,2025-05-27,Raghav Krish,East,Patna,Sports,Dumbbells,Dumbbells Omnis,4,23926,20,76563.2,4002.06,Cod,0.2,76563.2,0.0,0.052271326172364796,2025,5,27,1,Spring
14181,2025-06-13,Vivaan Gaba,South,Bangalore,Furniture,Sofa,Sofa Aliquam,4,70320,20,225024.0,16711.2,Upi,0.2,225024.0,0.0,0.07426407849829351,2025,6,13,4,Summer
14182,2025-06-21,Reyansh Chakraborty,South,Bangalore,Furniture,Bed,Bed Tempore,1,74023,15,62919.55,8388.14,Net Banking,0.15,62919.549999999996,7.275957614183426e-12,0.13331532091377002,2025,6,21,5,Summer
14183,2025-05-11,Mohanlal Bhatia,West,Surat,Furniture,Chair,Chair Odit,4,48409,15,164590.6,8634.14,Upi,0.15,164590.6,0.0,0.052458281335629124,2025,5,11,6,Spring
14184,2024-05-28,Yakshit Gola,South,Bangalore,Toys,Rc Car,RC Car Iure,2,230,10,414.0,97.91,Upi,0.1,414.0,0.0,0.2364975845410628,2024,5,28,1,Spring
14185,2024-06-08,Kashvi Thakkar,East,Bhubaneswar,Furniture,Cabinet,Cabinet Nemo,5,31332,10,140994.0,11582.73,Upi,0.1,140994.0,0.0,0.08215051704327843,2024,6,8,5,Summer
14186,2023-12-19,Pari Varghese,South,Chennai,Kitchen,Microwave,Microwave Fugiat,4,21976,20,70323.2,7712.54,Debit Card,0.2,70323.2,0.0,0.10967276801965781,2023,12,19,1,winter
14187,2025-06-23,Rania Wali,North,Lucknow,Kitchen,Refrigerator,Refrigerator Voluptates,4,36482,20,116742.4,23264.65,Debit Card,0.2,116742.40000000001,1.4551915228366852e-11,0.19928192327723263,2025,6,23,0,Summer
14188,2025-02-01,Badal Raju,South,Hyderabad,Clothing,Shoes,Shoes Repellendus,4,31211,10,112359.6,7794.38,Upi,0.1,112359.6,0.0,0.06936995147722134,2025,2,1,5,winter
14189,2025-09-01,Navya Mann,North,Chandigarh,Clothing,Shoes,Shoes Incidunt,4,61371,20,196387.2,43158.03,Net Banking,0.2,196387.2,0.0,0.21975989270176466,2025,9,1,0,Fall
14190,2024-11-06,Dhanush Edwin,East,Guwahati,Sports,Tennis Racket,Tennis Racket Mollitia,3,72788,10,196527.6,11011.84,Upi,0.1,196527.6,0.0,0.056032028071375216,2024,11,6,2,Fall
14191,2024-08-28,Elakshi Kashyap,South,Hyderabad,Sports,Football,Football Dolore,2,12211,10,21979.8,2177.63,Credit Card,0.1,21979.8,0.0,0.099074149901273,2024,8,28,2,Summer
14192,2025-03-20,Bhavin Sarraf,North,Jaipur,Groceries,Spices,Spices Libero,1,53546,5,50868.7,9767.24,Debit Card,0.05,50868.7,0.0,0.19200883844092734,2025,3,20,3,Spring
14193,2024-08-10,Madhup Mannan,South,Coimbatore,Home Decor,Lamp,Lamp Repellat,5,3817,20,15268.0,3502.37,Cod,0.2,15268.0,0.0,0.22939284778621954,2024,8,10,5,Summer
14194,2025-06-14,Trisha Dugal,West,Mumbai,Beauty,Lipstick,Lipstick Beatae,2,10710,0,21420.0,2771.97,Cod,0.0,21420.0,0.0,0.12941036414565826,2025,6,14,5,Summer
14195,2025-07-17,Dishani Sama,East,Patna,Groceries,Spices,Spices Odit,2,37310,10,67158.0,15052.38,Credit Card,0.1,67158.0,0.0,0.22413383364602876,2025,7,17,3,Summer
14196,2023-11-22,Lagan Korpal,South,Thiruvananthapuram,Toys,Board Game,Board Game Quis,1,28382,20,22705.6,1707.73,Debit Card,0.2,22705.600000000002,3.637978807091713e-12,0.07521184201254316,2023,11,22,2,Fall
14197,2024-07-11,Tanya Master,South,Chennai,Home Decor,Lamp,Lamp Reprehenderit,1,4180,0,4180.0,947.44,Net Banking,0.0,4180.0,0.0,0.22666028708133973,2024,7,11,3,Summer
14198,2025-08-09,Stuvan Kant,South,Bangalore,Sports,Dumbbells,Dumbbells Est,4,13266,10,47757.6,5779.82,Net Banking,0.1,47757.6,0.0,0.12102408831264552,2025,8,9,5,Summer
14199,2025-01-31,Ehsaan Dass,East,Patna,Furniture,Table,Table Itaque,4,1192,10,4291.2,684.39,Upi,0.1,4291.2,0.0,0.15948685682326622,2025,1,31,4,winter
14200,2024-08-03,Neysa Sachdeva,West,Goa,Kitchen,Microwave,Microwave Corrupti,2,22884,15,38902.8,4447.38,Debit Card,0.15,38902.799999999996,7.275957614183426e-12,0.11432030599339893,2024,8,3,5,Summer
14201,2025-08-14,Reyansh Goel,West,Pune,Sports,Football,Football Sunt,4,2979,0,11916.0,2161.18,Debit Card,0.0,11916.0,0.0,0.18136790869419267,2025,8,14,3,Summer
14202,2024-03-27,Kashvi Garde,South,Coimbatore,Home Decor,Lamp,Lamp Accusantium,4,50408,20,161305.6,25932.37,Credit Card,0.2,161305.6,0.0,0.16076546629503252,2024,3,27,2,Spring
14203,2025-09-22,Lakshit Shah,South,Chennai,Furniture,Cabinet,Cabinet Aspernatur,3,61023,15,155608.65,19574.3,Cod,0.15,155608.65,0.0,0.12579185026025225,2025,9,22,0,Fall
14204,2024-10-27,Keya D鈥橝Lia,West,Goa,Books,Non-Fiction,Non-Fiction Hic,3,10491,20,25178.4,1861.94,Credit Card,0.2,25178.4,0.0,0.07394989355955899,2024,10,27,6,Fall
14205,2023-11-12,Amani Chatterjee,East,Ranchi,Beauty,Lipstick,Lipstick Recusandae,5,24144,10,108648.0,18929.37,Debit Card,0.1,108648.0,0.0,0.17422658493483542,2023,11,12,6,Fall
14206,2024-03-25,Prisha Bassi,West,Mumbai,Furniture,Bed,Bed Magnam,4,21184,0,84736.0,17468.09,Cod,0.0,84736.0,0.0,0.20614721015861026,2024,3,25,0,Spring
14207,2024-01-04,Darshit Chaudhry,East,Guwahati,Home Decor,Cushion,Cushion Cumque,3,73674,5,209970.9,14653.34,Credit Card,0.05,209970.9,0.0,0.06978748007461986,2024,1,4,3,winter
14208,2024-12-04,Faiyaz Thaman,East,Kolkata,Home Decor,Cushion,Cushion Temporibus,1,56656,10,50990.4,9654.26,Upi,0.1,50990.4,0.0,0.18933485518842763,2024,12,4,2,winter
14209,2024-08-19,Vedika Mani,West,Goa,Sports,Football,Football Recusandae,2,20315,20,32504.0,6391.65,Credit Card,0.2,32504.0,0.0,0.1966419517597834,2024,8,19,0,Summer
14210,2024-06-18,Amani Hegde,South,Chennai,Furniture,Bed,Bed Inventore,5,20550,10,92475.0,18052.96,Debit Card,0.1,92475.0,0.0,0.1952198972695323,2024,6,18,1,Summer
14211,2024-02-15,Miraan Gupta,East,Guwahati,Clothing,Shoes,Shoes Quae,5,52761,10,237424.5,52747.02,Debit Card,0.1,237424.5,0.0,0.22216334034608895,2024,2,15,3,winter
14212,2024-06-14,Tiya Hans,West,Goa,Furniture,Chair,Chair Voluptate,4,74329,5,282450.2,39218.71,Upi,0.05,282450.2,0.0,0.13885176926764434,2024,6,14,4,Summer
14213,2025-02-09,Neelofar Maharaj,East,Guwahati,Groceries,Wheat,Wheat Laudantium,1,4288,15,3644.8,488.94,Debit Card,0.15,3644.7999999999997,4.547473508864641e-13,0.13414727831431078,2025,2,9,6,winter
14214,2025-09-20,Shayak Mani,East,Guwahati,Clothing,Kids Wear,Kids Wear Doloremque,5,38267,15,162634.75,33370.7,Debit Card,0.15,162634.75,0.0,0.20518800563840137,2025,9,20,5,Fall
14215,2025-05-29,Tejas Saran,East,Bhubaneswar,Groceries,Oil,Oil Accusantium,1,74519,15,63341.15,11503.83,Upi,0.15,63341.15,0.0,0.18161700569061345,2025,5,29,3,Spring
14216,2024-12-19,Samiha Aurora,South,Bangalore,Electronics,Smartwatch,Smartwatch Iste,2,12655,5,24044.5,3044.58,Upi,0.05,24044.5,0.0,0.12662272037264238,2024,12,19,3,winter
14217,2025-06-28,Jayant Varty,South,Hyderabad,Furniture,Table,Table Magni,4,71098,5,270172.4,55080.3,Net Banking,0.05,270172.39999999997,5.820766091346741e-11,0.20387093574325135,2025,6,28,5,Summer
14218,2024-08-21,Samarth Wali,North,Lucknow,Electronics,Smartwatch,Smartwatch Sapiente,2,16477,0,32954.0,5042.66,Cod,0.0,32954.0,0.0,0.1530211810402379,2024,8,21,2,Summer
14219,2023-11-05,Vaibhav Buch,East,Kolkata,Beauty,Perfume,Perfume Optio,1,25646,20,20516.8,4653.55,Cod,0.2,20516.800000000003,3.637978807091713e-12,0.22681656008734308,2023,11,5,6,Fall
14220,2025-06-18,Piya Mallick,South,Thiruvananthapuram,Home Decor,Wall Art,Wall Art Nobis,1,73009,0,73009.0,12225.83,Upi,0.0,73009.0,0.0,0.16745647796846963,2025,6,18,2,Summer
14221,2024-10-18,Anay Ramachandran,North,Amritsar,Beauty,Face Cream,Face Cream Mollitia,1,10072,5,9568.4,1572.71,Upi,0.05,9568.4,0.0,0.16436499310229508,2024,10,18,4,Fall
14222,2023-10-16,Dhruv Sodhi,West,Ahmedabad,Home Decor,Cushion,Cushion Nemo,3,37533,10,101339.1,22912.15,Net Banking,0.1,101339.1,0.0,0.22609387689450566,2023,10,16,0,Fall
14223,2024-06-15,Oorja Virk,West,Mumbai,Kitchen,Refrigerator,Refrigerator A,4,76139,10,274100.4,39517.42,Cod,0.1,274100.4,0.0,0.1441713328400834,2024,6,15,5,Summer
14224,2024-02-27,Kiaan Ben,West,Ahmedabad,Beauty,Face Cream,Face Cream Facere,2,9823,0,19646.0,1444.45,Upi,0.0,19646.0,0.0,0.07352387254402933,2024,2,27,1,winter
14225,2025-05-02,Aniruddh Mander,North,Amritsar,Books,Biography,Biography Temporibus,1,70399,5,66879.05,15026.25,Cod,0.05,66879.05,0.0,0.2246779821184661,2025,5,2,4,Spring
14226,2025-03-05,Inaaya  Garg,South,Chennai,Books,Textbook,Textbook Iusto,5,68461,20,273844.0,47657.53,Upi,0.2,273844.0,0.0,0.17403167496823008,2025,3,5,2,Spring
14227,2023-12-01,Misha Suri,East,Bhubaneswar,Groceries,Spices,Spices Nostrum,4,4994,10,17978.4,2589.61,Net Banking,0.1,17978.4,0.0,0.14404007030659013,2023,12,1,4,winter
14228,2023-11-08,Divit Deep,West,Goa,Sports,Dumbbells,Dumbbells Itaque,2,78935,20,126296.0,14274.55,Net Banking,0.2,126296.0,0.0,0.1130245613479445,2023,11,8,2,Fall
14229,2024-08-02,Kanav Vohra,West,Pune,Clothing,Kids Wear,Kids Wear Error,5,59010,5,280297.5,33128.62,Credit Card,0.05,280297.5,0.0,0.11819092214522071,2024,8,2,4,Summer
14230,2025-08-28,Damini Rajagopal,South,Hyderabad,Toys,Rc Car,RC Car Ad,3,28330,20,67992.0,7624.82,Net Banking,0.2,67992.0,0.0,0.1121428991646076,2025,8,28,3,Summer
14231,2024-09-13,Sana Shenoy,West,Ahmedabad,Home Decor,Lamp,Lamp Veritatis,5,63067,0,315335.0,16130.55,Net Banking,0.0,315335.0,0.0,0.05115369369083673,2024,9,13,4,Fall
14232,2024-08-31,Bhamini Tata,South,Chennai,Home Decor,Clock,Clock Assumenda,1,73694,5,70009.3,13909.36,Net Banking,0.05,70009.3,0.0,0.19867874696647445,2024,8,31,5,Summer
14233,2024-05-06,Shlok Gandhi,South,Chennai,Kitchen,Microwave,Microwave Et,2,20624,5,39185.6,4905.32,Credit Card,0.05,39185.6,0.0,0.1251816993997795,2024,5,6,0,Spring
14234,2025-03-21,Darshit Kurian,East,Ranchi,Books,Comics,Comics Culpa,2,29523,15,50189.1,4620.27,Cod,0.15,50189.1,0.0,0.09205723952013486,2025,3,21,4,Spring
14235,2025-07-14,Baiju Kapoor,East,Kolkata,Electronics,Laptop,Laptop Molestiae,4,14833,5,56365.4,7038.95,Cod,0.05,56365.399999999994,7.275957614183426e-12,0.12488068921714385,2025,7,14,0,Summer
14236,2024-09-17,Shayak Rana,East,Patna,Groceries,Sugar,Sugar Iure,5,47334,0,236670.0,13160.48,Net Banking,0.0,236670.0,0.0,0.05560687877635526,2024,9,17,1,Fall
14237,2024-02-21,Darshit Gupta,South,Thiruvananthapuram,Toys,Action Figure,Action Figure Iure,2,8882,20,14211.2,2222.83,Upi,0.2,14211.2,0.0,0.15641395519027246,2024,2,21,2,winter
14238,2023-10-09,Jivika Malhotra,East,Ranchi,Kitchen,Mixer Grinder,Mixer Grinder Illum,4,60473,20,193513.6,19016.84,Net Banking,0.2,193513.6,0.0,0.098271335968118,2023,10,9,0,Fall
14239,2024-10-25,Indranil Kalla,North,Delhi,Furniture,Cabinet,Cabinet Earum,5,64907,20,259628.0,28981.01,Debit Card,0.2,259628.0,0.0,0.11162513288243178,2024,10,25,4,Fall
14240,2025-05-02,Seher Shroff,East,Ranchi,Clothing,Kids Wear,Kids Wear Quas,3,47018,10,126948.6,27640.87,Cod,0.1,126948.6,0.0,0.2177327674350091,2025,5,2,4,Spring
14241,2025-02-28,Faiyaz Ravel,North,Delhi,Clothing,Accessories,Accessories Reprehenderit,5,10645,5,50563.75,3476.27,Net Banking,0.05,50563.75,0.0,0.06875024103236015,2025,2,28,4,winter
14242,2023-11-15,Purab Dada,North,Lucknow,Groceries,Wheat,Wheat Doloribus,2,3538,10,6368.4,1308.71,Debit Card,0.1,6368.400000000001,9.094947017729282e-13,0.20550059669618745,2023,11,15,2,Fall
14243,2024-02-25,Dhanuk D鈥橝Lia,North,Lucknow,Toys,Doll,Doll Assumenda,1,30214,5,28703.3,3668.91,Cod,0.05,28703.3,0.0,0.12782188807558711,2024,2,25,6,winter
14244,2025-03-24,Badal Tank,North,Amritsar,Furniture,Cabinet,Cabinet Hic,5,28829,5,136937.75,8604.56,Upi,0.05,136937.75,0.0,0.06283555849281881,2025,3,24,0,Spring
14245,2025-06-05,Zara Hegde,West,Mumbai,Toys,Rc Car,RC Car Quaerat,2,29462,20,47139.2,5968.35,Credit Card,0.2,47139.200000000004,7.275957614183426e-12,0.12661118559500376,2025,6,5,3,Summer
14246,2024-08-23,Alia Wable,West,Goa,Kitchen,Juicer,Juicer Repellat,3,10640,0,31920.0,7782.24,Debit Card,0.0,31920.0,0.0,0.24380451127819547,2024,8,23,4,Summer
14247,2024-04-05,Yakshit Biswas,North,Jaipur,Books,Non-Fiction,Non-Fiction Numquam,3,21351,15,54445.05,3384.36,Credit Card,0.15,54445.049999999996,7.275957614183426e-12,0.06216102290290853,2024,4,5,4,Spring
14248,2025-03-01,Anika Reddy,South,Bangalore,Toys,Action Figure,Action Figure Inventore,4,26258,10,94528.8,18224.39,Upi,0.1,94528.8,0.0,0.1927919321942096,2025,3,1,5,Spring
14249,2025-02-20,Armaan Shanker,East,Ranchi,Home Decor,Cushion,Cushion Cumque,4,63506,5,241322.8,30832.92,Debit Card,0.05,241322.8,0.0,0.12776629477198176,2025,2,20,3,winter
14250,2023-12-14,Gokul Dixit,West,Pune,Clothing,Kids Wear,Kids Wear Ducimus,2,51286,20,82057.6,15125.22,Cod,0.2,82057.6,0.0,0.18432442576921576,2023,12,14,3,winter
14251,2024-01-21,Ryan Bedi,West,Mumbai,Beauty,Lipstick,Lipstick Voluptates,1,7746,15,6584.1,508.44,Credit Card,0.15,6584.099999999999,9.094947017729282e-13,0.07722239941677678,2024,1,21,6,winter
14252,2024-09-27,Inaaya  Mani,West,Goa,Clothing,Men'S Wear,Men's Wear Repudiandae,5,61650,5,292837.5,19061.01,Upi,0.05,292837.5,0.0,0.06509074145217057,2024,9,27,4,Fall
14253,2024-01-04,Piya Ganesan,South,Coimbatore,Electronics,Laptop,Laptop Consectetur,3,5806,5,16547.1,1376.82,Net Banking,0.05,16547.1,0.0,0.08320612070997335,2024,1,4,3,winter
14254,2024-02-19,Romil Saxena,West,Surat,Sports,Cricket Bat,Cricket Bat Sit,1,22765,0,22765.0,3158.12,Debit Card,0.0,22765.0,0.0,0.13872699319130244,2024,2,19,0,winter
14255,2025-04-02,Chirag Taneja,East,Ranchi,Sports,Football,Football Ullam,4,76904,20,246092.8,35906.45,Cod,0.2,246092.80000000002,2.9103830456733704e-11,0.1459061378471861,2025,4,2,2,Spring
14256,2024-12-13,Seher Brar,West,Surat,Toys,Doll,Doll Ex,5,54945,0,274725.0,67363.85,Cod,0.0,274725.0,0.0,0.24520465920465923,2024,12,13,4,winter
14257,2024-06-03,Inaaya  Seth,West,Surat,Clothing,Shoes,Shoes Distinctio,4,45978,15,156325.2,21389.39,Cod,0.15,156325.19999999998,2.9103830456733704e-11,0.13682624426516005,2024,6,3,0,Summer
14258,2025-09-15,Ryan Yohannan,South,Hyderabad,Electronics,Mobile,Mobile Itaque,3,62376,20,149702.4,15843.36,Upi,0.2,149702.4,0.0,0.10583237142490702,2025,9,15,0,Fall
14259,2024-06-04,Purab Raju,West,Surat,Sports,Tennis Racket,Tennis Racket Cum,2,38895,0,77790.0,16916.87,Net Banking,0.0,77790.0,0.0,0.21746844067360843,2024,6,4,1,Summer
14260,2024-11-24,Lavanya Chandran,East,Guwahati,Clothing,Men'S Wear,Men's Wear Consequatur,2,46794,15,79549.8,19602.32,Credit Card,0.15,79549.8,0.0,0.24641570437637805,2024,11,24,6,Fall
14261,2024-08-24,Madhav Sahni,North,Chandigarh,Furniture,Sofa,Sofa Maiores,2,68892,10,124005.6,22523.65,Cod,0.1,124005.6,0.0,0.18163413587773455,2024,8,24,5,Summer
14262,2024-10-13,Anvi Madan,West,Mumbai,Beauty,Face Cream,Face Cream Repellat,2,10779,10,19402.2,4298.75,Credit Card,0.1,19402.2,0.0,0.22155992619393677,2024,10,13,6,Fall
14263,2025-05-14,Mohanlal Bath,North,Delhi,Books,Biography,Biography Iusto,2,70763,15,120297.1,28266.87,Cod,0.15,120297.09999999999,1.4551915228366852e-11,0.23497548984971373,2025,5,14,2,Spring
14264,2024-02-07,Madhup Kunda,East,Bhubaneswar,Kitchen,Juicer,Juicer Error,2,17580,20,28128.0,3696.64,Upi,0.2,28128.0,0.0,0.1314220705346985,2024,2,7,2,winter
14265,2024-03-30,Ayesha Bhasin,East,Ranchi,Books,Textbook,Textbook Deleniti,4,24736,10,89049.6,21095.87,Cod,0.1,89049.6,0.0,0.23690022189880694,2024,3,30,5,Spring
14266,2023-10-29,Ritvik Lad,North,Chandigarh,Kitchen,Juicer,Juicer Officia,4,40532,10,145915.2,16116.01,Cod,0.1,145915.2,0.0,0.11044778062874874,2023,10,29,6,Fall
14267,2025-05-21,Sana Sampath,South,Bangalore,Clothing,Accessories,Accessories Debitis,4,47375,20,151600.0,10673.32,Cod,0.2,151600.0,0.0,0.07040448548812665,2025,5,21,2,Spring
14268,2024-07-27,Aarna Borra,South,Thiruvananthapuram,Sports,Dumbbells,Dumbbells Sunt,2,5533,5,10512.7,2381.96,Cod,0.05,10512.699999999999,1.8189894035458565e-12,0.22657928029906682,2024,7,27,5,Summer
14269,2025-07-01,Drishya Das,East,Ranchi,Toys,Rc Car,RC Car Quis,4,13805,15,46937.0,8046.75,Net Banking,0.15,46937.0,0.0,0.1714372456697275,2025,7,1,1,Summer
14270,2024-08-29,Zaina Bath,South,Hyderabad,Beauty,Shampoo,Shampoo Dolorem,1,34991,5,33241.45,2305.27,Cod,0.05,33241.45,0.0,0.06934926123860422,2024,8,29,3,Summer
14271,2025-06-23,Miraan Dugar,North,Amritsar,Groceries,Oil,Oil Doloremque,2,41040,5,77976.0,14177.76,Debit Card,0.05,77976.0,0.0,0.18182209910741767,2025,6,23,0,Summer
14272,2025-08-25,Anay Ganesan,East,Guwahati,Beauty,Shampoo,Shampoo Quia,4,45218,0,180872.0,22032.35,Cod,0.0,180872.0,0.0,0.12181183378300676,2025,8,25,0,Summer
14273,2024-06-27,Zaina Ben,West,Ahmedabad,Sports,Tennis Racket,Tennis Racket Illo,3,69029,10,186378.3,39812.81,Upi,0.1,186378.30000000002,2.9103830456733704e-11,0.21361290450658688,2024,6,27,3,Summer
14274,2024-11-18,Nakul Jani,North,Chandigarh,Electronics,Headphones,Headphones Deserunt,1,52689,20,42151.2,7150.82,Debit Card,0.2,42151.200000000004,7.275957614183426e-12,0.16964689024274518,2024,11,18,0,Fall
14275,2024-06-06,Miraya Kara,South,Bangalore,Clothing,Accessories,Accessories Nesciunt,5,23891,20,95564.0,7876.43,Credit Card,0.2,95564.0,0.0,0.08242047214432213,2024,6,6,3,Summer
14276,2024-10-28,Nishith Thaker,West,Pune,Beauty,Perfume,Perfume Illo,1,37645,5,35762.75,5645.31,Net Banking,0.05,35762.75,0.0,0.15785447148219867,2024,10,28,0,Fall
14277,2025-09-07,Saksham Sodhi,West,Mumbai,Sports,Tennis Racket,Tennis Racket Ratione,3,41904,20,100569.6,16720.52,Cod,0.2,100569.6,0.0,0.16625819333078784,2025,9,7,6,Fall
14278,2024-10-17,Amani Deol,South,Bangalore,Clothing,Women'S Wear,Women's Wear Quasi,5,54701,20,218804.0,15467.99,Cod,0.2,218804.0,0.0,0.07069336026763678,2024,10,17,3,Fall
14279,2025-09-06,Damini Raju,South,Hyderabad,Books,Comics,Comics Earum,5,63067,10,283801.5,48806.87,Credit Card,0.1,283801.5,0.0,0.17197537715621658,2025,9,6,5,Fall
14280,2025-01-24,Darshit Kant,South,Coimbatore,Sports,Yoga Mat,Yoga Mat Dicta,5,44673,10,201028.5,37127.09,Credit Card,0.1,201028.5,0.0,0.18468570376837112,2025,1,24,4,winter
14281,2024-05-24,Khushi Batta,West,Ahmedabad,Home Decor,Wall Art,Wall Art Aperiam,5,52704,10,237168.0,21960.05,Debit Card,0.1,237168.0,0.0,0.09259280341361398,2024,5,24,4,Spring
14282,2024-01-29,Ayesha Reddy,East,Patna,Sports,Tennis Racket,Tennis Racket Perferendis,4,50385,10,181386.0,41433.44,Credit Card,0.1,181386.0,0.0,0.22842689071923963,2024,1,29,0,winter
14283,2024-07-29,Zain Baria,South,Chennai,Groceries,Sugar,Sugar Ratione,1,76908,5,73062.6,9415.25,Debit Card,0.05,73062.59999999999,1.4551915228366852e-11,0.12886552079997152,2024,7,29,0,Summer
14284,2024-11-28,Kartik Garg,South,Hyderabad,Electronics,Camera,Camera Quas,4,1868,20,5977.6,951.24,Credit Card,0.2,5977.6,0.0,0.15913410064239827,2024,11,28,3,Fall
14285,2024-10-02,Ehsaan Babu,South,Coimbatore,Groceries,Wheat,Wheat Molestias,5,68716,20,274864.0,25784.16,Upi,0.2,274864.0,0.0,0.0938069736305955,2024,10,2,2,Fall
14286,2025-07-02,Miraya Srivastava,West,Surat,Books,Non-Fiction,Non-Fiction Eos,3,52623,5,149975.55,27730.13,Upi,0.05,149975.55,0.0,0.18489767165381293,2025,7,2,2,Summer
14287,2025-06-01,Manjari Mangal,South,Hyderabad,Beauty,Shampoo,Shampoo Impedit,4,55056,15,187190.4,32130.16,Upi,0.15,187190.4,0.0,0.1716442723558473,2025,6,1,6,Summer
14288,2024-08-04,Advika Bora,East,Guwahati,Beauty,Foundation,Foundation Ea,2,15877,5,30166.3,4820.02,Upi,0.05,30166.3,0.0,0.1597816106052118,2024,8,4,6,Summer
14289,2025-08-29,Charvi Mandal,North,Jaipur,Kitchen,Cookware Set,Cookware Set Vero,1,18809,15,15987.65,3254.85,Debit Card,0.15,15987.65,0.0,0.20358526737825758,2025,8,29,4,Summer
14290,2025-04-04,Neelofar Bhatt,West,Pune,Toys,Board Game,Board Game Repudiandae,5,29911,20,119644.0,15340.86,Debit Card,0.2,119644.0,0.0,0.12822088863628767,2025,4,4,4,Spring
14291,2023-10-06,Aaryahi Ganesh,East,Kolkata,Home Decor,Cushion,Cushion Eaque,3,2953,15,7530.15,1491.48,Cod,0.15,7530.15,0.0,0.19806776757435113,2023,10,6,4,Fall
14292,2024-06-24,Lakshay Lata,East,Bhubaneswar,Home Decor,Wall Art,Wall Art Dicta,1,37239,10,33515.1,4856.29,Debit Card,0.1,33515.1,0.0,0.1448985681081065,2024,6,24,0,Summer
14293,2025-09-24,Lavanya Shan,North,Chandigarh,Books,Textbook,Textbook Accusamus,2,27891,20,44625.6,3583.18,Cod,0.2,44625.600000000006,7.275957614183426e-12,0.08029427055322505,2025,9,24,2,Fall
14294,2024-08-25,Yuvaan Kumer,West,Surat,Home Decor,Cushion,Cushion Odio,1,36970,10,33273.0,1722.63,Cod,0.1,33273.0,0.0,0.051772608421242455,2024,8,25,6,Summer
14295,2025-03-01,Dhanuk Krish,South,Bangalore,Toys,Action Figure,Action Figure Mollitia,1,24383,5,23163.85,1717.34,Credit Card,0.05,23163.85,0.0,0.07413879817042504,2025,3,1,5,Spring
14296,2025-04-29,Baiju Kuruvilla,North,Jaipur,Groceries,Spices,Spices Sapiente,2,44814,0,89628.0,21512.84,Debit Card,0.0,89628.0,0.0,0.2400236533226224,2025,4,29,1,Spring
14297,2025-07-08,Shanaya Yohannan,East,Bhubaneswar,Beauty,Foundation,Foundation Eius,4,77743,0,310972.0,46204.22,Net Banking,0.0,310972.0,0.0,0.14858000077177366,2025,7,8,1,Summer
14298,2024-12-21,Tiya Dutta,East,Guwahati,Clothing,Men'S Wear,Men's Wear Maxime,4,74791,0,299164.0,34058.98,Net Banking,0.0,299164.0,0.0,0.1138471874958217,2024,12,21,5,winter
14299,2025-08-21,Ojas Sem,South,Thiruvananthapuram,Sports,Cricket Bat,Cricket Bat Laudantium,2,28331,0,56662.0,8548.51,Upi,0.0,56662.0,0.0,0.15086848328685892,2025,8,21,3,Summer
14300,2024-05-04,Amani Andra,East,Guwahati,Electronics,Camera,Camera Eligendi,3,63442,20,152260.8,27539.63,Cod,0.2,152260.80000000002,2.9103830456733704e-11,0.1808714390046552,2024,5,4,5,Spring
14301,2024-11-11,Ela Koshy,South,Thiruvananthapuram,Sports,Cricket Bat,Cricket Bat Necessitatibus,4,14991,10,53967.6,7196.1,Upi,0.1,53967.6,0.0,0.13334111578057947,2024,11,11,0,Fall
14302,2025-07-11,Darshit Sampath,West,Goa,Groceries,Wheat,Wheat Consequuntur,2,52692,15,89576.4,14284.54,Debit Card,0.15,89576.4,0.0,0.1594676722886832,2025,7,11,4,Summer
14303,2025-05-22,Divyansh Ravel,West,Pune,Books,Non-Fiction,Non-Fiction Molestiae,1,15829,20,12663.2,3023.33,Upi,0.2,12663.2,0.0,0.23874928927917113,2025,5,22,3,Spring
14304,2023-10-07,Badal Krish,East,Guwahati,Furniture,Sofa,Sofa Labore,4,11278,15,38345.2,5987.63,Upi,0.15,38345.2,0.0,0.15615070465142966,2023,10,7,5,Fall
14305,2024-12-09,Dishani Das,West,Goa,Electronics,Headphones,Headphones Laboriosam,2,23079,10,41542.2,3033.07,Net Banking,0.1,41542.200000000004,7.275957614183426e-12,0.07301178079158062,2024,12,9,0,winter
14306,2025-01-15,Nayantara Setty,West,Surat,Groceries,Spices,Spices Earum,1,60192,5,57182.4,3543.56,Debit Card,0.05,57182.399999999994,7.275957614183426e-12,0.06196941716332298,2025,1,15,2,winter
14307,2024-07-24,Misha Kota,North,Chandigarh,Clothing,Men'S Wear,Men's Wear Sapiente,4,11666,5,44330.8,8976.0,Cod,0.05,44330.799999999996,7.275957614183426e-12,0.2024777355698521,2024,7,24,2,Summer
14308,2024-01-07,Sana Dua,East,Bhubaneswar,Beauty,Face Cream,Face Cream Molestias,4,29972,5,113893.6,10569.81,Net Banking,0.05,113893.59999999999,1.4551915228366852e-11,0.09280424887790006,2024,1,7,6,winter
14309,2024-09-12,Trisha Mani,West,Ahmedabad,Furniture,Cabinet,Cabinet Vero,2,71427,5,135711.3,15321.02,Upi,0.05,135711.3,0.0,0.11289420998840922,2024,9,12,3,Fall
14310,2024-01-10,Uthkarsh Shetty,East,Ranchi,Home Decor,Lamp,Lamp Ipsum,3,55314,0,165942.0,24842.49,Cod,0.0,165942.0,0.0,0.14970586108399322,2024,1,10,2,winter
14311,2025-05-06,Khushi Sarraf,East,Kolkata,Beauty,Foundation,Foundation Eos,1,34064,10,30657.6,5452.09,Upi,0.1,30657.600000000002,3.637978807091713e-12,0.17783812170554775,2025,5,6,1,Spring
14312,2024-06-07,Shayak Vora,East,Guwahati,Kitchen,Refrigerator,Refrigerator Explicabo,4,74274,15,252531.6,62582.91,Net Banking,0.15,252531.6,0.0,0.2478220943438366,2024,6,7,4,Summer
14313,2025-03-28,Shlok Sarna,West,Mumbai,Toys,Doll,Doll Sequi,3,75803,10,204668.1,18799.18,Net Banking,0.1,204668.1,0.0,0.09185202774638548,2025,3,28,4,Spring
14314,2025-04-10,Sumer Yadav,South,Hyderabad,Furniture,Table,Table Sunt,4,17989,5,68358.2,11447.56,Net Banking,0.05,68358.2,0.0,0.1674643276154141,2025,4,10,3,Spring
14315,2025-03-03,Jayesh Dayal,South,Bangalore,Books,Biography,Biography Unde,1,44583,0,44583.0,3093.02,Net Banking,0.0,44583.0,0.0,0.06937666823677187,2025,3,3,0,Spring
14316,2024-04-13,Lagan Chahal,South,Bangalore,Home Decor,Lamp,Lamp Non,3,15603,5,44468.55,4365.28,Debit Card,0.05,44468.549999999996,7.275957614183426e-12,0.09816555745577492,2024,4,13,5,Spring
14317,2025-06-05,Hazel Bedi,South,Chennai,Toys,Board Game,Board Game Deleniti,4,2105,0,8420.0,711.7,Cod,0.0,8420.0,0.0,0.0845249406175772,2025,6,5,3,Summer
14318,2024-11-25,Shanaya Jaggi,North,Jaipur,Beauty,Face Cream,Face Cream Laboriosam,1,32127,15,27307.95,2029.38,Net Banking,0.15,27307.95,0.0,0.07431462266482837,2024,11,25,0,Fall
14319,2024-08-09,Rania Sachar,South,Hyderabad,Home Decor,Wall Art,Wall Art Ducimus,1,1829,10,1646.1,360.76,Debit Card,0.1,1646.1000000000001,2.2737367544323206e-13,0.219160439827471,2024,8,9,4,Summer
14320,2025-05-19,Shanaya Shan,North,Jaipur,Clothing,Men'S Wear,Men's Wear Dolorum,4,37403,10,134650.8,24414.61,Cod,0.1,134650.80000000002,2.9103830456733704e-11,0.18131797211750694,2025,5,19,0,Spring
14321,2025-01-23,Vaibhav Kade,West,Mumbai,Books,Non-Fiction,Non-Fiction Quidem,3,23508,5,66997.8,16083.9,Debit Card,0.05,66997.8,0.0,0.24006609172241475,2025,1,23,3,winter
14322,2025-02-24,Dharmajan Sridhar,North,Delhi,Electronics,Headphones,Headphones Animi,4,71527,20,228886.4,22035.51,Cod,0.2,228886.40000000002,2.9103830456733704e-11,0.09627269247976289,2025,2,24,0,winter
14323,2025-08-11,Navya Sagar,East,Guwahati,Furniture,Table,Table Officiis,4,60378,0,241512.0,58217.31,Credit Card,0.0,241512.0,0.0,0.24105348802543972,2025,8,11,0,Summer
14324,2024-04-19,Kismat Rao,East,Guwahati,Electronics,Mobile,Mobile Numquam,4,49447,5,187898.6,32101.02,Net Banking,0.05,187898.59999999998,2.9103830456733704e-11,0.17084225215089416,2024,4,19,4,Spring
14325,2025-06-07,Manikya Ravel,North,Amritsar,Clothing,Kids Wear,Kids Wear Necessitatibus,2,78014,10,140425.2,22250.51,Credit Card,0.1,140425.2,0.0,0.1584509760356403,2025,6,7,5,Summer
14326,2024-04-06,Zaina Sengupta,West,Mumbai,Clothing,Kids Wear,Kids Wear Tempore,3,21224,5,60488.4,3572.45,Credit Card,0.05,60488.399999999994,7.275957614183426e-12,0.0590600842475582,2024,4,6,5,Spring
14327,2024-07-19,Pranay Ravel,West,Goa,Kitchen,Microwave,Microwave Adipisci,5,32778,10,147501.0,16861.69,Upi,0.1,147501.0,0.0,0.11431576735072982,2024,7,19,4,Summer
14328,2025-05-07,Ritvik Thakur,East,Guwahati,Beauty,Face Cream,Face Cream Debitis,1,41408,5,39337.6,2154.99,Upi,0.05,39337.6,0.0,0.05478193890832181,2025,5,7,2,Spring
14329,2025-02-27,Divit Sant,South,Bangalore,Home Decor,Lamp,Lamp Magni,5,65490,15,278332.5,25278.29,Upi,0.15,278332.5,0.0,0.09082047551040573,2025,2,27,3,winter
14330,2024-05-15,Elakshi Kulkarni,South,Coimbatore,Books,Textbook,Textbook Doloribus,4,72290,20,231328.0,17534.93,Cod,0.2,231328.0,0.0,0.07580115679900401,2024,5,15,2,Spring
14331,2025-07-10,Ritvik Verma,West,Pune,Home Decor,Clock,Clock Dignissimos,5,25263,0,126315.0,15891.61,Credit Card,0.0,126315.0,0.0,0.12580936547520088,2025,7,10,3,Summer
14332,2024-06-08,Prerak Koshy,South,Coimbatore,Electronics,Camera,Camera Delectus,5,47353,20,189412.0,42457.61,Credit Card,0.2,189412.0,0.0,0.22415480539775728,2024,6,8,5,Summer
14333,2023-12-07,Nitara Dora,West,Mumbai,Clothing,Kids Wear,Kids Wear Porro,2,35073,20,56116.8,7022.51,Debit Card,0.2,56116.8,0.0,0.12514095600604452,2023,12,7,3,winter
14334,2025-05-19,Sumer Date,West,Goa,Toys,Doll,Doll Impedit,1,37731,5,35844.45,5051.94,Credit Card,0.05,35844.45,0.0,0.14094064771533668,2025,5,19,0,Spring
14335,2024-04-09,Rasha Samra,West,Pune,Kitchen,Juicer,Juicer Quas,3,15649,15,39904.95,4009.82,Cod,0.15,39904.95,0.0,0.10048427576027537,2024,4,9,1,Spring
14336,2024-03-05,Darshit Contractor,East,Bhubaneswar,Kitchen,Refrigerator,Refrigerator Accusamus,1,34586,20,27668.8,4998.79,Net Banking,0.2,27668.800000000003,3.637978807091713e-12,0.18066522581391314,2024,3,5,1,Spring
14337,2025-08-02,Umang Ramanathan,South,Hyderabad,Beauty,Foundation,Foundation Iusto,2,10560,5,20064.0,1988.7,Cod,0.05,20064.0,0.0,0.09911782296650717,2025,8,2,5,Summer
14338,2023-10-19,Reyansh Sachdeva,East,Ranchi,Sports,Cricket Bat,Cricket Bat Optio,4,17083,15,58082.2,8013.51,Cod,0.15,58082.2,0.0,0.13796843094786357,2023,10,19,3,Fall
14339,2024-02-20,Mahika Banerjee,West,Surat,Clothing,Men'S Wear,Men's Wear Perferendis,3,2881,15,7346.55,1261.95,Net Banking,0.15,7346.55,0.0,0.17177450640096373,2024,2,20,1,winter
14340,2025-09-17,Kabir Ganesh,South,Hyderabad,Sports,Tennis Racket,Tennis Racket Earum,3,38614,5,110049.9,21137.29,Debit Card,0.05,110049.9,0.0,0.1920700518582934,2025,9,17,2,Fall
14341,2025-03-05,Pari Sood,West,Mumbai,Beauty,Face Cream,Face Cream Aliquam,4,69706,15,237000.4,52874.6,Debit Card,0.15,237000.4,0.0,0.223099201520335,2025,3,5,2,Spring
14342,2025-03-18,Dharmajan Rajagopal,South,Hyderabad,Furniture,Bed,Bed Perferendis,1,3195,15,2715.75,232.76,Debit Card,0.15,2715.75,0.0,0.0857074472981681,2025,3,18,1,Spring
14343,2024-07-30,Mehul Bali,East,Guwahati,Kitchen,Mixer Grinder,Mixer Grinder A,2,50294,10,90529.2,18550.78,Credit Card,0.1,90529.2,0.0,0.2049148782934125,2024,7,30,1,Summer
14344,2024-04-28,Adah Bath,South,Coimbatore,Home Decor,Vase,Vase Eveniet,5,72455,15,307933.75,29043.49,Cod,0.15,307933.75,0.0,0.09431733286786526,2024,4,28,6,Spring
14345,2025-04-11,Anaya Banik,South,Thiruvananthapuram,Kitchen,Microwave,Microwave Ea,5,48552,15,206346.0,27708.9,Cod,0.15,206346.0,0.0,0.13428367886947168,2025,4,11,4,Spring
14346,2025-01-23,Yakshit Kuruvilla,South,Thiruvananthapuram,Sports,Tennis Racket,Tennis Racket Repellendus,2,7367,0,14734.0,3181.88,Net Banking,0.0,14734.0,0.0,0.21595493416587486,2025,1,23,3,winter
14347,2024-01-08,Himmat Choudhary,West,Surat,Clothing,Accessories,Accessories Dolorem,1,15038,20,12030.4,2409.33,Upi,0.2,12030.400000000001,1.8189894035458565e-12,0.2002701489559782,2024,1,8,0,winter
14348,2024-12-19,Samiha Kar,North,Lucknow,Furniture,Cabinet,Cabinet Ducimus,2,2428,20,3884.8,607.5,Cod,0.2,3884.8,0.0,0.15637870675453047,2024,12,19,3,winter
14349,2024-05-30,Divij Doctor,North,Jaipur,Groceries,Sugar,Sugar Dolore,5,53396,15,226933.0,29138.95,Upi,0.15,226933.0,0.0,0.12840331727866816,2024,5,30,3,Spring
14350,2024-09-12,Pari Thaker,West,Ahmedabad,Home Decor,Vase,Vase Asperiores,1,49929,15,42439.65,7282.38,Upi,0.15,42439.65,0.0,0.17159378081581728,2024,9,12,3,Fall
14351,2024-10-14,Indrajit Buch,East,Kolkata,Home Decor,Vase,Vase Rem,5,3871,10,17419.5,1304.37,Credit Card,0.1,17419.5,0.0,0.07487987600103332,2024,10,14,0,Fall
14352,2024-10-26,Vanya Vohra,South,Bangalore,Kitchen,Juicer,Juicer Dolor,5,43047,0,215235.0,52434.28,Cod,0.0,215235.0,0.0,0.24361409622041025,2024,10,26,5,Fall
14353,2025-09-19,Ryan Savant,East,Ranchi,Clothing,Kids Wear,Kids Wear Culpa,3,9399,0,28197.0,1498.62,Debit Card,0.0,28197.0,0.0,0.05314820725609107,2025,9,19,4,Fall
14354,2024-06-15,Mishti Sangha,East,Ranchi,Electronics,Camera,Camera Consequatur,5,75566,5,358938.5,76355.62,Credit Card,0.05,358938.5,0.0,0.21272619125560505,2024,6,15,5,Summer
14355,2024-09-04,Anay Sandhu,North,Chandigarh,Toys,Rc Car,RC Car Sequi,4,71329,0,285316.0,44267.62,Credit Card,0.0,285316.0,0.0,0.1551529532167842,2024,9,4,2,Fall
14356,2025-04-09,Madhup Saxena,North,Lucknow,Electronics,Laptop,Laptop Similique,4,69263,10,249346.8,39813.41,Upi,0.1,249346.80000000002,2.9103830456733704e-11,0.15967082793923967,2025,4,9,2,Spring
14357,2025-03-26,Darshit Tella,West,Pune,Kitchen,Microwave,Microwave Quos,3,46047,10,124326.9,16812.12,Cod,0.1,124326.90000000001,1.4551915228366852e-11,0.1352251202274005,2025,3,26,2,Spring
14358,2024-08-28,Shlok Rau,North,Chandigarh,Books,Textbook,Textbook Provident,1,8857,10,7971.3,1877.65,Debit Card,0.1,7971.3,0.0,0.23555129025378546,2024,8,28,2,Summer
14359,2024-07-07,Oorja Khare,West,Pune,Groceries,Spices,Spices Quibusdam,4,60720,20,194304.0,22133.9,Upi,0.2,194304.0,0.0,0.11391376399868249,2024,7,7,6,Summer
14360,2025-09-23,Amani Sachar,East,Ranchi,Furniture,Table,Table Harum,4,19989,15,67962.6,14779.28,Upi,0.15,67962.59999999999,1.4551915228366852e-11,0.2174619570175361,2025,9,23,1,Fall
14361,2024-05-19,Kimaya Agate,North,Delhi,Sports,Yoga Mat,Yoga Mat Est,3,663,20,1591.2,132.58,Credit Card,0.2,1591.2,0.0,0.08332076420311715,2024,5,19,6,Spring
14362,2025-06-25,Vihaan Cheema,West,Goa,Electronics,Headphones,Headphones Inventore,3,37699,20,90477.6,6098.02,Debit Card,0.2,90477.6,0.0,0.0673981184293129,2025,6,25,2,Summer
14363,2024-08-16,Vanya Magar,North,Amritsar,Groceries,Spices,Spices Eum,2,31912,20,51059.2,11797.61,Credit Card,0.2,51059.200000000004,7.275957614183426e-12,0.23105747837803964,2024,8,16,4,Summer
14364,2024-04-11,Elakshi Mann,West,Mumbai,Furniture,Table,Table Autem,3,22462,5,64016.7,10646.6,Cod,0.05,64016.7,0.0,0.16630972855520515,2024,4,11,3,Spring
14365,2024-12-04,Jayesh Lall,North,Delhi,Home Decor,Wall Art,Wall Art Laborum,2,17711,0,35422.0,7166.34,Net Banking,0.0,35422.0,0.0,0.202313251651516,2024,12,4,2,winter
14366,2023-11-05,Ivana Talwar,West,Ahmedabad,Electronics,Smartwatch,Smartwatch Minus,3,24711,10,66719.7,15381.82,Debit Card,0.1,66719.7,0.0,0.2305439023256999,2023,11,5,6,Fall
14367,2025-09-19,Shamik Sundaram,West,Goa,Books,Textbook,Textbook Facere,3,27808,10,75081.6,13110.95,Debit Card,0.1,75081.6,0.0,0.17462267719387972,2025,9,19,4,Fall
14368,2025-02-08,Rati Handa,North,Amritsar,Sports,Tennis Racket,Tennis Racket Dicta,5,42476,10,191142.0,22835.87,Cod,0.1,191142.0,0.0,0.11947070764143934,2025,2,8,5,winter
14369,2024-01-31,Urvi Chada,East,Bhubaneswar,Kitchen,Refrigerator,Refrigerator Aut,1,58003,15,49302.55,10199.98,Cod,0.15,49302.549999999996,7.275957614183426e-12,0.20688544507332782,2024,1,31,2,winter
14370,2023-10-25,Ivana Mann,South,Chennai,Clothing,Men'S Wear,Men's Wear Tempore,3,67818,20,162763.2,34700.67,Credit Card,0.2,162763.2,0.0,0.21319727063611427,2023,10,25,2,Fall
14371,2023-11-14,Faiyaz Andra,West,Goa,Kitchen,Refrigerator,Refrigerator Id,4,19693,5,74833.4,17454.37,Credit Card,0.05,74833.4,0.0,0.23324304388147538,2023,11,14,1,Fall
14372,2024-11-01,Siya Dhillon,South,Thiruvananthapuram,Beauty,Foundation,Foundation In,2,23853,10,42935.4,7885.48,Debit Card,0.1,42935.4,0.0,0.18365917168583498,2024,11,1,4,Fall
14373,2025-08-16,Saksham Mani,South,Hyderabad,Electronics,Laptop,Laptop Sit,1,12992,0,12992.0,1717.93,Debit Card,0.0,12992.0,0.0,0.13222983374384237,2025,8,16,5,Summer
14374,2024-12-07,Onkar Bhasin,South,Hyderabad,Electronics,Laptop,Laptop Vel,3,45498,5,129669.3,31511.19,Credit Card,0.05,129669.29999999999,1.4551915228366852e-11,0.24301195425594183,2024,12,7,5,winter
14375,2024-07-14,Dhanush Cheema,South,Chennai,Furniture,Chair,Chair Illum,1,49660,20,39728.0,3975.66,Upi,0.2,39728.0,0.0,0.10007198952879581,2024,7,14,6,Summer
14376,2025-01-24,Trisha Ram,West,Mumbai,Groceries,Oil,Oil Cumque,5,2075,0,10375.0,2097.99,Net Banking,0.0,10375.0,0.0,0.20221590361445782,2025,1,24,4,winter
14377,2025-02-05,Hiran Jani,West,Surat,Electronics,Mobile,Mobile At,2,62102,5,117993.8,19323.02,Upi,0.05,117993.79999999999,1.4551915228366852e-11,0.1637630112768637,2025,2,5,2,winter
14378,2025-10-02,Ela Yadav,South,Hyderabad,Kitchen,Mixer Grinder,Mixer Grinder Illo,5,20484,20,81936.0,6887.13,Net Banking,0.2,81936.0,0.0,0.08405499414176919,2025,10,2,3,Fall
14379,2023-12-29,Jiya Sankar,South,Bangalore,Clothing,Women'S Wear,Women's Wear Magni,5,69730,0,348650.0,69633.16,Cod,0.0,348650.0,0.0,0.19972224293704288,2023,12,29,4,winter
14380,2024-10-22,Diya Jha,North,Jaipur,Electronics,Headphones,Headphones Accusantium,5,60594,15,257524.5,18555.34,Net Banking,0.15,257524.5,0.0,0.07205271731427496,2024,10,22,1,Fall
14381,2024-08-31,Neelofar Goyal,East,Bhubaneswar,Books,Fiction,Fiction Aut,2,69813,0,139626.0,31459.66,Debit Card,0.0,139626.0,0.0,0.2253137667769613,2024,8,31,5,Summer
14382,2024-08-20,Ehsaan Gokhale,South,Thiruvananthapuram,Groceries,Oil,Oil Laboriosam,1,26778,0,26778.0,4695.38,Credit Card,0.0,26778.0,0.0,0.1753446859362163,2024,8,20,1,Summer
14383,2024-01-13,Damini Rout,East,Ranchi,Books,Non-Fiction,Non-Fiction Doloribus,2,55708,10,100274.4,8709.55,Cod,0.1,100274.40000000001,1.4551915228366852e-11,0.08685716394214275,2024,1,13,5,winter
14384,2024-12-06,Neelofar Warrior,North,Jaipur,Kitchen,Cookware Set,Cookware Set Blanditiis,4,73656,5,279892.8,17589.47,Net Banking,0.05,279892.8,0.0,0.06284359583383353,2024,12,6,4,winter
14385,2024-05-24,Azad Sawhney,West,Goa,Electronics,Laptop,Laptop Error,5,73283,10,329773.5,71073.74,Net Banking,0.1,329773.5,0.0,0.2155228967761206,2024,5,24,4,Spring
14386,2025-06-03,Tara Raju,North,Amritsar,Home Decor,Lamp,Lamp Deserunt,1,79898,20,63918.4,11228.51,Net Banking,0.2,63918.4,0.0,0.1756694472953015,2025,6,3,1,Summer
14387,2024-06-08,Riaan Vala,South,Hyderabad,Clothing,Shoes,Shoes Nam,4,51973,5,197497.4,48624.81,Debit Card,0.05,197497.4,0.0,0.24620481079750922,2024,6,8,5,Summer
14388,2024-11-21,Gatik Banerjee,South,Coimbatore,Groceries,Sugar,Sugar Voluptas,5,32801,20,131204.0,10020.28,Credit Card,0.2,131204.0,0.0,0.07637175695862931,2024,11,21,3,Fall
14389,2024-11-11,Nirvaan Bhardwaj,West,Mumbai,Electronics,Headphones,Headphones Nam,1,20852,20,16681.6,2362.07,Debit Card,0.2,16681.600000000002,3.637978807091713e-12,0.14159732879340114,2024,11,11,0,Fall
14390,2025-05-04,Trisha Sankaran,East,Ranchi,Electronics,Laptop,Laptop Placeat,5,1585,15,6736.25,1648.68,Net Banking,0.15,6736.25,0.0,0.24474744850621638,2025,5,4,6,Spring
14391,2023-11-06,Damini Bala,West,Pune,Home Decor,Cushion,Cushion Corrupti,3,6588,10,17787.6,1038.98,Cod,0.1,17787.600000000002,3.637978807091713e-12,0.05841035327981291,2023,11,6,0,Fall
14392,2025-06-01,Anay Wason,South,Chennai,Kitchen,Mixer Grinder,Mixer Grinder Sit,2,8049,10,14488.2,812.7,Credit Card,0.1,14488.2,0.0,0.056093924711144244,2025,6,1,6,Summer
14393,2024-12-06,Zoya Joshi,North,Delhi,Kitchen,Cookware Set,Cookware Set Dolor,4,47143,15,160286.2,33283.48,Credit Card,0.15,160286.19999999998,2.9103830456733704e-11,0.2076503154981527,2024,12,6,4,winter
14394,2024-03-16,Jivin Chanda,East,Kolkata,Home Decor,Wall Art,Wall Art Porro,5,26128,20,104512.0,19138.84,Cod,0.2,104512.0,0.0,0.18312576546233925,2024,3,16,5,Spring
14395,2025-09-01,Samiha Buch,South,Hyderabad,Toys,Board Game,Board Game Error,5,24751,10,111379.5,26522.0,Credit Card,0.1,111379.5,0.0,0.238122814341957,2025,9,1,0,Fall
14396,2024-08-12,Hansh Rajagopal,West,Goa,Electronics,Camera,Camera Doloremque,1,35786,20,28628.8,4511.67,Upi,0.2,28628.800000000003,3.637978807091713e-12,0.15759200525345107,2024,8,12,0,Summer
14397,2024-04-29,Nirvaan Arora,North,Amritsar,Kitchen,Mixer Grinder,Mixer Grinder Officiis,2,2611,15,4438.7,849.33,Net Banking,0.15,4438.7,0.0,0.19134656543582582,2024,4,29,0,Spring
14398,2024-12-26,Oorja Varma,North,Delhi,Groceries,Sugar,Sugar Rem,5,7183,15,30527.75,4948.74,Debit Card,0.15,30527.75,0.0,0.16210628035148347,2024,12,26,3,winter
14399,2024-04-26,Abram Rout,West,Pune,Books,Textbook,Textbook Alias,4,25196,15,85666.4,4933.32,Debit Card,0.15,85666.4,0.0,0.057587572257034265,2024,4,26,4,Spring
14400,2025-01-21,Divij Tank,West,Mumbai,Clothing,Women'S Wear,Women's Wear Illo,3,20833,0,62499.0,13726.38,Upi,0.0,62499.0,0.0,0.21962559400950413,2025,1,21,1,winter
14401,2024-04-24,Madhav Mand,West,Mumbai,Beauty,Lipstick,Lipstick Voluptatum,1,72591,20,58072.8,9932.48,Cod,0.2,58072.8,0.0,0.17103497678775603,2024,4,24,2,Spring
14402,2025-07-12,Riaan Ray,North,Delhi,Books,Biography,Biography Reiciendis,3,55857,0,167571.0,15138.13,Upi,0.0,167571.0,0.0,0.09033860274152448,2025,7,12,5,Summer
14403,2023-12-04,Urvi Amble,West,Goa,Sports,Yoga Mat,Yoga Mat Officia,5,31777,0,158885.0,28450.38,Debit Card,0.0,158885.0,0.0,0.17906271831828052,2023,12,4,0,winter
14404,2025-07-10,Ranbir Acharya,East,Guwahati,Home Decor,Lamp,Lamp Eum,4,54451,0,217804.0,26421.01,Cod,0.0,217804.0,0.0,0.1213063580099539,2025,7,10,3,Summer
14405,2025-06-10,Riaan Doctor,East,Guwahati,Electronics,Headphones,Headphones Quo,1,51177,5,48618.15,5086.73,Cod,0.05,48618.149999999994,7.275957614183426e-12,0.10462615299018986,2025,6,10,1,Summer
14406,2024-03-13,Nitya Dora,East,Patna,Electronics,Headphones,Headphones Laboriosam,2,66910,5,127129.0,11643.35,Cod,0.05,127129.0,0.0,0.09158689205452729,2024,3,13,2,Spring
14407,2024-01-31,Pari Sangha,East,Guwahati,Toys,Rc Car,RC Car Aliquid,3,3152,0,9456.0,692.86,Net Banking,0.0,9456.0,0.0,0.07327199661590525,2024,1,31,2,winter
14408,2025-02-19,Zara Singh,East,Kolkata,Groceries,Spices,Spices Quia,2,76370,0,152740.0,20338.58,Credit Card,0.0,152740.0,0.0,0.13315817729474927,2025,2,19,2,winter
14409,2024-03-08,Hazel Bawa,East,Patna,Electronics,Mobile,Mobile Sint,4,54217,5,206024.6,30673.95,Upi,0.05,206024.59999999998,2.9103830456733704e-11,0.1488848904451216,2024,3,8,4,Spring
14410,2023-12-16,Shayak Bora,West,Goa,Kitchen,Cookware Set,Cookware Set Deleniti,3,66857,10,180513.9,18852.37,Debit Card,0.1,180513.9,0.0,0.10443722062400734,2023,12,16,5,winter
14411,2025-01-19,Heer Chatterjee,North,Chandigarh,Sports,Dumbbells,Dumbbells Asperiores,2,66267,5,125907.3,30852.36,Upi,0.05,125907.29999999999,1.4551915228366852e-11,0.2450402796343024,2025,1,19,6,winter
14412,2024-10-25,Kiara Saraf,North,Delhi,Toys,Rc Car,RC Car Illo,1,17564,20,14051.2,3117.82,Upi,0.2,14051.2,0.0,0.22188994534274653,2024,10,25,4,Fall
14413,2024-09-25,Taran Chaudhary,North,Amritsar,Sports,Yoga Mat,Yoga Mat Voluptate,5,16165,5,76783.75,14622.8,Credit Card,0.05,76783.75,0.0,0.19044133687140832,2024,9,25,2,Fall
14414,2024-12-05,Aniruddh Varghese,North,Amritsar,Furniture,Sofa,Sofa Explicabo,5,27095,15,115153.75,8987.42,Upi,0.15,115153.75,0.0,0.0780471326378863,2024,12,5,3,winter
14415,2024-05-20,Biju Edwin,North,Amritsar,Home Decor,Wall Art,Wall Art Sequi,3,14923,0,44769.0,3643.06,Upi,0.0,44769.0,0.0,0.0813746118966249,2024,5,20,0,Spring
14416,2024-06-11,Jhanvi Solanki,West,Ahmedabad,Beauty,Foundation,Foundation Dolor,2,77254,0,154508.0,11516.25,Upi,0.0,154508.0,0.0,0.07453497553524736,2024,6,11,1,Summer
14417,2025-01-05,Piya Kothari,East,Patna,Home Decor,Vase,Vase Iure,4,13446,0,53784.0,6554.39,Upi,0.0,53784.0,0.0,0.12186505280380783,2025,1,5,6,winter
14418,2025-05-24,Ishaan Kibe,West,Pune,Beauty,Face Cream,Face Cream In,4,79126,0,316504.0,60652.87,Net Banking,0.0,316504.0,0.0,0.19163381821398784,2025,5,24,5,Spring
14419,2025-04-03,Devansh Ramakrishnan,East,Kolkata,Electronics,Laptop,Laptop Quo,3,25256,5,71979.6,13732.53,Cod,0.05,71979.59999999999,1.4551915228366852e-11,0.190783638697631,2025,4,3,3,Spring
14420,2023-12-07,Nishith Saxena,East,Bhubaneswar,Furniture,Chair,Chair Sequi,2,45462,0,90924.0,9872.31,Upi,0.0,90924.0,0.0,0.1085776032730632,2023,12,7,3,winter
14421,2024-02-18,Ivan Vig,South,Coimbatore,Toys,Board Game,Board Game Praesentium,3,50347,10,135936.9,32641.68,Cod,0.1,135936.9,0.0,0.24012376330488633,2024,2,18,6,winter
14422,2024-10-06,Vardaniya Hegde,East,Ranchi,Kitchen,Refrigerator,Refrigerator Illo,1,44833,20,35866.4,3599.51,Net Banking,0.2,35866.4,0.0,0.10035883166417595,2024,10,6,6,Fall
14423,2025-02-24,Neelofar Mani,East,Bhubaneswar,Sports,Dumbbells,Dumbbells Repellat,4,17806,5,67662.8,6064.12,Upi,0.05,67662.8,0.0,0.0896226582405694,2025,2,24,0,winter
14424,2024-01-13,Divit Swaminathan,East,Patna,Books,Textbook,Textbook Beatae,2,10137,0,20274.0,1362.93,Net Banking,0.0,20274.0,0.0,0.06722551050606689,2024,1,13,5,winter
14425,2024-10-15,Urvi Babu,South,Chennai,Groceries,Oil,Oil Voluptates,1,47504,15,40378.4,4711.95,Upi,0.15,40378.4,0.0,0.1166948170308878,2024,10,15,1,Fall
14426,2025-02-11,Darshit Agrawal,West,Goa,Kitchen,Cookware Set,Cookware Set Harum,4,5375,0,21500.0,3932.93,Cod,0.0,21500.0,0.0,0.18292697674418604,2025,2,11,1,winter
14427,2024-09-08,Abram Aggarwal,South,Chennai,Clothing,Kids Wear,Kids Wear Deleniti,4,2812,20,8998.4,1891.32,Credit Card,0.2,8998.4,0.0,0.21018403271692745,2024,9,8,6,Fall
14428,2024-12-08,Tejas Bora,North,Lucknow,Books,Textbook,Textbook Omnis,5,36780,5,174705.0,33211.51,Debit Card,0.05,174705.0,0.0,0.19010051229214964,2024,12,8,6,winter
14429,2025-04-06,Vedika Grewal,East,Patna,Beauty,Face Cream,Face Cream Aliquid,5,34112,15,144976.0,19542.8,Credit Card,0.15,144976.0,0.0,0.13480024279880806,2025,4,6,6,Spring
14430,2025-08-25,Devansh Raval,East,Guwahati,Groceries,Sugar,Sugar Architecto,4,12902,10,46447.2,9734.3,Cod,0.1,46447.200000000004,7.275957614183426e-12,0.20957775710914758,2025,8,25,0,Summer
14431,2025-08-02,Divyansh Arya,East,Ranchi,Clothing,Men'S Wear,Men's Wear Quae,4,27510,0,110040.0,16479.91,Credit Card,0.0,110040.0,0.0,0.1497629043984006,2025,8,2,5,Summer
14432,2024-01-19,Tejas Amble,South,Bangalore,Clothing,Kids Wear,Kids Wear Error,1,2577,5,2448.15,219.73,Cod,0.05,2448.15,0.0,0.0897534873271654,2024,1,19,4,winter
14433,2025-06-13,Zeeshan D鈥橝Lia,East,Bhubaneswar,Kitchen,Refrigerator,Refrigerator Corporis,2,3116,10,5608.8,863.21,Debit Card,0.1,5608.8,0.0,0.15390279560690343,2025,6,13,4,Summer
14434,2025-09-24,Ishita Basu,West,Mumbai,Clothing,Women'S Wear,Women's Wear Hic,5,76393,15,324670.25,54862.51,Debit Card,0.15,324670.25,0.0,0.1689791719444575,2025,9,24,2,Fall
14435,2023-10-08,Baiju Soni,East,Bhubaneswar,Furniture,Sofa,Sofa Repellat,5,61025,5,289868.75,29163.34,Debit Card,0.05,289868.75,0.0,0.10060877552340498,2023,10,8,6,Fall
14436,2025-10-01,Romil Gandhi,West,Ahmedabad,Home Decor,Lamp,Lamp Voluptas,3,7146,0,21438.0,3306.51,Upi,0.0,21438.0,0.0,0.15423593618807727,2025,10,1,2,Fall
14437,2024-05-01,Anvi Reddy,South,Hyderabad,Kitchen,Mixer Grinder,Mixer Grinder Architecto,1,25036,5,23784.2,4808.18,Debit Card,0.05,23784.199999999997,3.637978807091713e-12,0.20215857586128608,2024,5,1,2,Spring
14438,2025-06-10,Tejas Vora,North,Chandigarh,Groceries,Rice,Rice Tenetur,5,43938,15,186736.5,26730.69,Debit Card,0.15,186736.5,0.0,0.1431465728446233,2025,6,10,1,Summer
14439,2024-06-18,Alisha Bail,East,Ranchi,Books,Non-Fiction,Non-Fiction Labore,4,55465,5,210767.0,40763.03,Cod,0.05,210767.0,0.0,0.19340328419534367,2024,6,18,1,Summer
14440,2024-07-29,Samaira Gokhale,East,Bhubaneswar,Books,Non-Fiction,Non-Fiction Vitae,1,20244,5,19231.8,1600.32,Cod,0.05,19231.8,0.0,0.08321217982716127,2024,7,29,0,Summer
14441,2024-10-05,Ivan Mane,East,Kolkata,Furniture,Cabinet,Cabinet Harum,2,37235,15,63299.5,5113.83,Credit Card,0.15,63299.5,0.0,0.08078784192608156,2024,10,5,5,Fall
14442,2024-03-10,Adira Dutta,South,Bangalore,Toys,Doll,Doll Veniam,5,8856,10,39852.0,2346.71,Net Banking,0.1,39852.0,0.0,0.05888562681923116,2024,3,10,6,Spring
14443,2024-03-13,Raghav Wali,East,Kolkata,Sports,Dumbbells,Dumbbells Unde,3,603,15,1537.65,263.86,Credit Card,0.15,1537.6499999999999,2.2737367544323206e-13,0.17159951874613857,2024,3,13,2,Spring
14444,2025-08-19,Taran Sengupta,South,Coimbatore,Toys,Doll,Doll Sint,5,69388,20,277552.0,24830.38,Net Banking,0.2,277552.0,0.0,0.0894620827808843,2025,8,19,1,Summer
14445,2025-02-01,Hunar Verma,West,Mumbai,Home Decor,Lamp,Lamp Dolorum,4,29104,15,98953.6,23609.13,Cod,0.15,98953.59999999999,1.4551915228366852e-11,0.23858788361413835,2025,2,1,5,winter
14446,2024-05-19,Anay Sharaf,North,Delhi,Groceries,Wheat,Wheat Autem,3,57731,10,155873.7,23254.14,Debit Card,0.1,155873.7,0.0,0.14918578310516784,2024,5,19,6,Spring
14447,2025-07-18,Diya Divan,North,Jaipur,Beauty,Face Cream,Face Cream Laboriosam,3,65652,0,196956.0,33194.73,Cod,0.0,196956.0,0.0,0.1685388106988363,2025,7,18,4,Summer
14448,2024-01-28,Akarsh Sastry,East,Patna,Sports,Tennis Racket,Tennis Racket Eos,4,9489,15,32262.6,1739.76,Net Banking,0.15,32262.6,0.0,0.053924978148072386,2024,1,28,6,winter
14449,2024-11-26,Himmat Rout,South,Bangalore,Toys,Action Figure,Action Figure Et,3,51658,20,123979.2,9231.41,Debit Card,0.2,123979.20000000001,1.4551915228366852e-11,0.07445934479332017,2024,11,26,1,Fall
14450,2024-01-16,Miraya Amble,North,Jaipur,Clothing,Accessories,Accessories Pariatur,1,30735,0,30735.0,1988.87,Debit Card,0.0,30735.0,0.0,0.06471026517000163,2024,1,16,1,winter
14451,2025-09-03,Siya Garde,South,Bangalore,Sports,Tennis Racket,Tennis Racket Doloribus,1,52781,0,52781.0,4085.32,Net Banking,0.0,52781.0,0.0,0.07740133760254637,2025,9,3,2,Fall
14452,2024-12-12,Vihaan Choudhry,East,Ranchi,Toys,Rc Car,RC Car Labore,1,71157,5,67599.15,9600.1,Net Banking,0.05,67599.15,0.0,0.14201509930228415,2024,12,12,3,winter
14453,2024-07-19,Riaan Dutt,South,Chennai,Home Decor,Wall Art,Wall Art Sed,1,73569,10,66212.1,12024.74,Net Banking,0.1,66212.1,0.0,0.18160940371925977,2024,7,19,4,Summer
14454,2024-04-06,Zaina Bora,East,Guwahati,Groceries,Oil,Oil Delectus,3,14832,15,37821.6,9189.21,Debit Card,0.15,37821.6,0.0,0.24296195824608158,2024,4,6,5,Spring
14455,2025-06-16,Farhan Kari,North,Delhi,Kitchen,Juicer,Juicer Tempora,3,21054,15,53687.7,8755.04,Cod,0.15,53687.7,0.0,0.16307347865525998,2025,6,16,0,Summer
14456,2023-11-30,Siya Mann,West,Goa,Furniture,Cabinet,Cabinet Ab,3,41689,15,106306.95,9053.89,Debit Card,0.15,106306.95,0.0,0.08516743260906272,2023,11,30,3,Fall
14457,2024-08-17,Pihu Karpe,North,Delhi,Furniture,Bed,Bed Minus,3,11373,5,32413.05,7330.4,Debit Card,0.05,32413.05,0.0,0.22615582304041118,2024,8,17,5,Summer
14458,2025-09-27,Aaryahi Issac,East,Guwahati,Groceries,Spices,Spices Quidem,2,49143,0,98286.0,9884.97,Upi,0.0,98286.0,0.0,0.1005735303095049,2025,9,27,5,Fall
14459,2024-05-22,Aayush Sur,North,Amritsar,Books,Comics,Comics Qui,4,46702,15,158786.8,19939.77,Debit Card,0.15,158786.8,0.0,0.12557574055274118,2024,5,22,2,Spring
14460,2023-12-19,Siya Warrior,East,Kolkata,Furniture,Cabinet,Cabinet Aperiam,1,7817,0,7817.0,588.04,Net Banking,0.0,7817.0,0.0,0.07522578994499168,2023,12,19,1,winter
14461,2024-04-01,Ehsaan Bhattacharyya,West,Mumbai,Books,Comics,Comics Placeat,2,68471,5,130094.9,7882.32,Credit Card,0.05,130094.9,0.0,0.060589000798647756,2024,4,1,0,Spring
14462,2024-06-05,Stuvan Dutt,South,Bangalore,Home Decor,Clock,Clock Ab,2,56197,0,112394.0,22487.52,Cod,0.0,112394.0,0.0,0.2000775842126804,2024,6,5,2,Summer
14463,2024-06-17,Jivin Sani,South,Hyderabad,Beauty,Face Cream,Face Cream Consequatur,3,24154,15,61592.7,7626.36,Credit Card,0.15,61592.7,0.0,0.12381921883599842,2024,6,17,0,Summer
14464,2024-07-27,Oorja Hegde,North,Chandigarh,Books,Biography,Biography Maxime,5,31572,15,134181.0,24989.79,Cod,0.15,134181.0,0.0,0.1862394079638697,2024,7,27,5,Summer
14465,2024-03-01,Yuvaan Sarraf,West,Goa,Beauty,Foundation,Foundation Facere,4,17628,5,66986.4,9414.83,Credit Card,0.05,66986.4,0.0,0.1405483799696655,2024,3,1,4,Spring
14466,2025-09-28,Dishani Bhatt,East,Guwahati,Clothing,Women'S Wear,Women's Wear Officiis,1,9133,0,9133.0,813.5,Cod,0.0,9133.0,0.0,0.08907259389028796,2025,9,28,6,Fall
14467,2024-04-20,Saira Dubey,South,Thiruvananthapuram,Electronics,Headphones,Headphones Voluptas,2,21733,5,41292.7,9099.24,Upi,0.05,41292.7,0.0,0.22035953086138713,2024,4,20,5,Spring
14468,2024-01-22,Indranil Guha,North,Delhi,Beauty,Face Cream,Face Cream Unde,2,24898,10,44816.4,8961.81,Debit Card,0.1,44816.4,0.0,0.1999671995073232,2024,1,22,0,winter
14469,2024-12-29,Dhanush Yogi,North,Amritsar,Groceries,Wheat,Wheat Suscipit,5,70349,20,281396.0,35694.42,Debit Card,0.2,281396.0,0.0,0.126847645311234,2024,12,29,6,winter
14470,2024-05-03,Kaira Dass,North,Lucknow,Beauty,Perfume,Perfume Temporibus,1,56283,15,47840.55,10518.95,Credit Card,0.15,47840.549999999996,7.275957614183426e-12,0.21987518956199292,2024,5,3,4,Spring
14471,2025-08-16,Hansh Varty,West,Ahmedabad,Toys,Action Figure,Action Figure Accusantium,5,21689,10,97600.5,7876.06,Credit Card,0.1,97600.5,0.0,0.08069692265920769,2025,8,16,5,Summer
14472,2023-10-07,Emir Talwar,South,Coimbatore,Home Decor,Lamp,Lamp Reiciendis,2,39180,5,74442.0,10036.39,Net Banking,0.05,74442.0,0.0,0.13482160608258778,2023,10,7,5,Fall
14473,2024-12-07,Elakshi Sama,East,Kolkata,Electronics,Laptop,Laptop Ducimus,2,27455,15,46673.5,9053.75,Cod,0.15,46673.5,0.0,0.19398052428037324,2024,12,7,5,winter
14474,2024-10-02,Oorja Kunda,East,Patna,Sports,Dumbbells,Dumbbells Cupiditate,3,30228,10,81615.6,7327.38,Cod,0.1,81615.6,0.0,0.08977915986649611,2024,10,2,2,Fall
14475,2025-04-17,Nitya Deo,South,Chennai,Beauty,Perfume,Perfume Quasi,2,53451,10,96211.8,22143.06,Cod,0.1,96211.8,0.0,0.23014910852930723,2025,4,17,3,Spring
14476,2024-06-24,Keya Kalla,West,Mumbai,Furniture,Bed,Bed Vel,4,40921,0,163684.0,32116.72,Debit Card,0.0,163684.0,0.0,0.1962117250311576,2024,6,24,0,Summer
14477,2024-09-01,Anaya Chahal,East,Ranchi,Toys,Doll,Doll Cumque,5,9565,0,47825.0,3407.88,Cod,0.0,47825.0,0.0,0.07125729221118662,2024,9,1,6,Fall
14478,2025-07-07,Rati Yogi,South,Hyderabad,Furniture,Bed,Bed Reprehenderit,1,74395,15,63235.75,14639.26,Debit Card,0.15,63235.75,0.0,0.2315029077697347,2025,7,7,0,Summer
14479,2025-04-10,Jayant Dhar,West,Pune,Clothing,Men'S Wear,Men's Wear Dolor,3,15388,20,36931.2,2055.42,Debit Card,0.2,36931.200000000004,7.275957614183426e-12,0.055655380816220436,2025,4,10,3,Spring
14480,2024-10-18,Tara Kala,East,Bhubaneswar,Books,Non-Fiction,Non-Fiction Molestiae,3,47729,15,121708.95,27820.32,Net Banking,0.15,121708.95,0.0,0.22858072475360275,2024,10,18,4,Fall
14481,2024-04-04,Mehul Roy,South,Chennai,Beauty,Foundation,Foundation Aut,1,53022,15,45068.7,6665.96,Upi,0.15,45068.7,0.0,0.14790664030690925,2024,4,4,3,Spring
14482,2024-06-05,Shamik Vyas,North,Lucknow,Clothing,Men'S Wear,Men's Wear Ad,4,36345,10,130842.0,6607.11,Upi,0.1,130842.0,0.0,0.05049685880680515,2024,6,5,2,Summer
14483,2024-06-29,Kiaan Venkataraman,West,Mumbai,Clothing,Shoes,Shoes Officia,3,42121,5,120044.85,18629.53,Upi,0.05,120044.84999999999,1.4551915228366852e-11,0.15518808178776514,2024,6,29,5,Summer
14484,2024-11-02,Adah Gokhale,North,Delhi,Sports,Yoga Mat,Yoga Mat Incidunt,1,47219,20,37775.2,6868.87,Debit Card,0.2,37775.200000000004,7.275957614183426e-12,0.18183543700628985,2024,11,2,5,Fall
14485,2024-12-21,Shalv Bhattacharyya,West,Pune,Electronics,Camera,Camera Perspiciatis,3,13297,10,35901.9,4003.9,Debit Card,0.1,35901.9,0.0,0.11152334556109844,2024,12,21,5,winter
14486,2023-10-14,Vivaan Sastry,South,Bangalore,Kitchen,Cookware Set,Cookware Set Neque,4,15484,0,61936.0,10861.3,Credit Card,0.0,61936.0,0.0,0.17536327822268147,2023,10,14,5,Fall
14487,2025-01-03,Kartik Tara,West,Surat,Furniture,Bed,Bed Temporibus,2,31835,15,54119.5,11378.3,Credit Card,0.15,54119.5,0.0,0.21024399708053473,2025,1,3,4,winter
14488,2024-02-08,Himmat Zachariah,North,Chandigarh,Kitchen,Refrigerator,Refrigerator Ipsa,5,21648,0,108240.0,24320.48,Credit Card,0.0,108240.0,0.0,0.22469031781226903,2024,2,8,3,winter
14489,2024-03-03,Bhamini Sane,South,Hyderabad,Beauty,Lipstick,Lipstick Debitis,4,54409,15,184990.6,17654.64,Net Banking,0.15,184990.6,0.0,0.09543533563327,2024,3,3,6,Spring
14490,2025-05-05,Stuvan Hans,South,Thiruvananthapuram,Home Decor,Lamp,Lamp Culpa,1,20244,0,20244.0,5010.18,Upi,0.0,20244.0,0.0,0.2474896265560166,2025,5,5,0,Spring
14491,2025-07-24,Hiran Karpe,West,Mumbai,Furniture,Bed,Bed Blanditiis,4,49308,10,177508.8,37651.0,Cod,0.1,177508.80000000002,2.9103830456733704e-11,0.21210779409246192,2025,7,24,3,Summer
14492,2025-09-27,Vanya Iyer,South,Hyderabad,Sports,Football,Football Eius,1,25617,0,25617.0,5013.92,Net Banking,0.0,25617.0,0.0,0.1957262755201624,2025,9,27,5,Fall
14493,2024-04-25,Mannat Sodhi,North,Lucknow,Furniture,Sofa,Sofa Vitae,5,61855,10,278347.5,45876.9,Net Banking,0.1,278347.5,0.0,0.1648187966480748,2024,4,25,3,Spring
14494,2024-02-25,Hunar Deo,East,Guwahati,Kitchen,Refrigerator,Refrigerator Sunt,3,64359,15,164115.45,18208.24,Credit Card,0.15,164115.44999999998,2.9103830456733704e-11,0.11094775050124775,2024,2,25,6,winter
14495,2025-04-17,Romil Devan,West,Surat,Electronics,Mobile,Mobile Itaque,3,10922,0,32766.0,5368.42,Cod,0.0,32766.0,0.0,0.16384117682964047,2025,4,17,3,Spring
14496,2024-12-11,Vivaan Sheth,East,Kolkata,Furniture,Bed,Bed Laudantium,3,57472,20,137932.8,26664.84,Net Banking,0.2,137932.80000000002,2.9103830456733704e-11,0.19331761553452118,2024,12,11,2,winter
14497,2025-04-25,Aarav Kaur,East,Ranchi,Clothing,Shoes,Shoes Est,5,72225,20,288900.0,67695.04,Upi,0.2,288900.0,0.0,0.23431997230875734,2025,4,25,4,Spring
14498,2025-01-29,Ishita Lall,East,Kolkata,Kitchen,Mixer Grinder,Mixer Grinder Nobis,4,24330,5,92454.0,11781.54,Credit Card,0.05,92454.0,0.0,0.1274313712765267,2025,1,29,2,winter
14499,2025-06-15,Hrishita Sankar,West,Surat,Beauty,Face Cream,Face Cream Voluptatum,5,62839,15,267065.75,14465.93,Upi,0.15,267065.75,0.0,0.054166174434572764,2025,6,15,6,Summer
14500,2024-08-18,Nirvaan Lad,South,Chennai,Sports,Dumbbells,Dumbbells Mollitia,4,42141,0,168564.0,31098.14,Upi,0.0,168564.0,0.0,0.1844886215324743,2024,8,18,6,Summer
14501,2024-11-25,Himmat Bhagat,East,Bhubaneswar,Toys,Doll,Doll Repellat,3,21828,0,65484.0,3895.12,Net Banking,0.0,65484.0,0.0,0.059482010872884974,2024,11,25,0,Fall
14502,2024-06-16,Damini Acharya,West,Ahmedabad,Furniture,Sofa,Sofa Nam,2,7873,20,12596.8,2502.94,Debit Card,0.2,12596.800000000001,1.8189894035458565e-12,0.19869649434777087,2024,6,16,6,Summer
14503,2024-03-04,Kimaya Ganguly,West,Mumbai,Home Decor,Clock,Clock Perferendis,2,60191,5,114362.9,7027.29,Net Banking,0.05,114362.9,0.0,0.06144728753817891,2024,3,4,0,Spring
14504,2024-12-15,Fateh Brahmbhatt,East,Bhubaneswar,Electronics,Headphones,Headphones Facilis,2,78088,20,124940.8,8951.74,Net Banking,0.2,124940.8,0.0,0.07164785242290748,2024,12,15,6,winter
14505,2025-08-11,Anahi Bandi,East,Bhubaneswar,Electronics,Smartwatch,Smartwatch Optio,1,43318,0,43318.0,6694.07,Credit Card,0.0,43318.0,0.0,0.1545332194468812,2025,8,11,0,Summer
14506,2025-01-23,Biju Kadakia,South,Coimbatore,Books,Fiction,Fiction Aperiam,4,7219,0,28876.0,5234.13,Cod,0.0,28876.0,0.0,0.18126229394652998,2025,1,23,3,winter
14507,2024-04-23,Nirvaan Bhattacharyya,West,Mumbai,Electronics,Mobile,Mobile Autem,3,2615,5,7452.75,1657.72,Credit Card,0.05,7452.75,0.0,0.2224306464056892,2024,4,23,1,Spring
14508,2023-12-31,Bhamini Rout,West,Ahmedabad,Clothing,Shoes,Shoes Quo,4,8846,10,31845.6,2450.87,Credit Card,0.1,31845.600000000002,3.637978807091713e-12,0.07696102444293718,2023,12,31,6,winter
14509,2024-06-19,Aarush Kalla,East,Bhubaneswar,Clothing,Accessories,Accessories Veritatis,3,33572,0,100716.0,16412.52,Debit Card,0.0,100716.0,0.0,0.16295841772905995,2024,6,19,2,Summer
14510,2025-09-27,Navya Sagar,East,Bhubaneswar,Furniture,Table,Table Beatae,2,36868,5,70049.2,17488.16,Debit Card,0.05,70049.2,0.0,0.2496553850722064,2025,9,27,5,Fall
14511,2025-02-18,Nehmat Date,West,Ahmedabad,Kitchen,Juicer,Juicer Necessitatibus,3,61549,10,166182.3,28718.27,Debit Card,0.1,166182.30000000002,2.9103830456733704e-11,0.17281184578622394,2025,2,18,1,winter
14512,2024-09-03,Vaibhav Gokhale,North,Amritsar,Clothing,Men'S Wear,Men's Wear Similique,4,23872,0,95488.0,18486.04,Upi,0.0,95488.0,0.0,0.19359542560321716,2024,9,3,1,Fall
14513,2025-07-03,Lakshay Johal,West,Surat,Books,Fiction,Fiction Impedit,4,50497,15,171689.8,26317.16,Cod,0.15,171689.8,0.0,0.15328318863438598,2025,7,3,3,Summer
14514,2023-10-15,Aaina Ganguly,South,Bangalore,Sports,Yoga Mat,Yoga Mat Quam,4,4495,20,14384.0,2803.41,Cod,0.2,14384.0,0.0,0.19489780311457175,2023,10,15,6,Fall
14515,2023-10-18,Jivin Chauhan,West,Pune,Electronics,Headphones,Headphones Minus,1,48140,10,43326.0,8066.39,Credit Card,0.1,43326.0,0.0,0.18617896874855747,2023,10,18,2,Fall
14516,2024-06-03,Himmat Mannan,North,Lucknow,Kitchen,Microwave,Microwave Neque,2,49006,10,88210.8,18676.64,Debit Card,0.1,88210.8,0.0,0.21172736218240848,2024,6,3,0,Summer
14517,2025-05-22,Riaan Mannan,South,Chennai,Toys,Action Figure,Action Figure Amet,4,75443,0,301772.0,15437.13,Debit Card,0.0,301772.0,0.0,0.051154944792757444,2025,5,22,3,Spring
14518,2024-08-09,Samar Ghosh,West,Goa,Groceries,Rice,Rice Dignissimos,3,29047,20,69712.8,7430.39,Credit Card,0.2,69712.8,0.0,0.10658573461401637,2024,8,9,4,Summer
14519,2025-04-17,Rohan Ramachandran,North,Delhi,Electronics,Camera,Camera Atque,2,64325,10,115785.0,23937.05,Cod,0.1,115785.0,0.0,0.20673705574988124,2025,4,17,3,Spring
14520,2025-10-01,Ela Dave,East,Patna,Groceries,Sugar,Sugar Aspernatur,1,29157,0,29157.0,1887.58,Upi,0.0,29157.0,0.0,0.06473848475494735,2025,10,1,2,Fall
14521,2024-07-31,Yuvaan Din,East,Bhubaneswar,Furniture,Table,Table Quae,1,7259,0,7259.0,925.64,Debit Card,0.0,7259.0,0.0,0.1275161868025899,2024,7,31,2,Summer
14522,2024-05-07,Kiaan Virk,West,Ahmedabad,Kitchen,Cookware Set,Cookware Set Esse,4,12982,20,41542.4,9694.35,Debit Card,0.2,41542.4,0.0,0.23336037397935602,2024,5,7,1,Spring
14523,2025-03-30,Tejas Kaur,South,Bangalore,Toys,Doll,Doll Eveniet,1,67075,0,67075.0,4915.7,Net Banking,0.0,67075.0,0.0,0.07328661945583302,2025,3,30,6,Spring
14524,2024-02-15,Vaibhav Ratta,West,Ahmedabad,Books,Comics,Comics Quasi,4,14927,15,50751.8,4972.28,Debit Card,0.15,50751.799999999996,7.275957614183426e-12,0.0979724857049405,2024,2,15,3,winter
14525,2025-09-07,Ishaan Dube,South,Hyderabad,Kitchen,Microwave,Microwave Perferendis,3,24052,0,72156.0,8623.32,Net Banking,0.0,72156.0,0.0,0.11950939630799932,2025,9,7,6,Fall
14526,2025-04-11,Akarsh Dora,East,Guwahati,Groceries,Rice,Rice Voluptatem,3,14592,20,35020.8,6311.7,Net Banking,0.2,35020.8,0.0,0.18022717927631576,2025,4,11,4,Spring
14527,2024-01-21,Aarna Doshi,West,Ahmedabad,Toys,Doll,Doll Accusamus,2,21798,20,34876.8,2317.16,Cod,0.2,34876.8,0.0,0.06643843471878152,2024,1,21,6,winter
14528,2024-02-22,Jayan Dayal,East,Ranchi,Books,Textbook,Textbook Distinctio,2,24487,10,44076.6,5989.51,Debit Card,0.1,44076.6,0.0,0.1358886574735801,2024,2,22,3,winter
14529,2025-04-08,Trisha Bhargava,North,Lucknow,Toys,Action Figure,Action Figure Sunt,4,30628,20,98009.6,15014.9,Net Banking,0.2,98009.6,0.0,0.15319825812981583,2025,4,8,1,Spring
14530,2025-03-11,Anika Varghese,West,Ahmedabad,Toys,Puzzle,Puzzle Corrupti,4,65659,0,262636.0,33936.98,Credit Card,0.0,262636.0,0.0,0.12921678673144582,2025,3,11,1,Spring
14531,2023-12-13,Mehul Dutt,East,Ranchi,Clothing,Shoes,Shoes Consectetur,5,34009,5,161542.75,31954.32,Debit Card,0.05,161542.75,0.0,0.19780720583251182,2023,12,13,2,winter
14532,2024-04-14,Ritvik Sandhu,East,Ranchi,Electronics,Camera,Camera Magni,4,72863,20,233161.6,24178.72,Credit Card,0.2,233161.6,0.0,0.10369940847892621,2024,4,14,6,Spring
14533,2025-04-18,Shayak Dhawan,East,Ranchi,Furniture,Bed,Bed Commodi,5,52297,5,248410.75,59977.87,Net Banking,0.05,248410.75,0.0,0.24144635447540014,2025,4,18,4,Spring
14534,2025-01-26,Rati Singhal,North,Jaipur,Clothing,Accessories,Accessories Rem,3,8589,20,20613.6,2863.97,Cod,0.2,20613.600000000002,3.637978807091713e-12,0.13893594520122637,2025,1,26,6,winter
14535,2024-09-27,Trisha Srivastava,East,Bhubaneswar,Clothing,Women'S Wear,Women's Wear Doloremque,1,4555,0,4555.0,459.14,Debit Card,0.0,4555.0,0.0,0.10079912184412733,2024,9,27,4,Fall
14536,2024-07-12,Biju Gupta,East,Ranchi,Home Decor,Lamp,Lamp Commodi,1,49163,20,39330.4,9394.41,Cod,0.2,39330.4,0.0,0.23885874539796187,2024,7,12,4,Summer
14537,2023-12-09,Mahika Kakar,East,Guwahati,Electronics,Smartwatch,Smartwatch Odit,4,4780,15,16252.0,3580.22,Upi,0.15,16252.0,0.0,0.2202941176470588,2023,12,9,5,winter
14538,2025-03-26,Reyansh Sarna,East,Ranchi,Clothing,Women'S Wear,Women's Wear Suscipit,2,2967,15,5043.9,876.72,Upi,0.15,5043.9,0.0,0.17381787902218523,2025,3,26,2,Spring
14539,2024-12-10,Dhruv Kata,North,Jaipur,Clothing,Women'S Wear,Women's Wear Deserunt,5,29733,10,133798.5,25623.16,Net Banking,0.1,133798.5,0.0,0.19150558489071254,2024,12,10,1,winter
14540,2025-03-27,Trisha Ram,North,Lucknow,Sports,Dumbbells,Dumbbells A,1,75470,5,71696.5,13877.65,Cod,0.05,71696.5,0.0,0.19356105249210212,2025,3,27,3,Spring
14541,2024-06-19,Alisha Doctor,North,Lucknow,Sports,Yoga Mat,Yoga Mat Consectetur,2,2280,15,3876.0,360.92,Credit Card,0.15,3876.0,0.0,0.09311661506707947,2024,6,19,2,Summer
14542,2024-12-09,Keya Walia,North,Jaipur,Toys,Action Figure,Action Figure Velit,1,74388,5,70668.6,8123.08,Cod,0.05,70668.59999999999,1.4551915228366852e-11,0.11494610053121188,2024,12,9,0,winter
14543,2024-01-12,Yashvi Brahmbhatt,West,Surat,Books,Biography,Biography Ex,1,50224,0,50224.0,11860.63,Upi,0.0,50224.0,0.0,0.23615462726983114,2024,1,12,4,winter
14544,2024-08-15,Nirvaan Talwar,South,Thiruvananthapuram,Furniture,Chair,Chair Magnam,2,22591,10,40663.8,6341.66,Credit Card,0.1,40663.8,0.0,0.15595345245648462,2024,8,15,3,Summer
14545,2024-01-26,Aaryahi Lata,West,Surat,Books,Biography,Biography Dignissimos,1,17220,20,13776.0,1016.55,Credit Card,0.2,13776.0,0.0,0.07379137630662021,2024,1,26,4,winter
14546,2025-06-15,Raghav Mammen,East,Patna,Beauty,Shampoo,Shampoo Voluptate,3,5668,20,13603.2,1038.67,Cod,0.2,13603.2,0.0,0.07635482827569984,2025,6,15,6,Summer
14547,2024-05-21,Aarush Mandal,North,Lucknow,Electronics,Headphones,Headphones Non,3,54750,15,139612.5,12103.4,Upi,0.15,139612.5,0.0,0.08669281045751634,2024,5,21,1,Spring
14548,2024-07-11,Arnav Buch,East,Guwahati,Clothing,Shoes,Shoes Natus,2,15743,15,26763.1,6185.87,Net Banking,0.15,26763.1,0.0,0.23113428563955596,2024,7,11,3,Summer
14549,2024-10-31,Dhanuk Bhardwaj,East,Bhubaneswar,Kitchen,Microwave,Microwave Voluptates,4,65522,15,222774.8,23397.89,Credit Card,0.15,222774.8,0.0,0.10502933904552939,2024,10,31,3,Fall
14550,2024-04-17,Myra Randhawa,East,Bhubaneswar,Groceries,Rice,Rice Vel,5,39827,5,189178.25,28616.27,Credit Card,0.05,189178.25,0.0,0.15126617356910743,2024,4,17,2,Spring
14551,2025-07-13,Riaan Lad,West,Pune,Books,Textbook,Textbook Delectus,5,34500,10,155250.0,38493.68,Net Banking,0.1,155250.0,0.0,0.24794640901771337,2025,7,13,6,Summer
14552,2025-03-06,Ryan Boase,South,Hyderabad,Beauty,Foundation,Foundation Alias,2,42789,15,72741.3,14133.28,Debit Card,0.15,72741.3,0.0,0.19429512532770243,2025,3,6,3,Spring
14553,2024-11-27,Eshani Mann,East,Guwahati,Books,Textbook,Textbook Numquam,5,75669,15,321593.25,40730.55,Credit Card,0.15,321593.25,0.0,0.1266523784314503,2024,11,27,2,Fall
14554,2025-07-07,Aarush Jani,South,Chennai,Home Decor,Wall Art,Wall Art Quis,2,62225,0,124450.0,14004.36,Debit Card,0.0,124450.0,0.0,0.11253001205303335,2025,7,7,0,Summer
14555,2025-03-10,Anvi Trivedi,North,Amritsar,Electronics,Camera,Camera Explicabo,4,54607,20,174742.4,29651.53,Credit Card,0.2,174742.40000000002,2.9103830456733704e-11,0.16968709368762247,2025,3,10,0,Spring
14556,2025-04-30,Anahita Krishna,South,Chennai,Beauty,Perfume,Perfume Accusamus,2,24693,0,49386.0,11058.84,Upi,0.0,49386.0,0.0,0.2239266188798445,2025,4,30,2,Spring
14557,2023-10-09,Dharmajan Gole,West,Goa,Groceries,Sugar,Sugar Voluptates,5,73655,0,368275.0,89688.44,Net Banking,0.0,368275.0,0.0,0.24353659629353067,2023,10,9,0,Fall
14558,2025-01-29,Diya Sarraf,South,Bangalore,Books,Biography,Biography At,3,21308,10,57531.6,5108.01,Debit Card,0.1,57531.6,0.0,0.08878616273491438,2025,1,29,2,winter
14559,2023-11-22,Misha Salvi,East,Guwahati,Beauty,Shampoo,Shampoo Molestiae,1,56452,10,50806.8,9230.57,Cod,0.1,50806.8,0.0,0.18167981451301793,2023,11,22,2,Fall
14560,2024-08-05,Alisha Walla,North,Amritsar,Home Decor,Vase,Vase A,3,38281,20,91874.4,9971.38,Debit Card,0.2,91874.40000000001,1.4551915228366852e-11,0.10853273599609901,2024,8,5,0,Summer
14561,2025-03-25,Alisha Mannan,West,Surat,Home Decor,Vase,Vase Aut,5,25717,5,122155.75,15578.29,Cod,0.05,122155.75,0.0,0.12752809425671735,2025,3,25,1,Spring
14562,2024-09-10,Myra Dalal,North,Delhi,Beauty,Shampoo,Shampoo Quisquam,2,61600,10,110880.0,20590.35,Cod,0.1,110880.0,0.0,0.18569940476190475,2024,9,10,1,Fall
14563,2024-05-13,Shayak Bandi,West,Mumbai,Toys,Board Game,Board Game Veniam,1,16590,15,14101.5,753.61,Credit Card,0.15,14101.5,0.0,0.053441832429174205,2024,5,13,0,Spring
14564,2023-10-28,Lagan Venkatesh,East,Ranchi,Groceries,Oil,Oil Magni,4,67483,5,256435.4,48469.58,Net Banking,0.05,256435.4,0.0,0.18901282740214495,2023,10,28,5,Fall
14565,2023-12-31,Eshani Shenoy,West,Ahmedabad,Home Decor,Clock,Clock Culpa,3,27065,10,73075.5,13185.79,Upi,0.1,73075.5,0.0,0.18044064015983471,2023,12,31,6,winter
14566,2023-11-22,Priyansh Mahajan,North,Chandigarh,Groceries,Wheat,Wheat Corporis,4,42660,5,162108.0,28163.45,Upi,0.05,162108.0,0.0,0.1737326350334345,2023,11,22,2,Fall
14567,2023-11-19,Anahita Agarwal,South,Chennai,Furniture,Sofa,Sofa Facilis,2,37940,5,72086.0,10811.55,Debit Card,0.05,72086.0,0.0,0.14998127236911465,2023,11,19,6,Fall
14568,2024-08-28,Jayant Yohannan,South,Coimbatore,Kitchen,Juicer,Juicer Blanditiis,1,36209,10,32588.1,7824.14,Upi,0.1,32588.100000000002,3.637978807091713e-12,0.24009193539973184,2024,8,28,2,Summer
14569,2024-08-09,Gatik Jayaraman,East,Guwahati,Electronics,Laptop,Laptop Modi,3,9523,5,27140.55,3677.0,Cod,0.05,27140.55,0.0,0.1354799368472636,2024,8,9,4,Summer
14570,2024-05-14,Charvi Lala,North,Jaipur,Electronics,Mobile,Mobile Quam,4,25375,20,81200.0,12348.54,Net Banking,0.2,81200.0,0.0,0.1520756157635468,2024,5,14,1,Spring
14571,2025-04-06,Sumer Sengupta,West,Mumbai,Clothing,Shoes,Shoes Facere,1,18066,10,16259.4,888.36,Net Banking,0.1,16259.4,0.0,0.054636702461345436,2025,4,6,6,Spring
14572,2024-01-04,Ojas Uppal,South,Hyderabad,Kitchen,Microwave,Microwave Architecto,1,72775,5,69136.25,3824.7,Upi,0.05,69136.25,0.0,0.05532119546547578,2024,1,4,3,winter
14573,2024-06-18,Jivika Raja,South,Bangalore,Groceries,Oil,Oil Perspiciatis,3,74936,15,191086.8,10795.44,Upi,0.15,191086.8,0.0,0.0564949541255597,2024,6,18,1,Summer
14574,2024-05-26,Ehsaan Das,South,Bangalore,Sports,Cricket Bat,Cricket Bat Molestias,3,51851,20,124442.4,27980.89,Cod,0.2,124442.40000000001,1.4551915228366852e-11,0.22485013146644553,2024,5,26,6,Spring
14575,2025-02-26,Mishti Vala,South,Thiruvananthapuram,Electronics,Camera,Camera Officia,4,19186,10,69069.6,8781.31,Cod,0.1,69069.6,0.0,0.12713711965901062,2025,2,26,2,winter
14576,2024-02-10,Nirvi Bhasin,South,Coimbatore,Groceries,Sugar,Sugar Laborum,5,43409,10,195340.5,17255.18,Credit Card,0.1,195340.5,0.0,0.0883338580581088,2024,2,10,5,winter
14577,2025-03-16,Taimur Comar,North,Lucknow,Beauty,Foundation,Foundation Dolorum,2,46622,0,93244.0,5623.38,Credit Card,0.0,93244.0,0.0,0.060308223585431774,2025,3,16,6,Spring
14578,2023-11-14,Vidur Gandhi,West,Goa,Kitchen,Refrigerator,Refrigerator Maiores,4,75759,5,287884.2,27464.79,Upi,0.05,287884.2,0.0,0.09540221380680149,2023,11,14,1,Fall
14579,2024-09-02,Seher Shetty,North,Delhi,Kitchen,Refrigerator,Refrigerator Impedit,5,15012,5,71307.0,15010.02,Debit Card,0.05,71307.0,0.0,0.21049854852959737,2024,9,2,0,Fall
14580,2025-09-01,Rasha Thaman,South,Coimbatore,Books,Textbook,Textbook Accusamus,2,70609,10,127096.2,30765.41,Debit Card,0.1,127096.2,0.0,0.2420639641468431,2025,9,1,0,Fall
14581,2024-08-20,Aniruddh Bhavsar,North,Delhi,Books,Fiction,Fiction Quos,5,56097,5,266460.75,29233.39,Credit Card,0.05,266460.75,0.0,0.10970992913590463,2024,8,20,1,Summer
14582,2024-05-17,Ranbir Sehgal,North,Amritsar,Books,Fiction,Fiction Eos,1,44617,0,44617.0,8399.67,Credit Card,0.0,44617.0,0.0,0.18826164914718604,2024,5,17,4,Spring
14583,2024-04-13,Myra Gopal,East,Patna,Clothing,Men'S Wear,Men's Wear Consectetur,5,23757,5,112845.75,20200.72,Cod,0.05,112845.75,0.0,0.17901179264615638,2024,4,13,5,Spring
14584,2025-04-19,Dhanush Dhaliwal,West,Surat,Home Decor,Wall Art,Wall Art Asperiores,3,32050,10,86535.0,20339.17,Net Banking,0.1,86535.0,0.0,0.23503981048130812,2025,4,19,5,Spring
14585,2024-11-25,Alia Brahmbhatt,East,Kolkata,Home Decor,Cushion,Cushion Laudantium,3,79277,10,214047.9,47028.5,Upi,0.1,214047.9,0.0,0.21971016767742174,2024,11,25,0,Fall
14586,2025-06-12,Tanya Sahota,East,Bhubaneswar,Toys,Action Figure,Action Figure Occaecati,4,27950,15,95030.0,9115.43,Cod,0.15,95030.0,0.0,0.09592160370409344,2025,6,12,3,Summer
14587,2024-08-08,Saanvi Dugar,North,Chandigarh,Toys,Action Figure,Action Figure Suscipit,2,49690,15,84473.0,9125.98,Debit Card,0.15,84473.0,0.0,0.10803428314372639,2024,8,8,3,Summer
14588,2024-03-02,Mamooty Kaul,North,Chandigarh,Clothing,Shoes,Shoes Cum,1,35032,10,31528.8,3488.26,Credit Card,0.1,31528.8,0.0,0.11063725863337648,2024,3,2,5,Spring
14589,2023-10-19,Seher Tandon,West,Surat,Toys,Rc Car,RC Car Quisquam,2,32915,15,55955.5,7212.67,Cod,0.15,55955.5,0.0,0.12890010812163236,2023,10,19,3,Fall
14590,2025-05-13,Mohanlal Dubey,South,Coimbatore,Toys,Action Figure,Action Figure Possimus,5,34275,10,154237.5,24911.22,Net Banking,0.1,154237.5,0.0,0.16151208363724776,2025,5,13,1,Spring
14591,2024-01-26,Yuvraj  Roy,East,Ranchi,Groceries,Sugar,Sugar Doloribus,3,25218,15,64305.9,13301.03,Cod,0.15,64305.9,0.0,0.20683996336261526,2024,1,26,4,winter
14592,2024-03-02,Faiyaz Tiwari,South,Hyderabad,Groceries,Sugar,Sugar Libero,1,50536,5,48009.2,5845.32,Net Banking,0.05,48009.2,0.0,0.1217541637852745,2024,3,2,5,Spring
14593,2025-05-31,Nirvi Raj,North,Amritsar,Sports,Yoga Mat,Yoga Mat Eveniet,1,2635,0,2635.0,347.17,Upi,0.0,2635.0,0.0,0.13175332068311196,2025,5,31,5,Spring
14594,2024-01-16,Tarini Bandi,West,Goa,Furniture,Chair,Chair Unde,4,65025,10,234090.0,44512.95,Debit Card,0.1,234090.0,0.0,0.19015314622581056,2024,1,16,1,winter
14595,2025-08-20,Divij Dixit,North,Amritsar,Furniture,Sofa,Sofa Voluptas,1,75750,10,68175.0,5299.2,Upi,0.1,68175.0,0.0,0.07772937293729372,2025,8,20,2,Summer
14596,2024-09-12,Damini Rau,West,Ahmedabad,Electronics,Headphones,Headphones Dolore,5,50439,20,201756.0,18011.01,Credit Card,0.2,201756.0,0.0,0.08927124843870814,2024,9,12,3,Fall
14597,2025-01-10,Urvi Varma,West,Surat,Groceries,Wheat,Wheat Alias,4,705,0,2820.0,459.12,Net Banking,0.0,2820.0,0.0,0.16280851063829788,2025,1,10,4,winter
14598,2024-02-08,Saira Cherian,South,Hyderabad,Groceries,Oil,Oil Officiis,3,30416,20,72998.4,4884.91,Debit Card,0.2,72998.40000000001,1.4551915228366852e-11,0.06691804203927758,2024,2,8,3,winter
14599,2025-05-26,Rati Bail,East,Guwahati,Home Decor,Clock,Clock Quidem,3,23013,0,69039.0,16389.33,Upi,0.0,69039.0,0.0,0.23739234345804547,2025,5,26,0,Spring
14600,2024-01-24,Dhanuk Yadav,North,Amritsar,Kitchen,Refrigerator,Refrigerator Velit,2,57650,15,98005.0,8250.4,Debit Card,0.15,98005.0,0.0,0.08418346002754962,2024,1,24,2,winter
14601,2025-03-11,Hridaan Luthra,South,Coimbatore,Clothing,Shoes,Shoes A,4,33939,5,128968.2,23069.65,Upi,0.05,128968.2,0.0,0.17887859177688764,2025,3,11,1,Spring
14602,2025-01-17,Tiya Dhar,North,Amritsar,Books,Biography,Biography Molestias,1,43515,15,36987.75,3373.19,Credit Card,0.15,36987.75,0.0,0.09119749106122974,2025,1,17,4,winter
14603,2025-06-22,Parinaaz Dixit,North,Chandigarh,Groceries,Wheat,Wheat Animi,3,22419,20,53805.6,7062.92,Net Banking,0.2,53805.600000000006,7.275957614183426e-12,0.13126737737335892,2025,6,22,6,Summer
14604,2025-05-27,Rasha Johal,North,Delhi,Clothing,Women'S Wear,Women's Wear Corrupti,3,44615,5,127152.75,12407.21,Credit Card,0.05,127152.75,0.0,0.0975772053691328,2025,5,27,1,Spring
14605,2023-12-20,Vardaniya Chaudhari,East,Patna,Clothing,Accessories,Accessories Mollitia,1,55296,10,49766.4,9434.99,Cod,0.1,49766.4,0.0,0.18958554365997943,2023,12,20,2,winter
14606,2024-01-19,Jivika Agrawal,West,Pune,Sports,Tennis Racket,Tennis Racket Excepturi,3,45903,20,110167.2,24032.45,Debit Card,0.2,110167.20000000001,1.4551915228366852e-11,0.21814523742093836,2024,1,19,4,winter
14607,2024-09-16,Ritvik Venkatesh,West,Pune,Home Decor,Vase,Vase Nisi,1,51820,10,46638.0,5597.32,Cod,0.1,46638.0,0.0,0.12001629572451648,2024,9,16,0,Fall
14608,2024-09-06,Rania Bhavsar,West,Goa,Electronics,Headphones,Headphones Quidem,5,29633,10,133348.5,10534.82,Net Banking,0.1,133348.5,0.0,0.07900216350390143,2024,9,6,4,Fall
14609,2024-02-16,Advika Thaman,East,Kolkata,Beauty,Perfume,Perfume Commodi,3,20814,5,59319.9,7273.45,Credit Card,0.05,59319.899999999994,7.275957614183426e-12,0.122613996314896,2024,2,16,4,winter
14610,2025-07-11,Anahi Raval,West,Goa,Beauty,Foundation,Foundation Facere,4,26570,20,85024.0,19730.83,Net Banking,0.2,85024.0,0.0,0.23206188840797895,2025,7,11,4,Summer
14611,2025-04-18,Fateh Kala,East,Ranchi,Furniture,Table,Table Tenetur,4,13148,20,42073.6,2289.72,Cod,0.2,42073.600000000006,7.275957614183426e-12,0.05442177517493155,2025,4,18,4,Spring
14612,2024-05-07,Hansh Tak,South,Chennai,Kitchen,Juicer,Juicer Nostrum,1,21735,10,19561.5,4391.08,Upi,0.1,19561.5,0.0,0.22447562814712574,2024,5,7,1,Spring
14613,2025-03-23,Vedika Magar,South,Thiruvananthapuram,Sports,Yoga Mat,Yoga Mat Id,1,13556,10,12200.4,1992.0,Upi,0.1,12200.4,0.0,0.16327333530048196,2025,3,23,6,Spring
14614,2024-11-05,Renee Ratta,South,Thiruvananthapuram,Sports,Yoga Mat,Yoga Mat Quod,2,5764,10,10375.2,1395.4,Credit Card,0.1,10375.2,0.0,0.13449379289073946,2024,11,5,1,Fall
14615,2024-09-12,Anvi Keer,East,Patna,Sports,Cricket Bat,Cricket Bat Eum,2,71299,10,128338.2,26654.8,Debit Card,0.1,128338.2,0.0,0.2076918641526841,2024,9,12,3,Fall
14616,2024-05-12,Riaan Loyal,West,Mumbai,Toys,Action Figure,Action Figure Expedita,4,66754,15,226963.6,44175.4,Credit Card,0.15,226963.6,0.0,0.1946364967774568,2024,5,12,6,Spring
14617,2024-07-18,Anay Bala,West,Pune,Books,Comics,Comics Dignissimos,4,28747,15,97739.8,21482.39,Cod,0.15,97739.8,0.0,0.21979163043100147,2024,7,18,3,Summer
14618,2024-12-10,Ishita Keer,North,Amritsar,Sports,Cricket Bat,Cricket Bat Aut,3,58800,15,149940.0,28107.56,Cod,0.15,149940.0,0.0,0.18745871682006138,2024,12,10,1,winter
14619,2025-03-30,Bhavin Som,West,Goa,Home Decor,Vase,Vase Porro,1,36266,0,36266.0,4748.85,Net Banking,0.0,36266.0,0.0,0.1309449622235703,2025,3,30,6,Spring
14620,2024-01-20,Veer D鈥橝Lia,North,Amritsar,Furniture,Chair,Chair Adipisci,3,59820,10,161514.0,11816.56,Debit Card,0.1,161514.0,0.0,0.07316121203115519,2024,1,20,5,winter
14621,2024-01-04,Onkar Borah,South,Thiruvananthapuram,Home Decor,Cushion,Cushion Voluptates,1,14133,0,14133.0,3000.83,Upi,0.0,14133.0,0.0,0.2123278850916295,2024,1,4,3,winter
14622,2024-04-04,Nayantara Mammen,North,Amritsar,Furniture,Chair,Chair Excepturi,2,78956,10,142120.8,12670.11,Cod,0.1,142120.80000000002,2.9103830456733704e-11,0.0891502862353716,2024,4,4,3,Spring
14623,2025-08-12,Ranbir Kumar,North,Jaipur,Kitchen,Juicer,Juicer Fugit,2,15749,20,25198.4,2935.24,Net Banking,0.2,25198.4,0.0,0.11648517366181978,2025,8,12,1,Summer
14624,2024-01-19,Sana Ram,West,Goa,Kitchen,Microwave,Microwave Quaerat,5,39258,15,166846.5,31754.79,Credit Card,0.15,166846.5,0.0,0.1903233810718235,2024,1,19,4,winter
14625,2024-08-05,Arhaan Dasgupta,East,Ranchi,Books,Fiction,Fiction Animi,3,74402,10,200885.4,34197.42,Credit Card,0.1,200885.4,0.0,0.1702334763999773,2024,8,5,0,Summer
14626,2025-03-25,Ranbir Chada,West,Ahmedabad,Furniture,Chair,Chair Aliquid,1,2029,0,2029.0,264.66,Debit Card,0.0,2029.0,0.0,0.130438639724002,2025,3,25,1,Spring
14627,2024-07-05,Dhruv Joshi,West,Surat,Books,Comics,Comics Aspernatur,2,4559,20,7294.4,695.66,Upi,0.2,7294.400000000001,9.094947017729282e-13,0.09536905023031367,2024,7,5,4,Summer
14628,2024-01-07,Uthkarsh Bail,South,Bangalore,Beauty,Face Cream,Face Cream Porro,5,75487,15,320819.75,24580.16,Debit Card,0.15,320819.75,0.0,0.07661672948750817,2024,1,7,6,winter
14629,2025-05-23,Siya Hora,North,Amritsar,Toys,Board Game,Board Game Modi,4,10088,5,38334.4,3468.32,Cod,0.05,38334.4,0.0,0.09047539546725657,2025,5,23,4,Spring
14630,2025-02-06,Samaira Sastry,East,Patna,Clothing,Accessories,Accessories Ipsam,2,1670,20,2672.0,160.18,Net Banking,0.2,2672.0,0.0,0.05994760479041916,2025,2,6,3,winter
14631,2024-08-22,Manikya Sibal,South,Thiruvananthapuram,Beauty,Lipstick,Lipstick Repellat,2,66972,15,113852.4,16952.07,Net Banking,0.15,113852.4,0.0,0.14889514845536853,2024,8,22,3,Summer
14632,2024-07-13,Lakshay Malhotra,North,Delhi,Furniture,Table,Table Voluptates,4,30883,15,105002.2,15147.86,Net Banking,0.15,105002.2,0.0,0.1442623106944426,2024,7,13,5,Summer
14633,2025-06-24,Bhavin Anand,East,Ranchi,Kitchen,Juicer,Juicer Expedita,2,79645,0,159290.0,33087.24,Upi,0.0,159290.0,0.0,0.20771699416159206,2025,6,24,1,Summer
14634,2025-02-15,Biju Shan,West,Mumbai,Furniture,Sofa,Sofa Ad,3,63315,0,189945.0,36976.92,Upi,0.0,189945.0,0.0,0.19467172076127298,2025,2,15,5,winter
14635,2024-06-12,Saksham Chad,West,Surat,Sports,Yoga Mat,Yoga Mat Rerum,3,35118,20,84283.2,18661.31,Debit Card,0.2,84283.20000000001,1.4551915228366852e-11,0.2214119777132335,2024,6,12,2,Summer
14636,2025-05-22,Alia Sibal,North,Chandigarh,Home Decor,Cushion,Cushion Similique,3,46911,20,112586.4,22653.42,Credit Card,0.2,112586.40000000001,1.4551915228366852e-11,0.20120920466415126,2025,5,22,3,Spring
14637,2024-01-28,Oorja Bora,East,Kolkata,Home Decor,Cushion,Cushion Doloribus,3,55126,0,165378.0,10723.59,Credit Card,0.0,165378.0,0.0,0.06484290534412074,2024,1,28,6,winter
14638,2024-06-10,Advika Tiwari,West,Ahmedabad,Furniture,Sofa,Sofa Dolore,5,68968,20,275872.0,58633.92,Debit Card,0.2,275872.0,0.0,0.21254030854889222,2024,6,10,0,Summer
14639,2025-09-13,Myra Bansal,East,Patna,Electronics,Laptop,Laptop Maxime,4,6710,10,24156.0,3015.79,Cod,0.1,24156.0,0.0,0.12484641496936578,2025,9,13,5,Fall
14640,2024-04-14,Jayant Agate,North,Lucknow,Groceries,Oil,Oil Mollitia,2,21546,20,34473.6,1899.24,Cod,0.2,34473.6,0.0,0.055092592592592596,2024,4,14,6,Spring
14641,2024-06-24,Aradhya Kothari,East,Patna,Electronics,Mobile,Mobile Sapiente,3,9319,0,27957.0,5420.69,Debit Card,0.0,27957.0,0.0,0.19389383696390886,2024,6,24,0,Summer
14642,2025-06-27,Dhruv Sarna,South,Chennai,Home Decor,Clock,Clock Illum,1,8559,15,7275.15,739.35,Credit Card,0.15,7275.15,0.0,0.10162677058204986,2025,6,27,4,Summer
14643,2025-04-27,Myra Sodhi,South,Bangalore,Groceries,Wheat,Wheat Distinctio,2,15624,10,28123.2,4262.28,Cod,0.1,28123.2,0.0,0.1515574330090459,2025,4,27,6,Spring
14644,2025-03-16,Dhanush Ratti,North,Chandigarh,Home Decor,Clock,Clock Recusandae,5,68788,20,275152.0,59336.8,Debit Card,0.2,275152.0,0.0,0.21565098563702972,2025,3,16,6,Spring
14645,2024-09-03,Uthkarsh Bhardwaj,South,Bangalore,Home Decor,Lamp,Lamp Dolorem,1,79827,0,79827.0,13912.03,Debit Card,0.0,79827.0,0.0,0.17427724955215654,2024,9,3,1,Fall
14646,2024-06-12,Aarna Karnik,South,Hyderabad,Kitchen,Microwave,Microwave Recusandae,2,18022,15,30637.4,5909.14,Cod,0.15,30637.399999999998,3.637978807091713e-12,0.1928734161515011,2024,6,12,2,Summer
14647,2023-10-16,Krish Toor,West,Goa,Home Decor,Vase,Vase Ut,3,19990,10,53973.0,12190.49,Upi,0.1,53973.0,0.0,0.22586274618790877,2023,10,16,0,Fall
14648,2023-10-28,Shlok Kumer,East,Patna,Electronics,Laptop,Laptop Nihil,3,25326,10,68380.2,5534.28,Credit Card,0.1,68380.2,0.0,0.08093395456579536,2023,10,28,5,Fall
14649,2024-05-22,Ela Ghose,North,Amritsar,Clothing,Women'S Wear,Women's Wear Dignissimos,1,69568,20,55654.4,10611.14,Net Banking,0.2,55654.4,0.0,0.19066129542318305,2024,5,22,2,Spring
14650,2023-11-28,Riya Joshi,East,Patna,Clothing,Men'S Wear,Men's Wear Quisquam,1,64296,15,54651.6,9385.51,Cod,0.15,54651.6,0.0,0.17173348996186755,2023,11,28,1,Fall
14651,2024-11-15,Riya Ben,East,Guwahati,Groceries,Sugar,Sugar Dignissimos,5,27717,15,117797.25,23278.42,Net Banking,0.15,117797.25,0.0,0.19761429065619102,2024,11,15,4,Fall
14652,2024-05-04,Faiyaz Mand,North,Amritsar,Beauty,Shampoo,Shampoo Id,2,67957,15,115526.9,28589.33,Upi,0.15,115526.9,0.0,0.24746903102221218,2024,5,4,5,Spring
14653,2024-02-05,Advika Brahmbhatt,North,Amritsar,Furniture,Chair,Chair Quisquam,3,27553,10,74393.1,14327.42,Debit Card,0.1,74393.1,0.0,0.1925907106976319,2024,2,5,0,winter
14654,2025-04-13,Jhanvi Sem,North,Chandigarh,Kitchen,Mixer Grinder,Mixer Grinder Neque,2,60114,15,102193.8,16800.89,Upi,0.15,102193.8,0.0,0.16440224358033462,2025,4,13,6,Spring
14655,2024-10-02,Ishita Arya,South,Chennai,Books,Biography,Biography Neque,1,77299,15,65704.15,4199.71,Debit Card,0.15,65704.15,0.0,0.06391848916697043,2024,10,2,2,Fall
14656,2024-03-02,Ehsaan Khurana,South,Hyderabad,Furniture,Bed,Bed Pariatur,1,20073,10,18065.7,4015.11,Cod,0.1,18065.7,0.0,0.22225045251498696,2024,3,2,5,Spring
14657,2024-09-29,Ojas Bali,South,Chennai,Electronics,Mobile,Mobile Aliquam,4,2209,20,7068.8,577.69,Cod,0.2,7068.8,0.0,0.08172391353553644,2024,9,29,6,Fall
14658,2024-10-08,Trisha Sodhi,East,Patna,Clothing,Kids Wear,Kids Wear Incidunt,4,64679,5,245780.2,47534.13,Net Banking,0.05,245780.19999999998,2.9103830456733704e-11,0.1934009737155393,2024,10,8,1,Fall
14659,2023-11-22,Sana Ramanathan,North,Chandigarh,Home Decor,Clock,Clock Porro,4,74834,15,254435.6,61038.1,Credit Card,0.15,254435.6,0.0,0.23989606800306246,2023,11,22,2,Fall
14660,2025-01-15,Ranbir Master,East,Guwahati,Sports,Football,Football Laboriosam,3,34803,15,88747.65,6059.19,Upi,0.15,88747.65,0.0,0.06827437120870243,2025,1,15,2,winter
14661,2024-07-29,Anahi Bhagat,North,Jaipur,Home Decor,Wall Art,Wall Art Quos,1,72645,20,58116.0,13838.66,Upi,0.2,58116.0,0.0,0.23812134351985684,2024,7,29,0,Summer
14662,2024-12-09,Tarini Behl,South,Bangalore,Groceries,Sugar,Sugar At,2,68457,15,116376.9,24623.53,Cod,0.15,116376.9,0.0,0.21158434362833173,2024,12,9,0,winter
14663,2023-11-17,Farhan Joshi,South,Chennai,Beauty,Perfume,Perfume Non,1,23809,0,23809.0,2711.17,Debit Card,0.0,23809.0,0.0,0.11387164517619387,2023,11,17,4,Fall
14664,2025-07-19,Rati Rattan,South,Coimbatore,Furniture,Sofa,Sofa Iste,4,68951,15,234433.4,28931.58,Cod,0.15,234433.4,0.0,0.12341065735513797,2025,7,19,5,Summer
14665,2023-11-29,Kiaan Yohannan,North,Delhi,Kitchen,Microwave,Microwave Provident,3,16597,10,44811.9,5527.72,Credit Card,0.1,44811.9,0.0,0.12335384127876747,2023,11,29,2,Fall
14666,2023-12-15,Romil Mangat,East,Guwahati,Sports,Yoga Mat,Yoga Mat Mollitia,3,50834,0,152502.0,33094.56,Net Banking,0.0,152502.0,0.0,0.21701066215525042,2023,12,15,4,winter
14667,2023-11-27,Anika Maharaj,East,Kolkata,Groceries,Oil,Oil Facere,1,69955,10,62959.5,10292.93,Debit Card,0.1,62959.5,0.0,0.16348493873045372,2023,11,27,0,Fall
14668,2023-11-20,Hrishita Bath,North,Chandigarh,Books,Biography,Biography Deserunt,5,13533,5,64281.75,7907.34,Upi,0.05,64281.75,0.0,0.12301065232355995,2023,11,20,0,Fall
14669,2024-09-26,Tejas Bal,North,Jaipur,Toys,Doll,Doll Ducimus,1,62732,10,56458.8,7908.1,Net Banking,0.1,56458.8,0.0,0.14006851013482396,2024,9,26,3,Fall
14670,2023-11-06,Ivan Sani,West,Ahmedabad,Beauty,Shampoo,Shampoo Minus,5,339,15,1440.75,190.79,Net Banking,0.15,1440.75,0.0,0.13242408467811903,2023,11,6,0,Fall
14671,2023-12-17,Manikya Yadav,East,Bhubaneswar,Groceries,Spices,Spices Quis,5,25073,10,112828.5,22991.14,Debit Card,0.1,112828.5,0.0,0.20377067850764655,2023,12,17,6,winter
14672,2025-01-11,Diya Kala,South,Chennai,Books,Biography,Biography Repellat,1,46278,20,37022.4,3189.47,Credit Card,0.2,37022.4,0.0,0.08614973637581572,2025,1,11,5,winter
14673,2024-05-19,Riya Sant,West,Pune,Kitchen,Juicer,Juicer Provident,1,32826,15,27902.1,2176.47,Credit Card,0.15,27902.1,0.0,0.07800380616512735,2024,5,19,6,Spring
14674,2024-06-22,Seher Setty,East,Guwahati,Beauty,Face Cream,Face Cream Necessitatibus,5,4121,0,20605.0,2931.88,Cod,0.0,20605.0,0.0,0.14228973550109197,2024,6,22,5,Summer
14675,2025-09-18,Ryan Chana,East,Bhubaneswar,Kitchen,Microwave,Microwave Odit,4,26410,10,95076.0,8450.23,Credit Card,0.1,95076.0,0.0,0.08887868652446464,2025,9,18,3,Fall
14676,2024-07-03,Nirvaan Karan,South,Thiruvananthapuram,Electronics,Laptop,Laptop Quaerat,3,10933,15,27879.15,4386.09,Net Banking,0.15,27879.149999999998,3.637978807091713e-12,0.157325097788132,2024,7,3,2,Summer
14677,2024-11-11,Samarth Wagle,East,Kolkata,Groceries,Spices,Spices Maxime,5,73407,20,293628.0,53157.05,Upi,0.2,293628.0,0.0,0.1810353576634381,2024,11,11,0,Fall
14678,2024-12-23,Divij Ramesh,East,Bhubaneswar,Groceries,Oil,Oil Officia,4,22751,0,91004.0,17998.87,Upi,0.0,91004.0,0.0,0.19778108654564633,2024,12,23,0,winter
14679,2024-04-16,Alisha Manne,East,Patna,Groceries,Rice,Rice Id,2,69557,15,118246.9,18240.54,Debit Card,0.15,118246.9,0.0,0.15425808203005748,2024,4,16,1,Spring
14680,2024-06-01,Indrajit Shukla,South,Bangalore,Home Decor,Lamp,Lamp Fuga,5,14329,20,57316.0,6909.73,Net Banking,0.2,57316.0,0.0,0.12055499337008863,2024,6,1,5,Summer
14681,2023-10-05,Nayantara Varghese,South,Coimbatore,Toys,Action Figure,Action Figure Deserunt,3,36297,15,92557.35,8958.85,Debit Card,0.15,92557.34999999999,1.4551915228366852e-11,0.096792421131331,2023,10,5,3,Fall
14682,2024-01-22,Aayush Dutt,East,Bhubaneswar,Sports,Football,Football Fugit,3,30058,10,81156.6,19110.09,Credit Card,0.1,81156.6,0.0,0.2354717915733286,2024,1,22,0,winter
14683,2025-03-07,Sana Handa,South,Chennai,Home Decor,Clock,Clock Voluptatum,2,46850,10,84330.0,17510.31,Net Banking,0.1,84330.0,0.0,0.20764034151547495,2025,3,7,4,Spring
14684,2024-12-07,Zoya Sami,West,Mumbai,Sports,Yoga Mat,Yoga Mat Aliquid,4,50863,20,162761.6,36502.8,Upi,0.2,162761.6,0.0,0.22427157265595818,2024,12,7,5,winter
14685,2024-10-18,Prisha Sachar,East,Ranchi,Books,Fiction,Fiction Dolore,4,52665,0,210660.0,26094.79,Net Banking,0.0,210660.0,0.0,0.12387159403778601,2024,10,18,4,Fall
14686,2023-11-28,Heer Solanki,North,Chandigarh,Electronics,Smartwatch,Smartwatch Mollitia,3,43187,5,123082.95,28621.7,Net Banking,0.05,123082.95,0.0,0.23253992531053247,2023,11,28,1,Fall
14687,2024-06-27,Yuvaan Ganguly,South,Thiruvananthapuram,Home Decor,Wall Art,Wall Art Est,3,73069,15,186325.95,25422.82,Upi,0.15,186325.94999999998,2.9103830456733704e-11,0.13644272308822253,2024,6,27,3,Summer
14688,2023-12-24,Raghav Grover,North,Delhi,Clothing,Kids Wear,Kids Wear Quia,2,59974,0,119948.0,20199.52,Upi,0.0,119948.0,0.0,0.16840230766665557,2023,12,24,6,winter
14689,2025-07-17,Ranbir Sami,East,Kolkata,Kitchen,Cookware Set,Cookware Set Aliquam,1,41916,10,37724.4,2453.6,Credit Card,0.1,37724.4,0.0,0.06504013317640572,2025,7,17,3,Summer
14690,2025-02-13,Mohanlal Bains,West,Goa,Kitchen,Microwave,Microwave Eius,5,72907,15,309854.75,59977.25,Debit Card,0.15,309854.75,0.0,0.1935656948941399,2025,2,13,3,winter
14691,2024-07-17,Aradhya Bobal,West,Surat,Toys,Board Game,Board Game Est,3,33919,20,81405.6,7799.65,Net Banking,0.2,81405.6,0.0,0.09581220456577924,2024,7,17,2,Summer
14692,2023-11-07,Vritika Krishnamurthy,West,Ahmedabad,Clothing,Accessories,Accessories Dignissimos,4,14493,20,46377.6,5361.11,Debit Card,0.2,46377.600000000006,7.275957614183426e-12,0.11559696922652314,2023,11,7,1,Fall
14693,2024-09-16,Kiara Gara,North,Amritsar,Home Decor,Clock,Clock Et,4,72178,5,274276.4,58464.48,Debit Card,0.05,274276.39999999997,5.820766091346741e-11,0.2131589885239853,2024,9,16,0,Fall
14694,2024-03-13,Lavanya Buch,West,Surat,Furniture,Bed,Bed Hic,4,19874,20,63596.8,14947.14,Debit Card,0.2,63596.8,0.0,0.2350297499245245,2024,3,13,2,Spring
14695,2025-01-23,Pari Jhaveri,West,Ahmedabad,Kitchen,Refrigerator,Refrigerator Rem,2,45817,20,73307.2,12549.68,Debit Card,0.2,73307.2,0.0,0.1711930069624812,2025,1,23,3,winter
14696,2024-10-25,Armaan Thakkar,North,Lucknow,Clothing,Women'S Wear,Women's Wear Fugiat,5,74137,0,370685.0,39294.02,Net Banking,0.0,370685.0,0.0,0.10600380376869849,2024,10,25,4,Fall
14697,2023-12-29,Hridaan Ganguly,West,Surat,Electronics,Smartwatch,Smartwatch Inventore,5,61949,0,309745.0,31990.52,Upi,0.0,309745.0,0.0,0.10328018208526368,2023,12,29,4,winter
14698,2024-12-05,Dhruv Guha,South,Chennai,Groceries,Wheat,Wheat Laborum,3,50586,10,136582.2,22714.09,Credit Card,0.1,136582.2,0.0,0.1663034421762133,2024,12,5,3,winter
14699,2025-05-02,Tarini Bali,West,Mumbai,Groceries,Sugar,Sugar Error,1,71895,10,64705.5,10782.8,Credit Card,0.1,64705.5,0.0,0.16664425744333944,2025,5,2,4,Spring
14700,2025-03-06,Sumer Jaggi,South,Hyderabad,Groceries,Sugar,Sugar Dolorem,5,1327,20,5308.0,799.6,Cod,0.2,5308.0,0.0,0.1506405425772419,2025,3,6,3,Spring
14701,2024-11-02,Riaan Kumar,North,Chandigarh,Home Decor,Wall Art,Wall Art Quos,1,63064,20,50451.2,12529.73,Credit Card,0.2,50451.200000000004,7.275957614183426e-12,0.24835345839147532,2024,11,2,5,Fall
14702,2025-09-03,Ivan Srinivas,East,Ranchi,Groceries,Oil,Oil Illum,5,73154,20,292616.0,39500.59,Cod,0.2,292616.0,0.0,0.13499121715832352,2025,9,3,2,Fall
14703,2025-05-30,Samaira Sengupta,South,Thiruvananthapuram,Kitchen,Juicer,Juicer Debitis,2,10261,15,17443.7,2353.12,Cod,0.15,17443.7,0.0,0.1348979860924001,2025,5,30,4,Spring
14704,2024-03-19,Yasmin Samra,South,Chennai,Kitchen,Refrigerator,Refrigerator Architecto,5,39680,5,188480.0,38283.44,Upi,0.05,188480.0,0.0,0.20311672325976232,2024,3,19,1,Spring
14705,2024-06-12,Jivika Babu,South,Coimbatore,Groceries,Sugar,Sugar Aperiam,1,68123,5,64716.85,13194.27,Upi,0.05,64716.85,0.0,0.2038768883219749,2024,6,12,2,Summer
14706,2024-07-02,Mishti Sunder,South,Hyderabad,Books,Comics,Comics Aut,2,77818,10,140072.4,11789.81,Debit Card,0.1,140072.4,0.0,0.08416940096692853,2024,7,2,1,Summer
14707,2024-09-08,Diya Chauhan,South,Hyderabad,Furniture,Chair,Chair Adipisci,4,56827,15,193211.8,22291.16,Net Banking,0.15,193211.8,0.0,0.11537162844091303,2024,9,8,6,Fall
14708,2024-06-29,Anvi Sarma,West,Ahmedabad,Books,Fiction,Fiction Officia,1,39365,15,33460.25,5680.94,Debit Card,0.15,33460.25,0.0,0.16978175596416642,2024,6,29,5,Summer
14709,2025-08-22,Saksham Suresh,West,Ahmedabad,Toys,Board Game,Board Game Nostrum,2,47485,15,80724.5,5169.87,Upi,0.15,80724.5,0.0,0.06404338212066968,2025,8,22,4,Summer
14710,2023-11-19,Parinaaz Mahal,North,Delhi,Groceries,Oil,Oil Iste,2,14043,5,26681.7,4415.46,Debit Card,0.05,26681.699999999997,3.637978807091713e-12,0.1654864570098607,2023,11,19,6,Fall
14711,2024-08-25,Abram Basak,West,Mumbai,Books,Textbook,Textbook Mollitia,2,1308,0,2616.0,175.66,Net Banking,0.0,2616.0,0.0,0.06714831804281346,2024,8,25,6,Summer
14712,2024-05-30,Manjari Lall,East,Guwahati,Electronics,Headphones,Headphones Autem,1,8233,20,6586.4,1144.54,Upi,0.2,6586.400000000001,9.094947017729282e-13,0.17377322968541237,2024,5,30,3,Spring
14713,2024-07-21,Vedika Lalla,East,Kolkata,Kitchen,Refrigerator,Refrigerator Accusamus,1,56925,0,56925.0,6072.3,Net Banking,0.0,56925.0,0.0,0.10667193675889329,2024,7,21,6,Summer
14714,2024-03-04,Madhav Ramesh,South,Coimbatore,Toys,Rc Car,RC Car Aliquid,1,36499,5,34674.05,4909.35,Net Banking,0.05,34674.049999999996,7.275957614183426e-12,0.14158571035111273,2024,3,4,0,Spring
14715,2025-07-13,Myra Saran,East,Kolkata,Beauty,Foundation,Foundation Dolores,5,13413,15,57005.25,9871.69,Debit Card,0.15,57005.25,0.0,0.17317159384442662,2025,7,13,6,Summer
14716,2024-11-11,Manjari Srivastava,North,Chandigarh,Sports,Dumbbells,Dumbbells Assumenda,3,17841,15,45494.55,9243.25,Upi,0.15,45494.549999999996,7.275957614183426e-12,0.20317268771753977,2024,11,11,0,Fall
14717,2024-10-16,Alisha Rattan,East,Kolkata,Electronics,Laptop,Laptop Sapiente,4,48758,5,185280.4,12572.4,Debit Card,0.05,185280.4,0.0,0.06785607112247168,2024,10,16,2,Fall
14718,2024-10-06,Saira Sengupta,East,Guwahati,Clothing,Shoes,Shoes Quas,2,71120,20,113792.0,27823.15,Upi,0.2,113792.0,0.0,0.24450884069178855,2024,10,6,6,Fall
14719,2024-12-17,Samiha Ray,North,Delhi,Groceries,Spices,Spices Vero,2,18958,0,37916.0,2905.37,Net Banking,0.0,37916.0,0.0,0.0766264901360903,2024,12,17,1,winter
14720,2025-01-14,Sana Chaudhry,North,Chandigarh,Clothing,Accessories,Accessories Fuga,4,64094,20,205100.8,19431.51,Cod,0.2,205100.80000000002,2.9103830456733704e-11,0.09474126868349611,2025,1,14,1,winter
14721,2024-09-20,Jivin Grover,East,Guwahati,Electronics,Mobile,Mobile Voluptatibus,3,14626,5,41684.1,6431.43,Net Banking,0.05,41684.1,0.0,0.15428976516225612,2024,9,20,4,Fall
14722,2024-04-20,Vihaan Maharaj,South,Coimbatore,Furniture,Bed,Bed Quos,3,4192,5,11947.2,2098.58,Debit Card,0.05,11947.199999999999,1.8189894035458565e-12,0.17565454667202354,2024,4,20,5,Spring
14723,2024-03-01,Lakshit Das,South,Coimbatore,Furniture,Bed,Bed Quaerat,2,14171,20,22673.6,5175.97,Net Banking,0.2,22673.600000000002,3.637978807091713e-12,0.22828179027591564,2024,3,1,4,Spring
14724,2024-11-03,Romil Sinha,East,Guwahati,Home Decor,Lamp,Lamp Provident,3,62095,15,158342.25,31455.82,Net Banking,0.15,158342.25,0.0,0.1986571493079074,2024,11,3,6,Fall
14725,2025-04-14,Yuvraj  Shan,South,Coimbatore,Home Decor,Vase,Vase Dolorem,4,51318,10,184744.8,24100.0,Net Banking,0.1,184744.80000000002,2.9103830456733704e-11,0.13045022106170243,2025,4,14,0,Spring
14726,2024-08-01,Neelofar Jhaveri,North,Lucknow,Sports,Tennis Racket,Tennis Racket Eum,3,50194,10,135523.8,13244.37,Credit Card,0.1,135523.80000000002,2.9103830456733704e-11,0.09772726266530309,2024,8,1,3,Summer
14727,2024-08-22,Riya Ray,North,Amritsar,Electronics,Laptop,Laptop Et,4,49983,5,189935.4,16343.07,Cod,0.05,189935.4,0.0,0.08604541333527084,2024,8,22,3,Summer
14728,2025-03-02,Divit Borde,North,Lucknow,Books,Textbook,Textbook Est,5,28726,20,114904.0,18320.77,Credit Card,0.2,114904.0,0.0,0.15944414467729584,2025,3,2,6,Spring
14729,2025-08-09,Piya Bhatnagar,North,Jaipur,Books,Fiction,Fiction Maxime,2,29999,15,50998.3,3762.69,Cod,0.15,50998.299999999996,7.275957614183426e-12,0.073780694650606,2025,8,9,5,Summer
14730,2024-02-15,Nitya Bandi,North,Chandigarh,Kitchen,Mixer Grinder,Mixer Grinder Explicabo,3,49351,10,133247.7,29533.21,Credit Card,0.1,133247.7,0.0,0.22164142420469543,2024,2,15,3,winter
14731,2023-11-17,Priyansh Bedi,West,Surat,Clothing,Kids Wear,Kids Wear Vero,1,18752,20,15001.6,2623.47,Upi,0.2,15001.6,0.0,0.17487934620307166,2023,11,17,4,Fall
14732,2024-04-19,Advik Chakrabarti,North,Jaipur,Home Decor,Wall Art,Wall Art Maxime,1,34749,5,33011.55,6553.35,Upi,0.05,33011.549999999996,7.275957614183426e-12,0.19851688272740903,2024,4,19,4,Spring
14733,2024-06-24,Vedika Chokshi,East,Kolkata,Books,Fiction,Fiction Corporis,1,14426,15,12262.1,2482.72,Net Banking,0.15,12262.1,0.0,0.20247102861663172,2024,6,24,0,Summer
14734,2024-04-21,Riaan Kapadia,North,Jaipur,Toys,Action Figure,Action Figure Distinctio,2,21380,10,38484.0,9220.31,Net Banking,0.1,38484.0,0.0,0.23958814052593283,2024,4,21,6,Spring
14735,2025-01-19,Ranbir Kari,West,Surat,Furniture,Table,Table Voluptatibus,1,58301,0,58301.0,13958.75,Upi,0.0,58301.0,0.0,0.2394255673144543,2025,1,19,6,winter
14736,2025-03-22,Shlok Dutt,East,Kolkata,Sports,Football,Football Harum,3,46850,10,126495.0,28001.62,Credit Card,0.1,126495.0,0.0,0.22136542946361515,2025,3,22,5,Spring
14737,2023-12-26,Ivana Bora,West,Pune,Kitchen,Juicer,Juicer Cum,4,30621,10,110235.6,18062.04,Cod,0.1,110235.6,0.0,0.16384942795249446,2023,12,26,1,winter
14738,2023-12-28,Gatik Chawla,West,Surat,Groceries,Sugar,Sugar Facilis,4,40699,15,138376.6,31390.34,Credit Card,0.15,138376.6,0.0,0.22684716924682352,2023,12,28,3,winter
14739,2024-09-04,Saira Roy,East,Patna,Groceries,Oil,Oil Magnam,1,45110,15,38343.5,2514.48,Cod,0.15,38343.5,0.0,0.06557773807816188,2024,9,4,2,Fall
14740,2023-10-19,Lagan Devan,East,Kolkata,Groceries,Spices,Spices Perspiciatis,2,29404,5,55867.6,3367.51,Net Banking,0.05,55867.6,0.0,0.06027661829038656,2023,10,19,3,Fall
14741,2024-12-12,Vritika Iyer,East,Patna,Sports,Tennis Racket,Tennis Racket Sit,2,18813,15,31982.1,6700.44,Upi,0.15,31982.1,0.0,0.20950594238652245,2024,12,12,3,winter
14742,2024-03-20,Kabir Sundaram,West,Surat,Toys,Rc Car,RC Car Nihil,3,33491,0,100473.0,21095.98,Net Banking,0.0,100473.0,0.0,0.20996665770903625,2024,3,20,2,Spring
14743,2024-11-06,Priyansh Venkatesh,East,Ranchi,Kitchen,Cookware Set,Cookware Set Sunt,1,78678,15,66876.3,9038.37,Debit Card,0.15,66876.3,0.0,0.13515056903566736,2024,11,6,2,Fall
14744,2024-09-28,Veer Bassi,West,Goa,Sports,Football,Football Dignissimos,3,3640,10,9828.0,879.17,Credit Card,0.1,9828.0,0.0,0.08945563695563695,2024,9,28,5,Fall
14745,2024-12-16,Charvi Chana,North,Lucknow,Furniture,Chair,Chair Adipisci,4,20937,10,75373.2,10914.77,Net Banking,0.1,75373.2,0.0,0.14480969363115803,2024,12,16,0,winter
14746,2024-01-23,Ela Chad,East,Patna,Home Decor,Vase,Vase Esse,5,51828,20,207312.0,22005.44,Debit Card,0.2,207312.0,0.0,0.10614648452573898,2024,1,23,1,winter
14747,2025-05-15,Ehsaan Soni,West,Ahmedabad,Furniture,Cabinet,Cabinet Perspiciatis,1,28361,15,24106.85,2014.08,Net Banking,0.15,24106.85,0.0,0.08354803717615533,2025,5,15,3,Spring
14748,2024-01-27,Jayant Vala,West,Mumbai,Electronics,Smartwatch,Smartwatch Nemo,1,60202,10,54181.8,3855.06,Debit Card,0.1,54181.8,0.0,0.07115046011760406,2024,1,27,5,winter
14749,2025-03-28,Kartik Rout,East,Kolkata,Electronics,Laptop,Laptop Perspiciatis,1,4656,0,4656.0,591.75,Credit Card,0.0,4656.0,0.0,0.12709407216494845,2025,3,28,4,Spring
14750,2024-01-06,Jiya Zacharia,East,Kolkata,Books,Fiction,Fiction Hic,5,69474,15,295264.5,33425.13,Credit Card,0.15,295264.5,0.0,0.11320402554319939,2024,1,6,5,winter
14751,2024-01-05,Kiaan Aggarwal,South,Coimbatore,Furniture,Chair,Chair Blanditiis,1,49401,15,41990.85,3247.74,Upi,0.15,41990.85,0.0,0.07734399279843109,2024,1,5,4,winter
14752,2024-09-06,Ira Batra,West,Surat,Kitchen,Cookware Set,Cookware Set Ipsa,5,75556,15,321113.0,46952.81,Debit Card,0.15,321113.0,0.0,0.14621896341786225,2024,9,6,4,Fall
14753,2024-02-06,Lakshay Sahota,North,Chandigarh,Electronics,Camera,Camera Error,5,46423,10,208903.5,22297.59,Net Banking,0.1,208903.5,0.0,0.10673631605023372,2024,2,6,1,winter
14754,2024-01-12,Indrajit Solanki,East,Patna,Sports,Football,Football Eum,2,73497,5,139644.3,17243.39,Upi,0.05,139644.3,0.0,0.12348080086333635,2024,1,12,4,winter
14755,2024-03-07,Tiya Shroff,West,Surat,Kitchen,Juicer,Juicer At,2,54884,10,98791.2,13148.08,Cod,0.1,98791.2,0.0,0.1330895869267708,2024,3,7,3,Spring
14756,2024-03-25,Kismat Buch,North,Lucknow,Groceries,Wheat,Wheat Sint,2,9170,15,15589.0,3591.92,Upi,0.15,15589.0,0.0,0.23041375328757457,2024,3,25,0,Spring
14757,2024-06-01,Badal Rao,West,Pune,Groceries,Rice,Rice Optio,5,69671,0,348355.0,24008.28,Debit Card,0.0,348355.0,0.0,0.06891900503796414,2024,6,1,5,Summer
14758,2023-12-05,Adah Balasubramanian,South,Hyderabad,Books,Non-Fiction,Non-Fiction Sed,4,20105,20,64336.0,10537.79,Debit Card,0.2,64336.0,0.0,0.16379305521014675,2023,12,5,1,winter
14759,2024-05-13,Anvi Sarna,South,Coimbatore,Furniture,Bed,Bed Amet,1,79347,20,63477.6,11795.42,Debit Card,0.2,63477.600000000006,7.275957614183426e-12,0.18582019484038464,2024,5,13,0,Spring
14760,2024-03-05,Hrishita Kadakia,West,Goa,Toys,Puzzle,Puzzle Veniam,4,35782,15,121658.8,18258.37,Debit Card,0.15,121658.8,0.0,0.15007849822618666,2024,3,5,1,Spring
14761,2025-09-23,Darshit Gill,West,Pune,Toys,Puzzle,Puzzle Corrupti,4,21034,20,67308.8,14463.56,Cod,0.2,67308.8,0.0,0.21488364077208327,2025,9,23,1,Fall
14762,2024-08-22,Armaan Rana,North,Chandigarh,Groceries,Spices,Spices Ea,4,73446,15,249716.4,53198.93,Net Banking,0.15,249716.4,0.0,0.213037389614779,2024,8,22,3,Summer
14763,2024-06-15,Mahika Chaudhari,South,Bangalore,Clothing,Accessories,Accessories Sequi,5,70613,15,300105.25,63166.95,Net Banking,0.15,300105.25,0.0,0.21048265566830301,2024,6,15,5,Summer
14764,2025-01-20,Ira Chand,West,Ahmedabad,Toys,Rc Car,RC Car Unde,3,40135,10,108364.5,26182.01,Credit Card,0.1,108364.5,0.0,0.24161058280156322,2025,1,20,0,winter
14765,2025-06-09,Yasmin Mangal,West,Pune,Sports,Cricket Bat,Cricket Bat Quia,5,1476,10,6642.0,1543.86,Net Banking,0.1,6642.0,0.0,0.2324390243902439,2025,6,9,0,Summer
14766,2024-12-17,Aaryahi Sagar,East,Patna,Electronics,Smartwatch,Smartwatch Illo,4,10401,0,41604.0,6951.29,Credit Card,0.0,41604.0,0.0,0.16708225170656668,2024,12,17,1,winter
14767,2024-04-03,Anya Ranganathan,North,Jaipur,Home Decor,Lamp,Lamp Vitae,5,9391,5,44607.25,10310.86,Credit Card,0.05,44607.25,0.0,0.23114762734757244,2024,4,3,2,Spring
14768,2025-06-16,Lavanya Setty,South,Bangalore,Beauty,Lipstick,Lipstick Totam,4,73820,5,280516.0,25372.1,Debit Card,0.05,280516.0,0.0,0.09044796018765418,2025,6,16,0,Summer
14769,2024-01-23,Emir Kanda,West,Goa,Home Decor,Cushion,Cushion Nesciunt,2,47173,15,80194.1,5727.93,Credit Card,0.15,80194.09999999999,1.4551915228366852e-11,0.07142582808460972,2024,1,23,1,winter
14770,2024-02-10,Romil Raman,West,Pune,Beauty,Perfume,Perfume Saepe,4,47498,15,161493.2,24319.86,Upi,0.15,161493.19999999998,2.9103830456733704e-11,0.1505937092088088,2024,2,10,5,winter
14771,2024-06-07,Inaaya  Chandran,West,Surat,Home Decor,Wall Art,Wall Art Minus,3,11923,10,32192.1,7005.85,Cod,0.1,32192.100000000002,3.637978807091713e-12,0.21762637417254546,2024,6,7,4,Summer
14772,2023-11-07,Drishya Kalita,West,Goa,Toys,Doll,Doll Quis,1,40798,20,32638.4,2871.6,Upi,0.2,32638.4,0.0,0.08798225403206039,2023,11,7,1,Fall
14773,2024-03-11,Aarna Borde,West,Pune,Toys,Rc Car,RC Car Dicta,5,35410,0,177050.0,14706.74,Net Banking,0.0,177050.0,0.0,0.08306546173397346,2024,3,11,0,Spring
14774,2023-11-26,Mohanlal Badal,North,Lucknow,Groceries,Rice,Rice Error,5,55910,0,279550.0,29798.57,Debit Card,0.0,279550.0,0.0,0.10659477732069397,2023,11,26,6,Fall
14775,2024-11-10,Khushi Bawa,West,Surat,Groceries,Oil,Oil Mollitia,2,8746,0,17492.0,1972.22,Net Banking,0.0,17492.0,0.0,0.11274982849302538,2024,11,10,6,Fall
14776,2025-09-22,Aaryahi Loyal,North,Delhi,Clothing,Kids Wear,Kids Wear Eaque,4,14917,20,47734.4,2733.52,Net Banking,0.2,47734.4,0.0,0.05726520077763625,2025,9,22,0,Fall
14777,2024-08-28,Akarsh Mann,East,Ranchi,Groceries,Rice,Rice Possimus,5,41384,0,206920.0,14619.82,Upi,0.0,206920.0,0.0,0.07065445582833946,2024,8,28,2,Summer
14778,2025-08-24,Chirag Lalla,West,Goa,Clothing,Shoes,Shoes Impedit,2,18682,5,35495.8,5321.86,Debit Card,0.05,35495.799999999996,7.275957614183426e-12,0.14992928740865114,2025,8,24,6,Summer
14779,2025-02-12,Madhup Roy,South,Thiruvananthapuram,Beauty,Perfume,Perfume Fugiat,5,17129,5,81362.75,5315.45,Cod,0.05,81362.75,0.0,0.0653302647710408,2025,2,12,2,winter
14780,2025-08-31,Adira Kale,South,Coimbatore,Furniture,Bed,Bed Architecto,4,47482,0,189928.0,26724.52,Credit Card,0.0,189928.0,0.0,0.14070868960869382,2025,8,31,6,Summer
14781,2024-01-04,Faiyaz Sarraf,South,Chennai,Toys,Doll,Doll Enim,4,48902,10,176047.2,42930.82,Cod,0.1,176047.2,0.0,0.24385971489464187,2024,1,4,3,winter
14782,2024-04-29,Baiju Gola,West,Goa,Clothing,Men'S Wear,Men's Wear Occaecati,1,1850,10,1665.0,289.53,Cod,0.1,1665.0,0.0,0.1738918918918919,2024,4,29,0,Spring
14783,2024-12-08,Zoya Bakshi,West,Goa,Kitchen,Microwave,Microwave Mollitia,5,17417,0,87085.0,15779.3,Net Banking,0.0,87085.0,0.0,0.1811942355170236,2024,12,8,6,winter
14784,2024-12-11,Madhup Dhaliwal,West,Mumbai,Groceries,Wheat,Wheat Ea,4,65277,20,208886.4,36949.25,Net Banking,0.2,208886.40000000002,2.9103830456733704e-11,0.1768868150343919,2024,12,11,2,winter
14785,2024-09-17,Vedika Desai,East,Kolkata,Groceries,Spices,Spices Ab,2,804,0,1608.0,400.6,Cod,0.0,1608.0,0.0,0.24912935323383087,2024,9,17,1,Fall
14786,2024-01-08,Lakshay Tara,North,Amritsar,Home Decor,Wall Art,Wall Art Culpa,1,26679,20,21343.2,2122.3,Cod,0.2,21343.2,0.0,0.09943682296937667,2024,1,8,0,winter
14787,2024-05-22,Divit Subramaniam,North,Jaipur,Clothing,Women'S Wear,Women's Wear Eum,4,18158,5,69000.4,14742.92,Debit Card,0.05,69000.4,0.0,0.2136642686129356,2024,5,22,2,Spring
14788,2025-02-19,Chirag Choudhary,East,Guwahati,Kitchen,Cookware Set,Cookware Set Similique,1,28012,15,23810.2,1720.57,Net Banking,0.15,23810.2,0.0,0.07226188776238754,2025,2,19,2,winter
14789,2023-11-26,Trisha Sur,West,Goa,Toys,Board Game,Board Game Perferendis,5,12063,10,54283.5,12308.11,Cod,0.1,54283.5,0.0,0.22673759061224866,2023,11,26,6,Fall
14790,2024-10-28,Drishya Brar,North,Chandigarh,Home Decor,Clock,Clock Iusto,4,61658,20,197305.6,12488.94,Cod,0.2,197305.6,0.0,0.06329744315417302,2024,10,28,0,Fall
14791,2024-02-23,Kashvi Choudhury,South,Thiruvananthapuram,Home Decor,Lamp,Lamp Qui,3,56730,0,170190.0,41256.8,Credit Card,0.0,170190.0,0.0,0.2424161231564722,2024,2,23,4,winter
14792,2024-04-13,Ehsaan Bumb,North,Lucknow,Sports,Yoga Mat,Yoga Mat Totam,2,42495,15,72241.5,3997.8,Debit Card,0.15,72241.5,0.0,0.05533938248790515,2024,4,13,5,Spring
14793,2025-01-11,Bhavin Desai,South,Bangalore,Kitchen,Mixer Grinder,Mixer Grinder Cumque,3,63404,5,180701.4,39087.54,Net Banking,0.05,180701.4,0.0,0.2163101115984713,2025,1,11,5,winter
14794,2024-08-30,Veer Babu,West,Ahmedabad,Furniture,Cabinet,Cabinet Maxime,5,37458,20,149832.0,18752.59,Debit Card,0.2,149832.0,0.0,0.12515744300282983,2024,8,30,4,Summer
14795,2025-03-09,Lakshay Balakrishnan,East,Patna,Kitchen,Cookware Set,Cookware Set Quos,2,3951,0,7902.0,1776.57,Net Banking,0.0,7902.0,0.0,0.22482536066818526,2025,3,9,6,Spring
14796,2023-10-19,Drishya Kakar,North,Delhi,Books,Non-Fiction,Non-Fiction Ab,4,33265,15,113101.0,25839.19,Net Banking,0.15,113101.0,0.0,0.22846119839789214,2023,10,19,3,Fall
14797,2025-06-21,Samaira Uppal,South,Thiruvananthapuram,Clothing,Kids Wear,Kids Wear Velit,3,18635,10,50314.5,9875.2,Cod,0.1,50314.5,0.0,0.19626946506474277,2025,6,21,5,Summer
14798,2025-04-18,Anay Ramaswamy,South,Chennai,Beauty,Shampoo,Shampoo Dignissimos,4,68771,0,275084.0,17206.97,Credit Card,0.0,275084.0,0.0,0.06255169330095535,2025,4,18,4,Spring
14799,2024-03-04,Hiran Halder,North,Jaipur,Books,Fiction,Fiction Ipsum,5,49186,10,221337.0,14531.62,Net Banking,0.1,221337.0,0.0,0.06565382199993675,2024,3,4,0,Spring
14800,2024-04-25,Fateh Bakshi,North,Jaipur,Clothing,Shoes,Shoes Architecto,5,13694,5,65046.5,3297.57,Upi,0.05,65046.5,0.0,0.05069557931633524,2024,4,25,3,Spring
14801,2023-10-08,Mannat Madan,West,Surat,Furniture,Cabinet,Cabinet Magnam,2,67572,15,114872.4,8379.83,Debit Card,0.15,114872.4,0.0,0.07294902866136688,2023,10,8,6,Fall
14802,2024-02-11,Tarini Shere,North,Lucknow,Beauty,Lipstick,Lipstick Quis,1,4229,10,3806.1,494.38,Upi,0.1,3806.1,0.0,0.12989148997661648,2024,2,11,6,winter
14803,2023-11-18,Amira Swamy,East,Kolkata,Sports,Tennis Racket,Tennis Racket Fugit,5,64872,20,259488.0,23297.72,Upi,0.2,259488.0,0.0,0.08978341965717104,2023,11,18,5,Fall
14804,2024-01-05,Anay Divan,West,Ahmedabad,Books,Textbook,Textbook Dicta,3,14129,5,40267.65,3018.97,Credit Card,0.05,40267.65,0.0,0.07497258965944126,2024,1,5,4,winter
14805,2024-08-03,Riaan Mall,South,Hyderabad,Kitchen,Cookware Set,Cookware Set Consequuntur,3,16611,15,42358.05,8427.91,Net Banking,0.15,42358.049999999996,7.275957614183426e-12,0.1989683188909782,2024,8,3,5,Summer
14806,2025-08-26,Ishita Manda,North,Lucknow,Kitchen,Mixer Grinder,Mixer Grinder Ab,3,53286,5,151865.1,22798.74,Cod,0.05,151865.1,0.0,0.15012494641626023,2025,8,26,1,Summer
14807,2024-09-16,Mahika Sabharwal,North,Delhi,Books,Fiction,Fiction Eligendi,1,24432,20,19545.6,1103.52,Net Banking,0.2,19545.600000000002,3.637978807091713e-12,0.05645874263261297,2024,9,16,0,Fall
14808,2024-07-07,Shlok Barman,East,Ranchi,Clothing,Women'S Wear,Women's Wear Deleniti,2,20102,15,34173.4,5003.95,Cod,0.15,34173.4,0.0,0.1464282160979007,2024,7,7,6,Summer
14809,2023-10-28,Anay Dasgupta,South,Bangalore,Furniture,Cabinet,Cabinet Doloribus,4,16502,0,66008.0,4033.91,Credit Card,0.0,66008.0,0.0,0.06111244091625257,2023,10,28,5,Fall
14810,2025-03-28,Armaan Sem,North,Chandigarh,Toys,Puzzle,Puzzle At,5,43387,20,173548.0,8728.88,Credit Card,0.2,173548.0,0.0,0.05029663263189434,2025,3,28,4,Spring
14811,2023-11-03,Mahika Sankaran,West,Surat,Furniture,Chair,Chair Ad,4,35147,10,126529.2,31426.35,Credit Card,0.1,126529.2,0.0,0.2483723124780683,2023,11,3,4,Fall
14812,2024-12-27,Amani Rajan,East,Ranchi,Kitchen,Mixer Grinder,Mixer Grinder Vero,4,45205,5,171779.0,13578.92,Credit Card,0.05,171779.0,0.0,0.07904877779006747,2024,12,27,4,winter
14813,2024-06-10,Divyansh Din,South,Bangalore,Electronics,Camera,Camera Laborum,1,22865,0,22865.0,1980.35,Cod,0.0,22865.0,0.0,0.08661054012683139,2024,6,10,0,Summer
14814,2025-07-01,Hunar Lad,West,Goa,Home Decor,Clock,Clock Quasi,4,71644,10,257918.4,63122.97,Credit Card,0.1,257918.4,0.0,0.24474008058362645,2025,7,1,1,Summer
14815,2024-01-11,Kiaan Magar,East,Guwahati,Beauty,Face Cream,Face Cream Aliquid,3,29239,20,70173.6,4185.68,Net Banking,0.2,70173.6,0.0,0.05964750276457243,2024,1,11,3,winter
14816,2025-04-23,Reyansh Bahri,West,Surat,Books,Fiction,Fiction Totam,4,74805,0,299220.0,15617.58,Net Banking,0.0,299220.0,0.0,0.052194305193503106,2025,4,23,2,Spring
14817,2025-06-23,Nirvi Sengupta,West,Goa,Kitchen,Mixer Grinder,Mixer Grinder Occaecati,3,28466,10,76858.2,13070.4,Cod,0.1,76858.2,0.0,0.17005862744638828,2025,6,23,0,Summer
14818,2023-11-13,Jayan Saran,North,Chandigarh,Clothing,Accessories,Accessories Soluta,1,7206,5,6845.7,375.3,Credit Card,0.05,6845.7,0.0,0.05482273543976511,2023,11,13,0,Fall
14819,2023-11-28,Heer Tara,South,Hyderabad,Clothing,Shoes,Shoes Molestias,1,73851,20,59080.8,13156.96,Credit Card,0.2,59080.8,0.0,0.2226943440170072,2023,11,28,1,Fall
14820,2025-07-16,Kabir Sunder,East,Patna,Home Decor,Wall Art,Wall Art Numquam,3,41101,10,110972.7,22374.09,Net Banking,0.1,110972.7,0.0,0.20161796549962288,2025,7,16,2,Summer
14821,2024-11-04,Tiya Banerjee,South,Thiruvananthapuram,Electronics,Smartwatch,Smartwatch Delectus,5,52470,15,222997.5,23607.81,Net Banking,0.15,222997.5,0.0,0.10586580567046716,2024,11,4,0,Fall
14822,2025-06-18,Uthkarsh Chanda,South,Bangalore,Kitchen,Microwave,Microwave Illum,1,59968,5,56969.6,6060.12,Cod,0.05,56969.6,0.0,0.10637462787170701,2025,6,18,2,Summer
14823,2024-08-23,Azad Sarkar,South,Thiruvananthapuram,Furniture,Bed,Bed Sed,5,18181,10,81814.5,13310.62,Upi,0.1,81814.5,0.0,0.16269267672600823,2024,8,23,4,Summer
14824,2024-02-17,Yashvi Grover,South,Hyderabad,Electronics,Mobile,Mobile Occaecati,4,25718,5,97728.4,20944.67,Upi,0.05,97728.4,0.0,0.21431508138882863,2024,2,17,5,winter
14825,2025-04-20,Raghav Bhandari,East,Bhubaneswar,Clothing,Shoes,Shoes Harum,2,38458,0,76916.0,7268.78,Net Banking,0.0,76916.0,0.0,0.09450283426075198,2025,4,20,6,Spring
14826,2025-05-19,Nirvi Wason,West,Ahmedabad,Electronics,Mobile,Mobile Asperiores,2,32976,20,52761.6,3410.99,Net Banking,0.2,52761.600000000006,7.275957614183426e-12,0.0646491008612324,2025,5,19,0,Spring
14827,2024-06-06,Mamooty Deshmukh,West,Surat,Beauty,Shampoo,Shampoo Delectus,1,55470,15,47149.5,4279.38,Net Banking,0.15,47149.5,0.0,0.09076193809054178,2024,6,6,3,Summer
14828,2024-10-19,Nakul Setty,South,Thiruvananthapuram,Furniture,Chair,Chair Ad,4,9258,20,29625.6,6047.57,Credit Card,0.2,29625.600000000002,3.637978807091713e-12,0.2041332496219486,2024,10,19,5,Fall
14829,2024-11-19,Onkar Guha,North,Delhi,Beauty,Lipstick,Lipstick Saepe,4,64491,20,206371.2,16232.19,Net Banking,0.2,206371.2,0.0,0.07865530655440293,2024,11,19,1,Fall
14830,2024-01-02,Urvi Kaul,North,Delhi,Home Decor,Clock,Clock Officiis,3,23482,0,70446.0,9047.77,Net Banking,0.0,70446.0,0.0,0.12843553927831247,2024,1,2,1,winter
14831,2025-05-22,Mishti Raval,East,Ranchi,Books,Fiction,Fiction Eius,3,77870,0,233610.0,23881.05,Credit Card,0.0,233610.0,0.0,0.10222614614100424,2025,5,22,3,Spring
14832,2025-04-02,Arhaan Datta,North,Chandigarh,Clothing,Accessories,Accessories Culpa,3,6356,15,16207.8,3867.62,Debit Card,0.15,16207.8,0.0,0.23862708078826245,2025,4,2,2,Spring
14833,2025-04-08,Lavanya Bhasin,North,Chandigarh,Clothing,Kids Wear,Kids Wear Commodi,3,18402,5,52445.7,9802.46,Credit Card,0.05,52445.7,0.0,0.18690683888288268,2025,4,8,1,Spring
14834,2024-09-15,Zara Lad,East,Bhubaneswar,Home Decor,Vase,Vase Tempore,3,8517,0,25551.0,4355.69,Net Banking,0.0,25551.0,0.0,0.1704704316856483,2024,9,15,6,Fall
14835,2024-04-08,Aaryahi Hegde,East,Ranchi,Sports,Dumbbells,Dumbbells Velit,5,3762,15,15988.5,1038.21,Cod,0.15,15988.5,0.0,0.06493479688526128,2024,4,8,0,Spring
14836,2025-06-13,Biju Sangha,West,Ahmedabad,Kitchen,Cookware Set,Cookware Set Ipsam,2,58950,5,112005.0,13985.04,Debit Card,0.05,112005.0,0.0,0.1248608544261417,2025,6,13,4,Summer
14837,2024-02-27,Umang Sankar,East,Ranchi,Sports,Yoga Mat,Yoga Mat Quibusdam,5,2215,15,9413.75,563.21,Cod,0.15,9413.75,0.0,0.059828442437923256,2024,2,27,1,winter
14838,2023-11-25,Kavya Barman,North,Delhi,Furniture,Bed,Bed Reprehenderit,1,51262,15,43572.7,4384.18,Credit Card,0.15,43572.7,0.0,0.10061758853594109,2023,11,25,5,Fall
14839,2024-12-14,Manikya Trivedi,East,Guwahati,Clothing,Accessories,Accessories Optio,1,3274,0,3274.0,470.21,Cod,0.0,3274.0,0.0,0.14361942577886377,2024,12,14,5,winter
14840,2025-01-23,Pari Chandra,North,Lucknow,Furniture,Bed,Bed Itaque,4,46548,10,167572.8,37365.07,Credit Card,0.1,167572.80000000002,2.9103830456733704e-11,0.22297813248928228,2025,1,23,3,winter
14841,2024-02-18,Yakshit Kurian,West,Surat,Beauty,Face Cream,Face Cream Maiores,4,26195,5,99541.0,9126.36,Cod,0.05,99541.0,0.0,0.09168443154077215,2024,2,18,6,winter
14842,2023-11-23,Damini Kumar,South,Chennai,Clothing,Women'S Wear,Women's Wear Sint,2,14488,0,28976.0,6402.08,Upi,0.0,28976.0,0.0,0.220944229707344,2023,11,23,3,Fall
14843,2024-09-12,Samiha Sarna,North,Delhi,Furniture,Sofa,Sofa Natus,3,23451,0,70353.0,12996.7,Net Banking,0.0,70353.0,0.0,0.1847355478799767,2024,9,12,3,Fall
14844,2025-01-26,Samaira Chokshi,West,Ahmedabad,Groceries,Spices,Spices Minus,1,38675,10,34807.5,4722.05,Credit Card,0.1,34807.5,0.0,0.1356618544853839,2025,1,26,6,winter
14845,2024-10-04,Arnav Gara,East,Bhubaneswar,Furniture,Cabinet,Cabinet Magni,3,79577,5,226794.45,51973.02,Credit Card,0.05,226794.44999999998,2.9103830456733704e-11,0.22916354434599256,2024,10,4,4,Fall
14846,2024-04-21,Riaan Deep,South,Chennai,Beauty,Lipstick,Lipstick Doloribus,1,41181,20,32944.8,2156.95,Debit Card,0.2,32944.8,0.0,0.06547163740559966,2024,4,21,6,Spring
14847,2025-05-30,Mehul Tailor,West,Pune,Groceries,Oil,Oil Ea,4,44063,5,167439.4,38657.43,Net Banking,0.05,167439.4,0.0,0.2308741550674453,2025,5,30,4,Spring
14848,2024-12-07,Nirvi Walla,East,Patna,Beauty,Perfume,Perfume Sint,5,45804,10,206118.0,39846.87,Credit Card,0.1,206118.0,0.0,0.19332067068378309,2024,12,7,5,winter
14849,2024-09-18,Samar Barad,West,Surat,Home Decor,Lamp,Lamp Ad,2,60861,5,115635.9,17034.04,Net Banking,0.05,115635.9,0.0,0.14730754030538962,2024,9,18,2,Fall
14850,2024-06-01,Indranil Bath,North,Jaipur,Beauty,Shampoo,Shampoo Et,3,55124,5,157103.4,21634.02,Cod,0.05,157103.4,0.0,0.13770561299118925,2024,6,1,5,Summer
14851,2025-01-28,Shray Gulati,East,Ranchi,Groceries,Spices,Spices Quibusdam,5,46447,5,220623.25,26911.85,Cod,0.05,220623.25,0.0,0.12198102421209006,2025,1,28,1,winter
14852,2025-02-12,Taran Khalsa,North,Delhi,Sports,Tennis Racket,Tennis Racket Culpa,5,77301,5,367179.75,63169.35,Net Banking,0.05,367179.75,0.0,0.17203930772326087,2025,2,12,2,winter
14853,2024-08-29,Darshit Chakrabarti,North,Jaipur,Clothing,Kids Wear,Kids Wear Exercitationem,5,4582,20,18328.0,2717.3,Cod,0.2,18328.0,0.0,0.1482594936708861,2024,8,29,3,Summer
14854,2025-06-15,Siya Kapur,South,Hyderabad,Clothing,Men'S Wear,Men's Wear Quibusdam,3,1832,15,4671.6,729.37,Net Banking,0.15,4671.599999999999,9.094947017729282e-13,0.15612852127750662,2025,6,15,6,Summer
14855,2024-01-04,Aarush Trivedi,West,Goa,Furniture,Table,Table Molestiae,2,71615,10,128907.0,27444.71,Debit Card,0.1,128907.0,0.0,0.21290317826029617,2024,1,4,3,winter
14856,2025-05-15,Khushi Sidhu,West,Goa,Sports,Dumbbells,Dumbbells Voluptate,4,31223,20,99913.6,13410.54,Debit Card,0.2,99913.6,0.0,0.13422136726131378,2025,5,15,3,Spring
14857,2024-09-15,Shayak Tara,North,Delhi,Beauty,Shampoo,Shampoo Consectetur,2,68678,20,109884.8,7093.77,Upi,0.2,109884.8,0.0,0.06455642636652204,2024,9,15,6,Fall
14858,2024-02-11,Shlok Mander,East,Guwahati,Home Decor,Vase,Vase Minima,5,60317,10,271426.5,29407.84,Credit Card,0.1,271426.5,0.0,0.10834550053145142,2024,2,11,6,winter
14859,2025-09-01,Darshit Taneja,East,Bhubaneswar,Clothing,Accessories,Accessories Quasi,2,14433,5,27422.7,2041.23,Credit Card,0.05,27422.699999999997,3.637978807091713e-12,0.07443577765865506,2025,9,1,0,Fall
14860,2024-07-11,Ehsaan Dhillon,South,Chennai,Kitchen,Refrigerator,Refrigerator Unde,1,43259,0,43259.0,9079.95,Cod,0.0,43259.0,0.0,0.20989736239857604,2024,7,11,3,Summer
14861,2025-06-24,Reyansh Biswas,West,Goa,Kitchen,Cookware Set,Cookware Set Eveniet,1,23349,10,21014.1,2000.53,Credit Card,0.1,21014.100000000002,3.637978807091713e-12,0.0951994137269738,2025,6,24,1,Summer
14862,2023-12-05,Emir Bhatt,North,Jaipur,Kitchen,Juicer,Juicer Modi,1,37721,5,35834.95,6612.44,Upi,0.05,35834.95,0.0,0.1845248842261535,2023,12,5,1,winter
14863,2024-02-21,Tushar Dube,South,Bangalore,Sports,Dumbbells,Dumbbells Totam,1,65644,15,55797.4,8051.95,Upi,0.15,55797.4,0.0,0.14430690318903747,2024,2,21,2,winter
14864,2025-04-08,Kashvi Sharma,South,Coimbatore,Books,Fiction,Fiction Reprehenderit,1,46080,10,41472.0,5203.63,Debit Card,0.1,41472.0,0.0,0.125473331404321,2025,4,8,1,Spring
14865,2024-06-06,Prisha Khurana,North,Amritsar,Home Decor,Wall Art,Wall Art Consequatur,1,73929,0,73929.0,6817.23,Net Banking,0.0,73929.0,0.0,0.09221320456113297,2024,6,6,3,Summer
14866,2025-03-29,Hridaan Bhat,South,Hyderabad,Clothing,Accessories,Accessories Dolore,5,43190,15,183557.5,38477.01,Upi,0.15,183557.5,0.0,0.20961829399506968,2025,3,29,5,Spring
14867,2024-07-24,Zeeshan Tailor,West,Mumbai,Kitchen,Cookware Set,Cookware Set Hic,3,15977,5,45534.45,7330.64,Credit Card,0.05,45534.45,0.0,0.16099107379138214,2024,7,24,2,Summer
14868,2024-01-23,Lakshit Rajagopalan,North,Chandigarh,Clothing,Kids Wear,Kids Wear Nesciunt,1,12909,0,12909.0,1655.08,Upi,0.0,12909.0,0.0,0.12821132543186922,2024,1,23,1,winter
14869,2025-08-07,Aradhya Atwal,South,Thiruvananthapuram,Sports,Cricket Bat,Cricket Bat Quasi,3,61466,5,175178.1,36943.21,Net Banking,0.05,175178.1,0.0,0.2108894319552501,2025,8,7,3,Summer
14870,2024-11-22,Suhana Ratti,West,Mumbai,Kitchen,Mixer Grinder,Mixer Grinder Iusto,4,30607,15,104063.8,9169.02,Upi,0.15,104063.8,0.0,0.08810960199416128,2024,11,22,4,Fall
14871,2023-10-15,Anahi Arya,East,Ranchi,Toys,Action Figure,Action Figure Mollitia,5,61678,5,292970.5,65354.37,Debit Card,0.05,292970.5,0.0,0.22307491709916186,2023,10,15,6,Fall
14872,2024-04-04,Ira Mane,South,Bangalore,Toys,Puzzle,Puzzle Sint,1,30881,0,30881.0,7158.36,Credit Card,0.0,30881.0,0.0,0.23180466953790355,2024,4,4,3,Spring
14873,2024-06-28,Ranbir Kale,South,Hyderabad,Books,Biography,Biography Optio,5,65695,5,312051.25,52303.46,Upi,0.05,312051.25,0.0,0.16761176249093698,2024,6,28,4,Summer
14874,2024-08-21,Shalv Rege,West,Goa,Sports,Dumbbells,Dumbbells Culpa,2,7097,10,12774.6,2747.63,Debit Card,0.1,12774.6,0.0,0.2150854038482614,2024,8,21,2,Summer
14875,2025-06-04,Gokul Ganguly,South,Bangalore,Electronics,Laptop,Laptop Doloremque,3,47931,20,115034.4,26411.38,Upi,0.2,115034.40000000001,1.4551915228366852e-11,0.2295954949128261,2025,6,4,2,Summer
14876,2024-05-18,Shalv Tank,South,Coimbatore,Books,Textbook,Textbook Voluptatibus,1,62448,20,49958.4,6478.4,Net Banking,0.2,49958.4,0.0,0.12967589034076352,2024,5,18,5,Spring
14877,2025-01-16,Zoya Kalla,South,Bangalore,Home Decor,Cushion,Cushion Sint,1,2174,10,1956.6,431.19,Debit Card,0.1,1956.6000000000001,2.2737367544323206e-13,0.2203771849126035,2025,1,16,3,winter
14878,2024-02-14,Renee Bhat,East,Bhubaneswar,Groceries,Oil,Oil Dolorum,4,74949,0,299796.0,35714.75,Credit Card,0.0,299796.0,0.0,0.11913017518579301,2024,2,14,2,winter
14879,2024-06-16,Ishita Kaur,North,Delhi,Toys,Rc Car,RC Car Voluptate,5,25438,10,114471.0,14999.14,Credit Card,0.1,114471.0,0.0,0.1310300425435263,2024,6,16,6,Summer
14880,2023-10-09,Gokul Soman,East,Patna,Toys,Board Game,Board Game Autem,4,69094,5,262557.2,26050.67,Cod,0.05,262557.2,0.0,0.0992190273205229,2023,10,9,0,Fall
14881,2025-06-10,Veer Dugar,East,Ranchi,Toys,Puzzle,Puzzle In,4,2621,10,9435.6,1980.41,Debit Card,0.1,9435.6,0.0,0.20988702361270084,2025,6,10,1,Summer
14882,2024-10-31,Anya Varughese,South,Coimbatore,Toys,Puzzle,Puzzle Autem,5,70553,10,317488.5,40720.64,Debit Card,0.1,317488.5,0.0,0.12825862984013595,2024,10,31,3,Fall
14883,2024-10-21,Vihaan Jayaraman,West,Mumbai,Home Decor,Cushion,Cushion Delectus,1,16818,10,15136.2,3112.38,Debit Card,0.1,15136.2,0.0,0.20562492567487214,2024,10,21,0,Fall
14884,2024-08-13,Nitara Vyas,East,Bhubaneswar,Clothing,Accessories,Accessories Possimus,1,55368,5,52599.6,11449.72,Debit Card,0.05,52599.6,0.0,0.21767694050905328,2024,8,13,1,Summer
14885,2025-03-16,Ayesha Grover,South,Thiruvananthapuram,Clothing,Kids Wear,Kids Wear Temporibus,5,49982,20,199928.0,40239.95,Upi,0.2,199928.0,0.0,0.20127220799487813,2025,3,16,6,Spring
14886,2025-02-25,Mannat Yadav,North,Amritsar,Furniture,Sofa,Sofa Dolor,5,74675,5,354706.25,21695.58,Debit Card,0.05,354706.25,0.0,0.06116492167814918,2025,2,25,1,winter
14887,2025-04-18,Chirag Khalsa,East,Patna,Toys,Rc Car,RC Car Cum,5,65711,20,262844.0,44974.32,Debit Card,0.2,262844.0,0.0,0.1711065118473315,2025,4,18,4,Spring
14888,2023-12-13,Yuvraj  Ramaswamy,East,Guwahati,Groceries,Sugar,Sugar Quia,3,29082,5,82883.7,12361.51,Credit Card,0.05,82883.7,0.0,0.14914283508096285,2023,12,13,2,winter
14889,2025-01-17,Dhanuk Mandal,East,Patna,Sports,Football,Football Sequi,3,27212,20,65308.8,12706.81,Upi,0.2,65308.8,0.0,0.1945650509579107,2025,1,17,4,winter
14890,2024-07-20,Arhaan Sehgal,West,Goa,Groceries,Oil,Oil Magni,4,33161,15,112747.4,21224.25,Cod,0.15,112747.4,0.0,0.1882460260724416,2024,7,20,5,Summer
14891,2023-11-24,Raghav Bhargava,North,Lucknow,Furniture,Table,Table Beatae,3,79423,5,226355.55,37482.7,Debit Card,0.05,226355.55,0.0,0.16559214032967162,2023,11,24,4,Fall
14892,2024-09-30,Vaibhav Lad,West,Goa,Clothing,Accessories,Accessories Alias,2,34933,20,55892.8,4764.82,Upi,0.2,55892.8,0.0,0.08524926287464574,2024,9,30,0,Fall
14893,2024-02-17,Priyansh Kar,South,Coimbatore,Furniture,Sofa,Sofa Doloremque,2,32335,5,61436.5,14426.38,Debit Card,0.05,61436.5,0.0,0.23481773864071032,2024,2,17,5,winter
14894,2025-06-05,Yashvi Brar,East,Guwahati,Beauty,Shampoo,Shampoo Eligendi,3,16749,10,45222.3,8661.13,Debit Card,0.1,45222.3,0.0,0.19152342981228285,2025,6,5,3,Summer
14895,2024-05-17,Divij Lad,West,Goa,Sports,Football,Football Reiciendis,4,52582,0,210328.0,42850.12,Credit Card,0.0,210328.0,0.0,0.20372998364459322,2024,5,17,4,Spring
14896,2024-10-07,Divij Kurian,East,Patna,Groceries,Wheat,Wheat Adipisci,3,15593,15,39762.15,7621.68,Upi,0.15,39762.15,0.0,0.19168178783088943,2024,10,7,0,Fall
14897,2025-09-15,Indrajit Trivedi,West,Surat,Kitchen,Microwave,Microwave Quisquam,5,34728,0,173640.0,26873.07,Upi,0.0,173640.0,0.0,0.15476313061506566,2025,9,15,0,Fall
14898,2024-06-23,Chirag Ram,South,Thiruvananthapuram,Toys,Puzzle,Puzzle Delectus,1,41713,5,39627.35,2407.96,Net Banking,0.05,39627.35,0.0,0.06076510288979708,2024,6,23,6,Summer
14899,2024-01-25,Vivaan Varma,South,Chennai,Kitchen,Juicer,Juicer Dignissimos,5,37107,15,157704.75,23794.68,Upi,0.15,157704.75,0.0,0.15088118778920737,2024,1,25,3,winter
14900,2025-04-02,Jayan Kapoor,West,Ahmedabad,Sports,Tennis Racket,Tennis Racket Esse,3,27635,5,78759.75,15702.86,Credit Card,0.05,78759.75,0.0,0.1993767120896143,2025,4,2,2,Spring
14901,2023-11-28,Shaan Yohannan,East,Kolkata,Home Decor,Cushion,Cushion Quod,3,79468,10,214563.6,14735.15,Upi,0.1,214563.6,0.0,0.0686749756249429,2023,11,28,1,Fall
14902,2023-12-25,Samar Gandhi,West,Ahmedabad,Home Decor,Clock,Clock Recusandae,2,55553,15,94440.1,17734.41,Upi,0.15,94440.09999999999,1.4551915228366852e-11,0.18778474398057604,2023,12,25,0,winter
14903,2025-05-28,Fateh Chaudhari,South,Bangalore,Toys,Puzzle,Puzzle Minus,5,3203,5,15214.25,2757.76,Upi,0.05,15214.25,0.0,0.18126164615409895,2025,5,28,2,Spring
14904,2024-03-30,Vihaan Barad,East,Bhubaneswar,Clothing,Accessories,Accessories Autem,4,41652,0,166608.0,26845.29,Net Banking,0.0,166608.0,0.0,0.16112845721694036,2024,3,30,5,Spring
14905,2024-10-03,Anvi Dhawan,South,Coimbatore,Toys,Board Game,Board Game Assumenda,3,19538,5,55683.3,9759.54,Cod,0.05,55683.299999999996,7.275957614183426e-12,0.1752687071348142,2024,10,3,3,Fall
14906,2024-11-28,Drishya Bawa,South,Coimbatore,Toys,Puzzle,Puzzle Tempora,5,50402,10,226809.0,45459.16,Cod,0.1,226809.0,0.0,0.20042925986182208,2024,11,28,3,Fall
14907,2025-05-18,Kavya Hegde,North,Delhi,Groceries,Spices,Spices Harum,5,35844,0,179220.0,12690.94,Debit Card,0.0,179220.0,0.0,0.07081207454525165,2025,5,18,6,Spring
14908,2023-10-30,Hridaan Kara,South,Thiruvananthapuram,Toys,Puzzle,Puzzle Consequuntur,1,24528,15,20848.8,3135.98,Upi,0.15,20848.8,0.0,0.1504153716281033,2023,10,30,0,Fall
14909,2025-06-10,Lavanya Lata,South,Chennai,Clothing,Shoes,Shoes Ex,1,49323,5,46856.85,8144.1,Upi,0.05,46856.85,0.0,0.17380809849573756,2025,6,10,1,Summer
14910,2023-12-02,Piya Ram,South,Bangalore,Clothing,Men'S Wear,Men's Wear Voluptatibus,5,70522,5,334979.5,44339.83,Upi,0.05,334979.5,0.0,0.13236580148934488,2023,12,2,5,winter
14911,2024-01-31,Dhruv Sagar,South,Hyderabad,Beauty,Face Cream,Face Cream Sapiente,3,52811,10,142589.7,31272.54,Net Banking,0.1,142589.7,0.0,0.21931836591282539,2024,1,31,2,winter
14912,2025-09-25,Saira Yohannan,East,Kolkata,Groceries,Rice,Rice Vitae,5,10020,0,50100.0,11792.98,Credit Card,0.0,50100.0,0.0,0.2353888223552894,2025,9,25,3,Fall
14913,2025-03-21,Miraya Goel,North,Lucknow,Groceries,Rice,Rice Impedit,3,71086,10,191932.2,24958.06,Net Banking,0.1,191932.2,0.0,0.13003581473041,2025,3,21,4,Spring
14914,2024-09-13,Ahana  Basu,South,Hyderabad,Books,Comics,Comics Necessitatibus,3,25826,20,61982.4,10743.52,Debit Card,0.2,61982.4,0.0,0.1733317845065696,2024,9,13,4,Fall
14915,2024-05-01,Hridaan Suresh,South,Hyderabad,Clothing,Men'S Wear,Men's Wear Eligendi,2,51879,5,98570.1,11672.12,Credit Card,0.05,98570.09999999999,1.4551915228366852e-11,0.11841440761447944,2024,5,1,2,Spring
14916,2024-02-01,Pihu Saraf,North,Jaipur,Sports,Dumbbells,Dumbbells Dignissimos,2,26634,10,47941.2,5258.87,Credit Card,0.1,47941.200000000004,7.275957614183426e-12,0.10969416702126772,2024,2,1,3,winter
14917,2025-03-14,Uthkarsh Lal,West,Ahmedabad,Beauty,Shampoo,Shampoo Soluta,1,72563,15,61678.55,3994.0,Cod,0.15,61678.549999999996,7.275957614183426e-12,0.06475508908688676,2025,3,14,4,Spring
14918,2025-07-31,Nirvaan Sehgal,South,Bangalore,Furniture,Cabinet,Cabinet Corrupti,2,47773,5,90768.7,19292.27,Debit Card,0.05,90768.7,0.0,0.2125432004644773,2025,7,31,3,Summer
14919,2024-08-10,Anahi Anne,West,Ahmedabad,Books,Non-Fiction,Non-Fiction Animi,3,26483,20,63559.2,5216.17,Debit Card,0.2,63559.200000000004,7.275957614183426e-12,0.08206789890369923,2024,8,10,5,Summer
14920,2023-10-28,Vedika Bawa,West,Surat,Furniture,Chair,Chair Autem,1,34014,20,27211.2,5656.69,Upi,0.2,27211.2,0.0,0.20788094608102545,2023,10,28,5,Fall
14921,2025-04-06,Saanvi Sankar,East,Bhubaneswar,Clothing,Women'S Wear,Women's Wear Vitae,2,50878,15,86492.6,13014.54,Cod,0.15,86492.59999999999,1.4551915228366852e-11,0.15046998240311887,2025,4,6,6,Spring
14922,2024-08-09,Neysa Sathe,East,Patna,Kitchen,Mixer Grinder,Mixer Grinder Illum,1,35727,15,30367.95,3259.69,Upi,0.15,30367.95,0.0,0.10733981055685353,2024,8,9,4,Summer
14923,2023-11-22,Dhanuk Kibe,North,Delhi,Furniture,Chair,Chair Quisquam,1,25182,15,21404.7,3877.56,Credit Card,0.15,21404.7,0.0,0.18115460623134172,2023,11,22,2,Fall
14924,2025-06-06,Ivana Butala,East,Kolkata,Toys,Action Figure,Action Figure Cum,4,63451,15,215733.4,51503.8,Cod,0.15,215733.4,0.0,0.23873818333183458,2025,6,6,4,Summer
14925,2024-09-12,Ishita Lala,South,Thiruvananthapuram,Furniture,Table,Table Laudantium,1,16942,15,14400.7,2296.08,Upi,0.15,14400.699999999999,1.8189894035458565e-12,0.15944224933510176,2024,9,12,3,Fall
14926,2024-04-17,Taran Ratta,East,Kolkata,Electronics,Mobile,Mobile Commodi,5,14749,15,62683.25,9368.02,Debit Card,0.15,62683.25,0.0,0.1494501322123534,2024,4,17,2,Spring
14927,2024-04-26,Suhana Jayaraman,East,Ranchi,Beauty,Shampoo,Shampoo Dignissimos,2,41805,5,79429.5,7617.55,Debit Card,0.05,79429.5,0.0,0.09590328530331929,2024,4,26,4,Spring
14928,2025-03-18,Baiju Char,East,Patna,Furniture,Chair,Chair Quibusdam,2,33872,15,57582.4,4360.3,Upi,0.15,57582.4,0.0,0.0757227902970352,2025,3,18,1,Spring
14929,2025-06-22,Kiaan Bhatt,South,Chennai,Books,Biography,Biography Magnam,4,41848,5,159022.4,12319.75,Debit Card,0.05,159022.4,0.0,0.07747179013774161,2025,6,22,6,Summer
14930,2024-09-27,Sahil Dalal,East,Guwahati,Furniture,Cabinet,Cabinet Voluptatem,2,47077,15,80030.9,10678.34,Net Banking,0.15,80030.9,0.0,0.133427713545643,2024,9,27,4,Fall
14931,2025-03-14,Arhaan Sarkar,South,Bangalore,Books,Fiction,Fiction Aut,3,59036,10,159397.2,35555.24,Credit Card,0.1,159397.2,0.0,0.2230606309270175,2025,3,14,4,Spring
14932,2024-10-12,Arhaan Ghose,West,Mumbai,Books,Textbook,Textbook Omnis,5,65287,5,310113.25,55673.58,Upi,0.05,310113.25,0.0,0.179526608424503,2024,10,12,5,Fall
14933,2025-03-18,Biju Butala,North,Jaipur,Books,Non-Fiction,Non-Fiction Repellat,4,3146,5,11954.8,2797.54,Credit Card,0.05,11954.8,0.0,0.23400977013417207,2025,3,18,1,Spring
14934,2025-08-05,Anahita Gokhale,North,Amritsar,Kitchen,Juicer,Juicer Eligendi,3,78678,0,236034.0,23564.04,Debit Card,0.0,236034.0,0.0,0.09983324436310023,2025,8,5,1,Summer
14935,2024-11-25,Sana Gour,South,Bangalore,Kitchen,Refrigerator,Refrigerator Alias,5,49869,5,236877.75,23111.35,Credit Card,0.05,236877.75,0.0,0.09756657178650167,2024,11,25,0,Fall
14936,2023-11-19,Yakshit Bala,East,Bhubaneswar,Clothing,Men'S Wear,Men's Wear Sint,2,58836,15,100021.2,16186.19,Credit Card,0.15,100021.2,0.0,0.16182759255037932,2023,11,19,6,Fall
14937,2024-12-28,Urvi Rout,East,Kolkata,Toys,Board Game,Board Game Recusandae,4,33895,15,115243.0,22369.0,Debit Card,0.15,115243.0,0.0,0.1941028956205583,2024,12,28,5,winter
14938,2025-08-20,Kavya Saxena,South,Hyderabad,Sports,Football,Football Animi,4,56219,10,202388.4,34763.43,Net Banking,0.1,202388.4,0.0,0.17176592136703486,2025,8,20,2,Summer
14939,2025-04-18,Lakshay Krish,South,Coimbatore,Home Decor,Lamp,Lamp Vero,4,45595,0,182380.0,14466.17,Debit Card,0.0,182380.0,0.0,0.07931883978506415,2025,4,18,4,Spring
14940,2025-05-12,Shaan Garde,West,Ahmedabad,Books,Comics,Comics Facilis,5,61915,10,278617.5,23888.73,Credit Card,0.1,278617.5,0.0,0.08574023526878247,2025,5,12,0,Spring
14941,2024-07-15,Yakshit Cheema,West,Goa,Beauty,Lipstick,Lipstick Ex,2,14475,5,27502.5,2987.04,Debit Card,0.05,27502.5,0.0,0.10860976274884102,2024,7,15,0,Summer
14942,2024-06-01,Nitara Choudhry,South,Hyderabad,Books,Comics,Comics Architecto,3,42822,10,115619.4,11736.41,Credit Card,0.1,115619.40000000001,1.4551915228366852e-11,0.10150900281440658,2024,6,1,5,Summer
14943,2025-04-12,Nishith Chawla,South,Coimbatore,Home Decor,Wall Art,Wall Art Saepe,1,7306,20,5844.8,518.84,Debit Card,0.2,5844.8,0.0,0.08876950451683548,2025,4,12,5,Spring
14944,2025-06-10,Drishya Goswami,North,Jaipur,Home Decor,Vase,Vase Nobis,5,12820,10,57690.0,3438.44,Net Banking,0.1,57690.0,0.0,0.05960201074709655,2025,6,10,1,Summer
14945,2024-11-29,Veer Bhakta,North,Delhi,Groceries,Spices,Spices Perferendis,2,44786,0,89572.0,10310.84,Upi,0.0,89572.0,0.0,0.11511231188317778,2024,11,29,4,Fall
14946,2024-05-28,Inaaya  Sood,East,Ranchi,Sports,Football,Football Nobis,4,74805,20,239376.0,39450.59,Cod,0.2,239376.0,0.0,0.16480595381324775,2024,5,28,1,Spring
14947,2024-03-02,Dhruv Iyengar,South,Thiruvananthapuram,Home Decor,Lamp,Lamp Accusamus,5,43889,20,175556.0,38290.82,Cod,0.2,175556.0,0.0,0.21811171364123128,2024,3,2,5,Spring
14948,2025-06-12,Trisha Upadhyay,North,Delhi,Furniture,Table,Table Provident,1,33137,20,26509.6,2908.25,Net Banking,0.2,26509.600000000002,3.637978807091713e-12,0.10970554063433624,2025,6,12,3,Summer
14949,2024-10-28,Yakshit Das,North,Delhi,Electronics,Mobile,Mobile Sequi,3,27597,15,70372.35,11550.34,Debit Card,0.15,70372.34999999999,1.4551915228366852e-11,0.16413179323981647,2024,10,28,0,Fall
14950,2025-08-26,Hunar Tak,South,Chennai,Clothing,Accessories,Accessories Alias,3,55062,5,156926.7,31673.48,Cod,0.05,156926.69999999998,2.9103830456733704e-11,0.2018361438811878,2025,8,26,1,Summer
14951,2024-08-18,Tejas Bobal,South,Coimbatore,Beauty,Face Cream,Face Cream Repellendus,4,44338,10,159616.8,12320.3,Cod,0.1,159616.80000000002,2.9103830456733704e-11,0.07718673723567945,2024,8,18,6,Summer
14952,2024-05-26,Neysa Kota,West,Pune,Books,Comics,Comics Ea,5,21796,15,92633.0,4841.67,Upi,0.15,92633.0,0.0,0.05226722658231948,2024,5,26,6,Spring
14953,2025-08-19,Anya Raval,East,Bhubaneswar,Toys,Action Figure,Action Figure Vitae,1,11602,10,10441.8,1760.2,Cod,0.1,10441.800000000001,1.8189894035458565e-12,0.16857246834836906,2025,8,19,1,Summer
14954,2024-10-24,Lakshay Savant,East,Kolkata,Kitchen,Mixer Grinder,Mixer Grinder Nostrum,4,63779,10,229604.4,42507.11,Debit Card,0.1,229604.4,0.0,0.18513194869087876,2024,10,24,3,Fall
14955,2024-12-29,Vihaan Bir,West,Ahmedabad,Furniture,Bed,Bed Occaecati,5,73115,20,292460.0,24552.77,Debit Card,0.2,292460.0,0.0,0.0839525747110716,2024,12,29,6,winter
14956,2024-01-17,Vidur Din,East,Guwahati,Toys,Board Game,Board Game Impedit,2,20162,5,38307.8,4196.91,Upi,0.05,38307.799999999996,7.275957614183426e-12,0.10955758357305821,2024,1,17,2,winter
14957,2024-11-04,Aarna Jhaveri,West,Goa,Toys,Puzzle,Puzzle Veniam,1,50987,15,43338.95,8702.4,Credit Card,0.15,43338.95,0.0,0.20079858879829807,2024,11,4,0,Fall
14958,2025-03-29,Urvi Bhavsar,North,Delhi,Books,Fiction,Fiction Neque,2,11750,5,22325.0,4532.09,Net Banking,0.05,22325.0,0.0,0.2030051511758119,2025,3,29,5,Spring
14959,2024-12-29,Madhup Ganesan,North,Chandigarh,Toys,Board Game,Board Game Sed,2,15985,5,30371.5,5935.88,Net Banking,0.05,30371.5,0.0,0.19544243781176432,2024,12,29,6,winter
14960,2025-07-29,Nakul Mammen,East,Guwahati,Electronics,Camera,Camera Atque,4,12349,5,46926.2,8284.81,Cod,0.05,46926.2,0.0,0.1765497739002945,2025,7,29,1,Summer
14961,2024-10-22,Shlok Rege,West,Pune,Furniture,Chair,Chair Laboriosam,1,56527,0,56527.0,12218.09,Upi,0.0,56527.0,0.0,0.21614608947936384,2024,10,22,1,Fall
14962,2024-04-24,Urvi Mammen,North,Delhi,Clothing,Accessories,Accessories Magnam,5,33926,20,135704.0,8332.39,Cod,0.2,135704.0,0.0,0.061401211460236985,2024,4,24,2,Spring
14963,2024-11-04,Pihu Krishnamurthy,West,Goa,Clothing,Men'S Wear,Men's Wear Voluptatum,1,68926,0,68926.0,9253.66,Upi,0.0,68926.0,0.0,0.13425499811391928,2024,11,4,0,Fall
14964,2025-04-07,Shanaya Chokshi,West,Pune,Groceries,Wheat,Wheat Nostrum,1,29650,15,25202.5,5188.84,Debit Card,0.15,25202.5,0.0,0.20588592401547465,2025,4,7,0,Spring
14965,2024-09-05,Uthkarsh Soman,East,Ranchi,Toys,Puzzle,Puzzle Quaerat,2,4829,0,9658.0,2285.31,Debit Card,0.0,9658.0,0.0,0.23662352453924207,2024,9,5,3,Fall
14966,2025-05-22,Advik Hora,South,Chennai,Toys,Action Figure,Action Figure Sit,1,1071,10,963.9,111.74,Net Banking,0.1,963.9,0.0,0.11592488847390808,2025,5,22,3,Spring
14967,2024-10-27,Pari Anand,West,Surat,Furniture,Sofa,Sofa Quod,4,1337,0,5348.0,1220.47,Credit Card,0.0,5348.0,0.0,0.22821054599850413,2024,10,27,6,Fall
14968,2025-09-17,Ritvik Salvi,North,Chandigarh,Books,Comics,Comics Suscipit,4,42410,0,169640.0,40015.37,Credit Card,0.0,169640.0,0.0,0.23588404857344966,2025,9,17,2,Fall
14969,2025-08-31,Suhana Bail,North,Delhi,Beauty,Face Cream,Face Cream Laborum,1,57884,5,54989.8,2753.58,Net Banking,0.05,54989.799999999996,7.275957614183426e-12,0.050074377429996104,2025,8,31,6,Summer
14970,2023-11-14,Manjari Sachdev,North,Lucknow,Furniture,Sofa,Sofa Mollitia,2,18148,20,29036.8,6983.13,Credit Card,0.2,29036.800000000003,3.637978807091713e-12,0.24049240963191537,2023,11,14,1,Fall
14971,2024-02-20,Kiaan Sur,South,Thiruvananthapuram,Groceries,Rice,Rice Error,3,11415,10,30820.5,3916.08,Net Banking,0.1,30820.5,0.0,0.12706088480070082,2024,2,20,1,winter
14972,2024-06-21,Rania Sura,West,Ahmedabad,Kitchen,Microwave,Microwave Excepturi,4,6060,15,20604.0,2815.48,Credit Card,0.15,20604.0,0.0,0.1366472529605902,2024,6,21,4,Summer
14973,2024-01-09,Manikya Mann,West,Goa,Toys,Doll,Doll Eum,5,44703,0,223515.0,23585.98,Credit Card,0.0,223515.0,0.0,0.10552302977428808,2024,1,9,1,winter
14974,2025-05-08,Aarav Bala,South,Coimbatore,Beauty,Foundation,Foundation Voluptatem,2,71511,10,128719.8,22906.72,Debit Card,0.1,128719.8,0.0,0.17795801422935711,2025,5,8,3,Spring
14975,2024-10-24,Lakshay Bandi,East,Patna,Sports,Football,Football Asperiores,4,28963,5,110059.4,11416.65,Net Banking,0.05,110059.4,0.0,0.10373171214816726,2024,10,24,3,Fall
14976,2025-01-12,Kiaan Zachariah,North,Delhi,Electronics,Camera,Camera Laudantium,3,8636,0,25908.0,4060.42,Net Banking,0.0,25908.0,0.0,0.15672456384128455,2025,1,12,6,winter
14977,2024-07-30,Anahita Dugal,South,Hyderabad,Beauty,Perfume,Perfume Labore,4,10491,5,39865.8,4993.71,Debit Card,0.05,39865.799999999996,7.275957614183426e-12,0.12526300738979274,2024,7,30,1,Summer
14978,2025-01-01,Siya Brahmbhatt,South,Chennai,Kitchen,Mixer Grinder,Mixer Grinder Optio,2,31267,20,50027.2,9670.07,Cod,0.2,50027.200000000004,7.275957614183426e-12,0.19329624684171812,2025,1,1,2,winter
14979,2025-01-29,Aaryahi Chada,North,Chandigarh,Furniture,Cabinet,Cabinet Aperiam,5,53971,15,229376.75,47469.28,Debit Card,0.15,229376.75,0.0,0.20694896060738502,2025,1,29,2,winter
14980,2024-09-07,Oorja Borde,East,Kolkata,Books,Non-Fiction,Non-Fiction Labore,4,60687,0,242748.0,28821.8,Debit Card,0.0,242748.0,0.0,0.11873135926969532,2024,9,7,5,Fall
14981,2024-08-09,Hunar Borra,East,Guwahati,Toys,Board Game,Board Game Rerum,1,36798,5,34958.1,5736.12,Debit Card,0.05,34958.1,0.0,0.16408557673328927,2024,8,9,4,Summer
14982,2024-03-23,Ishita Subramaniam,North,Amritsar,Groceries,Wheat,Wheat Adipisci,2,79696,20,127513.6,15071.89,Cod,0.2,127513.6,0.0,0.11819829414274241,2024,3,23,5,Spring
14983,2024-03-08,Saksham Sur,East,Patna,Kitchen,Mixer Grinder,Mixer Grinder Similique,3,38411,5,109471.35,26491.54,Credit Card,0.05,109471.34999999999,1.4551915228366852e-11,0.24199518869548972,2024,3,8,4,Spring
14984,2025-02-07,Tiya Kamdar,South,Hyderabad,Beauty,Face Cream,Face Cream Magnam,5,40448,5,192128.0,25187.64,Upi,0.05,192128.0,0.0,0.13109822618254496,2025,2,7,4,winter
14985,2025-09-30,Inaaya  Bandi,South,Chennai,Groceries,Sugar,Sugar Excepturi,4,15227,0,60908.0,8627.02,Debit Card,0.0,60908.0,0.0,0.14164017863006503,2025,9,30,1,Fall
14986,2023-10-15,Prerak Raj,East,Guwahati,Home Decor,Vase,Vase Natus,2,1986,15,3376.2,635.51,Cod,0.15,3376.2,0.0,0.1882323322078076,2023,10,15,6,Fall
14987,2025-07-11,Yuvaan Jain,West,Mumbai,Kitchen,Mixer Grinder,Mixer Grinder Exercitationem,4,45208,15,153707.2,9814.52,Cod,0.15,153707.19999999998,2.9103830456733704e-11,0.0638520511726191,2025,7,11,4,Summer
14988,2025-07-05,Priyansh Lata,North,Jaipur,Sports,Cricket Bat,Cricket Bat At,5,60124,20,240496.0,13999.63,Debit Card,0.2,240496.0,0.0,0.05821148792495509,2025,7,5,5,Summer
14989,2024-05-19,Fateh Apte,West,Pune,Toys,Board Game,Board Game Ab,5,25332,5,120327.0,25226.34,Upi,0.05,120327.0,0.0,0.20964820863147923,2024,5,19,6,Spring
14990,2024-01-11,Alisha Lalla,North,Lucknow,Books,Fiction,Fiction Eveniet,1,1227,20,981.6,80.45,Cod,0.2,981.6,0.0,0.08195802770986145,2024,1,11,3,winter
14991,2025-01-12,Aarush Shroff,East,Ranchi,Groceries,Wheat,Wheat Tenetur,2,13640,5,25916.0,1946.69,Credit Card,0.05,25916.0,0.0,0.07511537274270721,2025,1,12,6,winter
14992,2024-09-06,Alisha Malhotra,West,Mumbai,Beauty,Shampoo,Shampoo Magni,3,4930,15,12571.5,1698.86,Net Banking,0.15,12571.5,0.0,0.13513582309191424,2024,9,6,4,Fall
14993,2025-08-18,Bhamini Sarin,North,Delhi,Groceries,Rice,Rice Neque,3,14477,10,39087.9,2939.6,Credit Card,0.1,39087.9,0.0,0.07520485879261868,2025,8,18,0,Summer
14994,2025-03-22,Kavya Lalla,South,Chennai,Furniture,Sofa,Sofa Minus,3,673,0,2019.0,148.32,Credit Card,0.0,2019.0,0.0,0.07346210995542347,2025,3,22,5,Spring
14995,2025-01-06,Hunar Vaidya,North,Amritsar,Sports,Tennis Racket,Tennis Racket Omnis,1,72936,15,61995.6,5224.04,Cod,0.15,61995.6,0.0,0.08426468975217596,2025,1,6,0,winter
14996,2024-06-25,Nishith Kulkarni,East,Kolkata,Books,Fiction,Fiction Veritatis,3,60671,0,182013.0,11853.15,Debit Card,0.0,182013.0,0.0,0.06512254619175553,2024,6,25,1,Summer
14997,2024-12-22,Aaina Chander,North,Jaipur,Toys,Doll,Doll Nulla,5,70048,0,350240.0,31237.23,Credit Card,0.0,350240.0,0.0,0.0891880710370032,2024,12,22,6,winter
14998,2025-04-15,Dhanush Gara,South,Bangalore,Beauty,Lipstick,Lipstick Eaque,1,42162,15,35837.7,7827.5,Debit Card,0.15,35837.7,0.0,0.21841524428185963,2025,4,15,1,Spring
14999,2024-07-08,Divyansh Malhotra,East,Kolkata,Electronics,Smartwatch,Smartwatch Adipisci,4,13568,10,48844.8,6603.86,Credit Card,0.1,48844.8,0.0,0.1352008811582809,2024,7,8,0,Summer
15000,2024-02-04,Aarush Walla,West,Goa,Clothing,Kids Wear,Kids Wear Repellat,1,76762,10,69085.8,5785.85,Net Banking,0.1,69085.8,0.0,0.08374875878979472,2024,2,4,6,winter
